:020000040800F2
:1000000000000A20015400087952000881520008BB
:100010008952000891520008995200085D54000866
:10002000000000000000000000000000A1520008D5
:10003000AF52000800000000BD520008CB5200087B
:100040005D5400085D5400085D5400085D540008CC
:100050005D5400085D5400085D5400085D540008BC
:100060005D5400085D5400085D5400085D540008AC
:100070005D5400085D5400085D5400085D5400089C
:100080005D5400085D5400085D5400085D5400088C
:100090005D5400085D5400085D5400085D5400087C
:1000A0005D5400085D5400085D5400085D5400086C
:1000B0005D5400085D5400085D5400085D5400085C
:1000C0005D5400085D5400085D5400085D5400084C
:1000D000000000005D5400085D5400085D540008F5
:1000E0005D5400085D5400085D5400085D5400082C
:1000F0005D5400085D5400085D5400085D5400081C
:100100005D5400085D5400085D5400085D5400080B
:100110005D5400085D5400085D5400085D540008FB
:100120005D5400085D540008D9520008ED520008E3
:100130005D5400085D5400085D5400085D540008DB
:100140005D5400085D5400085D5400085D540008CB
:100150005D5400085D5400085D5400085D540008BB
:100160005D5400085D5400085D5400085D540008AB
:100170005D5400085D5400085D5400085D5400089B
:100180005D5400085D5400085D5400085D5400088B
:100190005D5400085D5400085D5400085D5400087B
:1001A0005D5400085D5400085D5400085D5400086B
:1001B0005D5400085D5400085D5400085D5400085B
:1001C0005D5400085D5400085D5400085D5400084B
:1001D0005D5400085D5400085D5400085D5400083B
:1001E0005D5400085D5400085D5400085D5400082B
:1001F0005D5400085D5400085D5400085D5400081B
:100200005D5400085D5400085D54000800000000C3
:10021000000000005D540008000000005D5400086C
:100220005D5400085D5400085D5400085D540008EA
:100230005D5400085D5400085D5400085D540008DA
:0C0240005D5400085D5400085D54000887
:10024C0010B5054C237833B9044B13B10448AFF304
:10025C0000800123237010BD60000020000000000E
:10026C00481D010808B5034B1BB103490348AFF304
:10027C00008008BD0000000064000020481D01083B
:10028C0081F0004102E000BF83F0004330B54FEA3B
:10029C0041044FEA430594EA050F08BF90EA020FA8
:1002AC001FBF54EA000C55EA020C7FEA645C7FEA3B
:1002BC00655C00F0E2804FEA5454D4EB5555B8BF5E
:1002CC006D420CDD2C4480EA020281EA030382EACF
:1002DC00000083EA010180EA020281EA0303362D61
:1002EC0088BF30BD11F0004F4FEA01314FF4801C34
:1002FC004CEA113102D0404261EB410113F0004F46
:10030C004FEA03334CEA133302D0524263EB4303FC
:10031C0094EA050F00F0A780A4F10104D5F1200E9A
:10032C000DDB02FA0EFC22FA05F2801841F10001F5
:10033C0003FA0EF2801843FA05F359410EE0A5F1C9
:10034C0020050EF1200E012A03FA0EFC28BF4CF0FA
:10035C00020C43FA05F3C01851EBE37101F00045B0
:10036C0007D54FF0000EDCF1000C7EEB00006EEBBD
:10037C000101B1F5801F1BD3B1F5001F0CD3490847
:10038C005FEA30004FEA3C0C04F101044FEA44529E
:10039C0012F5800F80F09A80BCF1004F08BF5FEA25
:1003AC00500C50F1000041EB045141EA050130BD05
:1003BC005FEA4C0C404141EB0101013C28BFB1F517
:1003CC00801FE9D291F0000F04BF01460020B1FA62
:1003DC0081F308BF2033A3F10B03B3F120020CDA35
:1003EC000C3208DD02F1140CC2F10C0201FA0CF013
:1003FC0021FA02F10CE002F11402D8BFC2F1200C78
:10040C0001FA02F120FA0CFCDCBF41EA0C0190402D
:10041C00E41AA2BF01EB0451294330BD6FEA040476
:10042C001F3C1CDA0C340EDC04F11404C4F1200261
:10043C0020FA04F001FA02F340EA030021FA04F373
:10044C0045EA030130BDC4F10C04C4F1200220FACA
:10045C0002F001FA04F340EA0300294630BD21FA08
:10046C0004F0294630BD94F0000F83F4801306BFCE
:10047C0081F480110134013D4EE77FEA645C18BFC2
:10048C007FEA655C29D094EA050F08BF90EA020F59
:10049C0005D054EA000C04BF1946104630BD91EA51
:1004AC00030F1EBF0021002030BD5FEA545C05D154
:1004BC004000494128BF41F0004130BD14F5800493
:1004CC003CBF01F5801130BD01F0004545F0FE4107
:1004DC0041F470014FF0000030BD7FEA645C1ABF3C
:1004EC00194610467FEA655C1CBF0B46024650EA73
:1004FC00013406BF52EA033591EA030F41F400219F
:10050C0030BD00BF90F0000F04BF0021704730B524
:10051C004FF4806404F132044FF000054FF00001F9
:10052C0050E700BF90F0000F04BF0021704730B5BA
:10053C004FF4806404F1320410F0004548BF40428F
:10054C004FF000013EE700BF42004FEAE2014FEAE4
:10055C0031014FEA02701FBF12F07F4393F07F4FBF
:10056C0081F06051704732F07F4208BF704793F0C2
:10057C007F4F04BF41F40021704730B54FF46074D5
:10058C0001F0004521F000411CE700BF50EA0102D8
:10059C0008BF704730B54FF000050AE050EA010281
:1005AC0008BF704730B511F0004502D5404261EBF1
:1005BC0041014FF4806404F132045FEA915C3FF432
:1005CC00D8AE4FF003025FEADC0C18BF03325FEACF
:1005DC00DC0C18BF033202EBDC02C2F1200300FA80
:1005EC0003FC20FA02F001FA03FE40EA0E0021FAA5
:1005FC0002F11444BDE600BF70B54FF0FF0C4CF493
:10060C00E06C1CEA11541DBF1CEA135594EA0C0F44
:10061C0095EA0C0F00F0DEF82C4481EA030621EA7F
:10062C004C5123EA4C5350EA013518BF52EA0335BA
:10063C0041F4801143F4801338D0A0FB02CE4FF06C
:10064C000005E1FB02E506F00042E0FB03E54FF09C
:10065C000006E1FB03569CF0000F18BF4EF0010E94
:10066C00A4F1FF04B6F5007F64F5407404D25FEA90
:10067C004E0E6D4146EB060642EAC62141EA555143
:10068C004FEAC52040EA5E504FEACE2EB4F1FD0C85
:10069C0088BFBCF5E06F1ED8BEF1004F08BF5FEA03
:1006AC00500E50F1000041EB045170BD06F00046B5
:1006BC0046EA010140EA020081EA0301B4EB5C0462
:1006CC00C2BFD4EB0C0541EA045170BD41F480115A
:1006DC004FF0000E013C00F3AB8014F1360FDEBF7F
:1006EC00002001F0004170BDC4F10004203C35DA5B
:1006FC000C341BDC04F11404C4F1200500FA05F3DE
:10070C0020FA04F001FA05F240EA020001F000427E
:10071C0021F0004110EBD37021FA04F642EB0601F4
:10072C005EEA430E08BF20EAD37070BDC4F10C041E
:10073C00C4F1200500FA04F320FA05F001FA04F2E2
:10074C0040EA020001F0004110EBD37041F10001CE
:10075C005EEA430E08BF20EAD37070BDC4F12005D9
:10076C0000FA05F24EEA020E20FA04F301FA05F241
:10077C0043EA020321FA04F001F0004121FA04F2E9
:10078C0020EA020000EBD3705EEA430E08BF20EAB9
:10079C00D37070BD94F0000F0FD101F000464000F3
:1007AC0041EB010111F4801F08BF013CF7D041EA75
:1007BC00060195F0000F18BF704703F00046520079
:1007CC0043EB030313F4801F08BF013DF7D043EA4A
:1007DC000603704794EA0C0F0CEA135518BF95EA00
:1007EC000C0F0CD050EA410618BF52EA4306D1D187
:1007FC0081EA030101F000414FF0000070BD50EAA6
:10080C00410606BF1046194652EA430619D094EA2F
:10081C000C0F02D150EA013613D195EA0C0F05D119
:10082C0052EA03361CBF104619460AD181EA03016D
:10083C0001F0004141F0FE4141F470014FF0000025
:10084C0070BD41F0FE4141F4780170BD70B54FF0C0
:10085C00FF0C4CF4E06C1CEA11541DBF1CEA135540
:10086C0094EA0C0F95EA0C0F00F0A7F8A4EB050422
:10087C0081EA030E52EA03354FEA013100F0888019
:10088C004FEA03334FF0805545EA131343EA1263E2
:10089C004FEA022245EA111545EA10654FEA002697
:1008AC000EF000419D4208BF964244F1FD0404F550
:1008BC00407402D25B084FEA3202B61A65EB0305AC
:1008CC005B084FEA32024FF480104FF4002CB6EB69
:1008DC00020E75EB030E22BFB61A754640EA0C00E9
:1008EC005B084FEA3202B6EB020E75EB030E22BF29
:1008FC00B61A754640EA5C005B084FEA3202B6EB6A
:10090C00020E75EB030E22BFB61A754640EA9C0028
:10091C005B084FEA3202B6EB020E75EB030E22BFF8
:10092C00B61A754640EADC0055EA060E18D04FEAB6
:10093C00051545EA16754FEA06164FEAC30343EA56
:10094C0052734FEAC2025FEA1C1CC0D111F4801F23
:10095C000BD141EA00014FF000004FF0004CB6E71C
:10096C0011F4801F04BF01430020B4F1FD0C88BFBB
:10097C00BCF5E06F3FF6AFAEB5EB030C04BFB6EBC6
:10098C00020C5FEA500C50F1000041EB045170BDB9
:10099C000EF0004E4EEA113114EB5C04C2BFD4EBE6
:1009AC000C0541EA045170BD41F480114FF0000E6A
:1009BC00013C90E645EA060E8DE60CEA135594EAE6
:1009CC000C0F08BF95EA0C0F3FF43BAF94EA0C0FE9
:1009DC000AD150EA01347FF434AF95EA0C0F7FF45E
:1009EC0025AF104619462CE795EA0C0F06D152EAB2
:1009FC0003353FF4FDAE1046194622E750EA410696
:100A0C0018BF52EA43067FF4C5AE50EA41047FF4A6
:100A1C000DAF52EA43057FF4EBAE12E74FEA410209
:100A2C00B2F1E04324BFB3F5001CDCF1FE5C0DD940
:100A3C0001F0004C4FEAC0024CEA5070B2F1004F8A
:100A4C0040EB830008BF20F00100704711F0804F8D
:100A5C0021D113F13872BCBF01F00040704741F452
:100A6C0080114FEA5252C2F11802C2F1200C10FA56
:100A7C000CF320FA02F018BF40F001004FEAC1233A
:100A8C004FEAD32303FA0CFC40EA0C0023FA02F3DE
:100A9C004FEA4303CCE77FEA625307D150EA0133B4
:100AAC001EBF4FF0FE4040F44000704701F0004084
:100ABC0040F0FE4040F40000704700BF53B94AB903
:100ACC00002908BF00281CBF4FF0FF314FF0FF304A
:100ADC0000F0B0B9ADF1080C6DE904CE00F006F8E9
:100AEC00DDF804E0DDE9022304B070472DE9F04F96
:100AFC00099D884604468E46002B4AD18A421746E9
:100B0C005FD9B2FA82F64EB1C6F1200301FA06FEA5
:100B1C00B740B44020FA03F343EA0E0E4FEA1748ED
:100B2C001FFA87FC230CBEFBF8F108FB11EE01FB4E
:100B3C000CF243EA0E439A4207D9FB1801F1FF303D
:100B4C0002D29A4200F2548101469B1AA2B2B3FB24
:100B5C00F8F008FB103300FB0CFC42EA034294450E
:100B6C000BD9BA1800F1FF332CBF01240024944593
:100B7C0002D9002C00F03F81184640EA0140A2EB5C
:100B8C000C0200211DB1F2400023C5E90023BDE891
:100B9C00F08F8B4205D90DB1C5E900010021084643
:100BAC00F5E7B3FA83F100294ED14345C0F0128129
:100BBC00824240F20F810846002DE8D0C5E9004E74
:100BCC00E5E7002A00F0AC80B2FA82F6002E40F085
:100BDC00BB808B1A4FEA124EBCB20121020C80B2C0
:100BEC00B3FBFEFC0EFB1C3342EA034304FB0CF28A
:100BFC009A420ED9FB180CF1FF382CBF4FF00109AB
:100C0C004FF000099A4203D9B9F1000F00F0EC80C3
:100C1C00C4469B1AB3FBFEF80EFB183304FB08F416
:100C2C0040EA034294420BD9BA1808F1FF332CBFA7
:100C3C0001200020944202D9002800F0D18098466F
:100C4C00121B48EA0C409DE7C1F120068B4008FAC4
:100C5C0001F400FA01F922FA06F728FA06F88A409C
:100C6C001F4320FA06F3380C23431FFA87FC1C0C95
:100C7C00B8FBF0FE00FB1E8844EA08440EFB0CF89F
:100C8C00A0450ED93C190EF1FF3A2CBF4FF0010BC9
:100C9C004FF0000BA04503D9BBF1000F00F0B8805A
:100CAC00D646A4EB08041FFA83F8B4FBF0F300FB60
:100CBC00134403FB0CFC48EA0444A4450ED93C192C
:100CCC0003F1FF302CBF4FF001084FF00008A44592
:100CDC0003D9B8F1000F00F09F80034643EA0E40A1
:100CEC00A4EB0C04A0FB02EC64457346E04602D373
:100CFC0007D1F14505D2BEEB02036CEB070C0138B2
:100D0C00E0465DB1B9EB030264EB080404FA06F6A5
:100D1C0022FA01F3CC401E43C5E90064002136E7FA
:100D2C00B1FBF2FC010C144680B2964641EA084134
:100D3C002026904640EA01431046B1FBF2F1A3EBAA
:100D4C00080341EA0C414BE7B740C6F1200301FA16
:100D5C0006F221FA03F84FEA174E20FA03F3BCB25D
:100D6C00B0401343020C190C80B2B8FBFEF90EFB19
:100D7C00198841EA084109FB04F8884551D97918CA
:100D8C0009F1FF3C2CBF4FF0010A4FF0000A8845D7
:100D9C0002D9BAF1000F31D0A1EB0801B1FBFEF979
:100DAC0009FB04F80EFB19119BB243EA01434345BE
:100DBC0035D2FB1809F1FF312CBF4FF0010A4FF06F
:100DCC00000A4345BBD2BAF1000FB8D1A9F1020118
:100DDC003B44B4E7841A68EB030201209646EBE629
:100DEC003A44A8F102082BE7ACF1020C3B4410E7A3
:100DFC0002393B44A9E63A440238BEE6A7EB0808A0
:100E0C00A9F1020C4144B1FBFEF909FB04F8C9E756
:100E1C00AEF1020E3C4444E7023B3C445EE74946DB
:100E2C008DE7A1EB0801CC46B1FBFEF909FB04F8F8
:100E3C00B8E700BF704700BF80B584B000AF7860E2
:100E4C000023BB737968012000F0FEF90346FB73A5
:100E5C0097F90F30002B1FD17B685B697A68526859
:100E6C00114640F6B830984707F10E017B68012215
:100E7C00402000F043F80346FB7397F90F30002B2A
:100E8C000AD1BB7B322B07D1BA7B7B681A7078688E
:100E9C0000F014FA0346FB7397F90F30184610371D
:100EAC00BD4680BD90B587B000AFB9607A603B603D
:100EBC000346FB73386800F0A3F90346FB7597F9FA
:100ECC001730002B12D1BB68002B0FD07B68002B86
:100EDC000CD03B681C693B685B68F87B7A68B96826
:100EEC00A04703461A463B681A7201E0FF23FB75C4
:100EFC0097F9173018461C37BD4690BD90B587B092
:100F0C0000AFB9607A603B600346FB73386800F051
:100F1C0077F90346FB7597F91730002B17D1BB688F
:100F2C00002B14D03B685B78012B03D0FB7B63F068
:100F3C007F03FB733B68DC683B685B68F87B7A6813
:100F4C00B968A04703461A463B681A7201E0FF23B2
:100F5C00FB7597F9173018461C37BD4690BD00003D
:100F6C0080B584B000AF78603960386800F048F91B
:100F7C000346FB7397F90F30002B55D17B685B78D8
:100F8C00BB73BB7B042B47D801A252F823F000BFE4
:100F9C00B10F0008D30F000825100008F50F00084A
:100FAC0017100008386800F049FA0346FB7397F9EC
:100FBC000F30002B33D1BB7B3968184600F00CFA8C
:100FCC000346FB732BE0386800F038FA0346FB73DA
:100FDC0097F90F30002B24D1BB7B3968184600F0F1
:100FEC00FBF90346FB731CE0386800F027FA034654
:100FFC00FB7397F90F30002B15D1BB7B3968184662
:10100C0000F0EAF90346FB730DE03968002000F0AC
:10101C001BF90346FB7307E0FD23FB7304E000BFE1
:10102C0002E000BF00E000BF97F90F301846103700
:10103C00BD4680BD80B584B000AF7860396038683B
:10104C0000F0DEF80346FB7397F90F30002B54D1F8
:10105C007B685B79BB73BB7B013B032B4AD801A23A
:10106C0052F823F081100008A1100008C1100008EC
:10107C00E11000087B6800229A707B680122DA700C
:10108C007B6801221A713968786800F05DFA0346B2
:10109C00FB7332E07B6800229A707B680422DA7062
:1010AC007B6807221A713968786800F04DFA03469C
:1010BC00FB7322E07B6805229A707B681722DA703A
:1010CC007B6829221A713968786800F03DFA03466A
:1010DC00FB7312E07B6800229A707B680722DA703F
:1010EC007B680D221A713968786800F02DFA034676
:1010FC00FB7302E0FD23FB7300BF97F90F3018461A
:10110C001037BD4680BD00BF80B588B000AF786099
:10111C00396007F1140300221A605A6007F11401B8
:10112C003B6808224220FFF7E9FE0346FB7797F95C
:10113C001F30002B5ED13B7DDB08DBB23B757B7D2A
:10114C005BB29BB25B019BB2BB833B7D1AB2BB8B88
:10115C0013431BB2BB81BB7DDB08DBB2BB75FB7DD4
:10116C005BB29BB25B019BB2BB83BB7D1AB2BB8BE8
:10117C0013431BB2FB813B7E5B08DBB23B767B7E71
:10118C005BB29BB2DB019BB2BB833B7E1AB2BB8BC7
:10119C0013431BB23B82BB7E9B08DBB2BB76FB7E50
:1011AC001BB29B011AB2BB7E1BB213431BB29BB288
:1011BC007B82B7F90C30798A3A68184600F0E9F965
:1011CC0003461A467B681A80B7F90E30798A3A685A
:1011DC00184600F070FA03461A467B685A80B7F935
:1011EC001030798A3A68184600F0F6FA03461A4627
:1011FC007B689A8097F91F3018462037BD4680BD12
:10120C0080B485B000AF78607B68002B0FD07B6812
:10121C00DB68002B0BD07B681B69002B07D07B682D
:10122C005B69002B03D07B685B68002B02D1FF232A
:10123C00FB7301E00023FB7397F90F30184614374A
:10124C00BD465DF8047B704780B584B000AF0346A3
:10125C003960FB710023BB7307F10E013B6801225F
:10126C004B20FFF74BFE0346FB7397F90F30002B17
:10127C001ED1BB7B5BB223F001035AB297F9073046
:10128C0003F001035BB213435BB2DBB2BB7307F138
:10129C000E013B6801224B20FFF704FE0346FB7353
:1012AC0097F90F30002B03D13B68FA7983F82A2089
:1012BC0097F90F3018461037BD4680BD80B588B001
:1012CC0000AF786000233B8300237B6107F10803A8
:1012DC0000221A605A601A810023BB8307F118019F
:1012EC007B6802225D20FFF709FE0346FB7797F926
:1012FC001F30002B6AD107F114017B680422622095
:10130C00FFF7FCFD0346FB7797F91F30002B5DD1EF
:10131C0007F108017B680A226820FFF7EFFD0346FE
:10132C00FB7797F91F30002B50D13B7E5AB27B686C
:10133C001A767B7E5AB27B685A76BB7D5AB27B6832
:10134C009A76FB7D5AB27B68DA76FB7A1B02BB83FA
:10135C00BB7A1A46BB8B13439AB27B689A837B7A0F
:10136C001B02BB833B7A1A46BB8B13439BB21AB24C
:10137C007B68DA83FB7B1B02BB83BB7B1A46BB8B74
:10138C0013439BB21AB27B681A847B7D1B02BB830E
:10139C003B7D1A46BB8B13439BB21AB27B685A84B3
:1013AC007A7C7B6883F824203B7C5AB27B6883F878
:1013BC0025207B7B1B029BB203F4FE43BB833B7B50
:1013CC001A46BB8B13439AB27B68DA8497F91F30A9
:1013DC0018462037BD4680BD80B584B000AF0346AB
:1013EC003960FB7107F10E013B6801224C20FFF7BD
:1013FC0085FD0346FB7397F90F30002B18D1BB7B8F
:10140C005BB223F006035AB297F907305B005BB26C
:10141C0003F006035BB213435BB2DBB2BB7307F1A1
:10142C000E013B6801224C20FFF73CFD0346FB7389
:10143C0097F90F3018461037BD4680BD80B584B083
:10144C0000AF78607868FFF7DBFE0346FB7397F913
:10145C000F30002B12D17B6893F82A30002B0DD162
:10146C0079680120FFF7F0FE0346FB737B685B692C
:10147C007A685268114640F6B830984797F90F30A1
:10148C0018461037BD4680BD80B584B000AF78607B
:10149C0039607B68DB78BB7307F10E013B68012276
:1014AC005120FFF7FFFC0346FB7397F90F301846EA
:1014BC001037BD4680BD80B584B000AF7860396010
:1014CC007B681B79BB7307F10E013B68012252202C
:1014DC00FFF7E8FC0346FB7397F90F3018461037FB
:1014EC00BD4680BD80B584B000AF7860396007F12F
:1014FC000E013B6801224C20FFF700FD0346FB73F5
:10150C0097F90F30002B19D1BB7B5BB223F038035A
:10151C005AB27B689B785BB2DB005BB203F038039A
:10152C005BB213435BB2DBB2BB7307F10E013B68DA
:10153C0001224C20FFF7B6FC0346FB7397F90F30E2
:10154C0018461037BD4680BD80B584B000AF7860BA
:10155C00396039687868FFF7C5FF0346FB7397F964
:10156C000F30002B0FD139687868FFF78DFF0346D9
:10157C00FB7397F90F30002B05D139687868FFF7AA
:10158C009AFF0346FB7397F90F3018461037BD4688
:10159C0080BD80B48FB000AF03463A60FB800B4631
:1015AC00BB800023BB86B7F9063013F5805F77D07C
:1015BC00BB88002B02D0BB88BB8609E03B68DB8C68
:1015CC00002B03D03B68DB8CBB8601E00023BB8681
:1015DC00BB8E002B60D03B68DB8C9B033B63BB8ECC
:1015EC003A6B92FBF3F39BB2A3F58043FB85FB8D27
:1015FC00FB86B7F93630B7F9362002FB03F3BB6232
:10160C003B6893F925301A46BB6A002B00DA7F330E
:10161C00DB1102FB03F37B623B6893F82430DB01A4
:10162C003B62B7F936203B6A02FB03F3FB617A6A33
:10163C00FB691344002B01DA03F2FF135B1203F571
:10164C008013BB613B6893F91A30A0337B61BB6993
:10165C007A6902FB03F3002B01DA03F6FF731B1309
:10166C003B61B7F906203B6902FB03F3FB60FB68A7
:10167C00002B02DA03F5FF531F335B13FB86B7F91C
:10168C0036203B6893F91830DB001344002B00DA4A
:10169C000F331B11FB8606E04FF40043FB8602E080
:1016AC004FF40043FB86B7F9363018463C37BD463D
:1016BC005DF8047B704780B48DB000AF03463A6090
:1016CC00FB800B46BB800023BB85B7F9063013F5B6
:1016DC00805F75D0BB88002B02D0BB88BB8509E02E
:1016EC003B68DB8C002B03D03B68DB8CBB8501E0BB
:1016FC000023BB85BB8D002B5ED03B68DB8C9A0333
:10170C00BB8D92FBF3F3BB62BB6A9BB2A3F5804328
:10171C00FB84FB8CFB85B7F92E30B7F92E2002FB2E
:10172C0003F33B623B6893F925301A463B6A002B66
:10173C0000DA7F33DB1102FB03F3FB613B6893F8A8
:10174C002430DB01BB61B7F92E30BA6903FB02F21E
:10175C00FB691344002B01DA03F2FF135B127B616C
:10176C003B6893F91B30A0333B617B6903F5801315
:10177C003A6902FB03F3002B01DA03F6FF731B1328
:10178C00FB60B7F90620FB6802FB03F3BB60BB6888
:10179C00002B02DA03F5FF531F335B13FB85B7F9FC
:1017AC002E203B6893F91930DB001344002B00DA30
:1017BC000F331B11FB8506E04FF40043FB8502E061
:1017CC004FF40043FB85B7F92E3018463437BD462D
:1017DC005DF8047B7047000080B489B000AF03460D
:1017EC003A60FB800B46BB80B7F9063013F5804F8F
:1017FC0062D03B68B3F91E30002B5AD03B689B8BF0
:10180C00002B56D0BB88002B53D03B68DB8C002BB5
:10181C004FD03B68DB8CBA88D31A9BB27B833B6876
:10182C00B3F920301A46B7F91A3002FB03F3002B38
:10183C0000DA03339B107B61B7F906303A68B2F9D2
:10184C0022209B1ADB033B613B689B8B1A46B7F942
:10185C0004305B0002FB03F3FB60FB6803F5004301
:10186C00002B02DA03F57F43FF331B147B813A69AB
:10187C007B69D21A3B68B3F91E301946B7F90A30A6
:10188C000B4492FBF3F3FB61FB69B3F5004F03DBF5
:10189C0047F6FF73FB6105E0FB6913F5004F01DCB4
:1018AC000A4BFB61FB69002B00DA0F331B11FB6148
:1018BC0004E0074BFB6101E0054BFB61FB691BB2CC
:1018CC0018462437BD465DF8047B70470180FFFF46
:1018DC000080FFFF80B584B000AF78600023FB73FD
:1018EC00786800F049FB0346FB7397F90F30002B27
:1018FC0036D17B6800221A707B685B7D002B08D187
:10190C0007F10E017B680122012000F02FF803463D
:10191C00FB7397F90F30002B22D107F10D017B6877
:10192C000122012000F022F80346FB7397F90F30D7
:10193C00002B15D17B7B002B05D0786800F05CFB6D
:10194C000346FB7301E0FC23FB7397F90F30002B6C
:10195C0006D17B7B7968184600F030FB0346FB739D
:10196C0097F90F3018461037BD4680BD90B587B03B
:10197C0000AFB9607A603B600346FB730023FB75D4
:10198C00386800F0F9FA0346FB7597F91730002B0D
:10199C001ED1BB68002B1BD03B685B7D002B03D199
:1019AC00FB7B63F07F03FB733B689C683B685B6865
:1019BC00F87B7A68B968A04703461A463B681A75E3
:1019CC003B6893F91430002B04D0FE23FB7501E027
:1019DC00FF23FB7597F9173018461C37BD4690BD91
:1019EC0090B587B000AFB9607A603B600346FB737B
:1019FC000023FB750023BB75386800F0BDFA034665
:101A0C00FB7597F91730002B40D1BB68002B3DD0EC
:101A1C003B685B7D002B1DD13B68DC68FA7BBB7D92
:101A2C001344D8B2BB7DBA68D1183B685B680122FD
:101A3C00A04703461A463B681A75BB7D0133BB753C
:101A4C00BB7D7A689A4219D93B6893F91430002B04
:101A5C00E2D013E03B685B7D012B03D03B685B7DE0
:101A6C00022B0BD13B68DC683B685B68F87B7A68BF
:101A7C00B968A04703461A463B681A753B6893F948
:101A8C001430002B04D0FE23FB7501E0FF23FB7503
:101A9C0097F9173018461C37BD4690BD80B584B0F9
:101AAC0000AF786039600023FB737B68002B3FD05C
:101ABC0007F10C013B6801223720FFF757FF034663
:101ACC00FB7397F90F30002B34D13B7B03F00303EE
:101ADC00BB73BB7B032B28D801A252F823F000BFA9
:101AEC00FD1A00081F1B0008271B00082F1B0008ED
:101AFC003B7BDB097B737B7B002B06D139687868D9
:101B0C0000F0A1FA0346FB7314E07B6800221A7004
:101B1C0010E07B6801221A700CE07B6802221A70BC
:101B2C0008E07B6803221A7004E0F923FB7301E0E0
:101B3C00FF23FB7397F90F3018461037BD4680BD55
:101B4C0080B584B000AF03463960FB710023FB7392
:101B5C0007F10E0339681846FFF7A0FF0346FB7325
:101B6C0097F90F30002B37D1BB7B002B11D0396884
:101B7C00002000F026FB0346FB7397F90F30002B77
:101B8C0007D13B681B693A685268114640F6C4108D
:101B9C00984797F90F30002B1ED1FB79042B09D0F5
:101BAC00042B15DC002B16D0002B11DB013B022B78
:101BBC000ED805E0386800F095FA0346FB730BE08D
:101BCC00FB793968184600F0FCFA0346FB7303E016
:101BDC00F923FB7300E000BF97F90F30184610375C
:101BEC00BD4680BD80B58AB000AFF860B9607A6040
:101BFC00002387F8273007F1100300221A609A801F
:101C0C00FB68002B02D0BB68002B03D1FF2387F8A5
:101C1C00273054E007F110017B6806221D20FFF7E6
:101C2C00A5FE034687F8273097F92730002B46D1BD
:101C3C00BB7C1A047B7C1B0213433A7C1343FB6171
:101C4C00FB6903F40003002B04D0FB6943F07F43D2
:101C5C003B6201E0FB693B62386AFEF763FC4FF0C4
:101C6C0000021A4BFEF7F2FD02460B4610461946CF
:101C7C00FEF7D4FE0246FB685A60BB689B78012BCA
:101C8C0019D17B7D1A043B7D1B021343FA7C134351
:101C9C00BB61B869FEF736FC4FF000020C4BFEF747
:101CAC00D5FD02460B4610461946FEF7B7FE024616
:101CBC00FB681A6003E0FB684FF000021A6097F9AA
:101CCC00273018462837BD4680BD00BF0000F040C5
:101CDC000000504080B584B000AF786039600023BC
:101CEC00FB737B68002B2BD007F10C013B680222A5
:101CFC003620FFF73BFE0346FB7397F90F30002BA2
:101D0C0020D13B7B03F00703DAB27B681A703B7B74
:101D1C00DB10DBB203F00703DAB27B685A703B7B53
:101D2C009B11DBB203F00103DAB27B689A707B7B08
:101D3C009B10DBB203F01F03DAB27B68DA7001E0B0
:101D4C00FF23FB7397F90F3018461037BD4680BD43
:101D5C0080B584B000AF786039600023FB7300233A
:101D6C00BB817B68002B65D07B68DB78172B04D894
:101D7C00386800F05DFA0346FB7397F90F30002BBF
:101D8C005AD107F10C013B6802223620FFF7EEFD19
:101D9C000346FB7397F90F30002B4DD13B7B5BB2A5
:101DAC0023F007035AB27B681B785BB203F007037E
:101DBC005BB213435BB2DBB23B733B7B5BB223F096
:101DCC0038035AB27B685B785BB2DB005BB203F022
:101DDC0038035BB213435BB2DBB23B733B7B5BB24E
:101DEC0023F040035AB27B689B785BB29B015BB2D9
:101DFC0003F040035BB213435BB2DBB23B737B7B00
:101E0C005BB223F07C035AB27B68DB785BB29B003D
:101E1C005BB203F07C035BB213435BB2DBB27B734C
:101E2C0007F10C013B6802223620FFF7D9FD03466F
:101E3C00FB7301E0FF23FB7397F90F301846103743
:101E4C00BD4680BD80B584B000AF7860396000239A
:101E5C00FB737B68002B33D007F10C013B6802222B
:101E6C003020FFF783FD0346FB7397F90F30002BEF
:101E7C0028D13B7BDB10DBB203F00103DAB27B68C9
:101E8C009A703B7B5B11DBB203F00103DAB27B6827
:101E9C00DA703B7B9B10DBB203F00103DAB27B6898
:101EAC001A717B7B03F00703DAB27B681A707B7BB9
:101EBC00DB10DBB203F00703DAB27B685A7001E087
:101ECC00FF23FB7397F90F3018461037BD4680BDC2
:101EDC0080B584B000AF786039600023FB737B68F9
:101EEC00002B41D07B681B78002B03D17B685B787F
:101EFC00002B04D0386800F09BF90346FB7397F96C
:101F0C000F30002B32D107F10E0339681846FFF75A
:101F1C00C5FD0346FB7397F90F30002B26D1BB7B15
:101F2C00002B05D039680020FFF70AFE0346FB732F
:101F3C0097F90F30002B05D13968786800F099F9C2
:101F4C000346FB7397F90F30002B0FD1BB7B002B93
:101F5C000CD0BB7B042B09D0BB7B39681846FFF730
:101F6C00EFFD0346FB7301E0FF23FB7397F90F3082
:101F7C0018461037BD4680BD80B485B000AF786080
:101F8C000023FB737B68002B0BD07B689B68002BBA
:101F9C0007D07B68DB68002B03D07B681B69002BA8
:101FAC0002D1FF23FB7301E00023FB7397F90F3081
:101FBC0018461437BD465DF8047B704780B485B075
:101FCC0000AF03463960FB710023FB73FB79502B88
:101FDC0002D0FB79512B05D13B68FA791A7000239A
:101FEC00FB7301E0FD23FB7397F90F301846143790
:101FFC00BD465DF8047B704780B584B000AF786057
:10200C000023FB7307F10E037968184600F0A7F95B
:10201C000346FB7397F90F30002B0ED1BB7B03F0FB
:10202C000203002B07D0BB7B03F00403002B02D16F
:10203C000023FB7301E0FB23FB7397F90F30184669
:10204C001037BD4680BD80B586B000AF7860396072
:10205C000023FB750023BB7507F1100300221A60E7
:10206C001A710023FB6007F116013B68012218204E
:10207C00FFF77CFC0346FB7597F91730002B18D142
:10208C00BB7D03F00303DBB2BB7507F10C033968AE
:10209C001846FFF71FFE0346FB7597F91730002B08
:1020AC0007D107F1100339681846FFF7CBFE03463A
:1020BC00FB7597F91730002B0ED1FB7B182B0BD926
:1020CC00BB7D002B08D13B7C002B05D17B7C002BEE
:1020DC0002D17B6804221A7097F91730184618370A
:1020EC00BD4680BD80B584B000AF78600023FB7323
:1020FC0007F10E017B6801223720FFF737FC0346FE
:10210C00FB7397F90F30002B55D1BB7B03F07F038A
:10211C00DBB2BB73BB7B5BB223F07C035BB243F0E3
:10212C0070035BB2DBB2BB7307F10E017B6801225B
:10213C003720FFF755FC0346FB7397F90F30002B44
:10214C001AD107F10E017B6801223120FFF70EFC3A
:10215C000346FB7397F90F30002B0DD1BB7B23F09B
:10216C003F03DBB2BB7307F10E017B680122312008
:10217C00FFF736FC0346FB7397F90F30002B1AD18F
:10218C0007F10E017B6801221820FFF7EFFB0346D5
:10219C00FB7397F90F30002B0DD1BB7B23F003039E
:1021AC00DBB2BB7307F10E017B6801221820FFF72D
:1021BC0017FC0346FB7397F90F3018461037BD46D2
:1021CC0080BD80B584B000AF03463960FB7100233D
:1021DC00FB7307F10E013B6801223720FFF7C6FBAA
:1021EC000346FB7397F90F30002B1BD1BB7B63F0BD
:1021FC007F03DBB2BB73BB7B5BB223F003035AB22E
:10220C0097F9073003F003035BB213435BB2DBB205
:10221C00BB7307F10E013B6801223720FFF7E0FB8F
:10222C000346FB7397F90F3018461037BD4680BD37
:10223C0080B584B000AF78600023FB7307F10E0308
:10224C0079681846FFF72AFC0346FB7397F90F30A1
:10225C00002B08D1BB7B042B05D179680020FFF73C
:10226C006FFC0346FB7397F90F3018461037BD46C9
:10227C0080BD80B584B000AF786039600023FB73FB
:10228C0007F10C013B6802223020FFF76FFB03467D
:10229C00FB7397F90F30002B5BD13B7B5BB223F0C8
:1022AC0008035AB27B689B785BB2DB005BB203F02D
:1022BC0008035BB213435BB2DBB23B733B7B5BB299
:1022CC0023F020035AB27B68DB785BB25B015BB214
:1022DC0003F020035BB213435BB2DBB23B733B7B7B
:1022EC005BB223F004035AB27B681B795BB29B0090
:1022FC005BB203F004035BB213435BB2DBB23B7320
:10230C007B7B5BB223F007035AB27B681B785BB212
:10231C0003F007035BB213435BB2DBB27B737B7BD3
:10232C005BB223F038035AB27B685B785BB2DB009C
:10233C005BB203F038035BB213435BB2DBB27B736B
:10234C0007F10C013B6802223020FFF749FB0346E2
:10235C00FB7397F90F3018461037BD4680BD80B51A
:10236C0084B000AF786039600023FB737B68002B6E
:10237C0008D03B68012279682820FFF7F7FA03465A
:10238C00FB7301E0FF23FB7397F90F3018461037EE
:10239C00BD4680BD80B483B000AF78607B681B689D
:1023AC0043F001027B681A6000BF0C37BD465DF834
:1023BC00047B704780B483B000AF78607B681B6887
:1023CC0023F001027B681A6000BF0C37BD465DF834
:1023DC00047B704780B483B000AF786039607B6851
:1023EC005B681B0C1B043A681A437B685A6000BF7D
:1023FC000C37BD465DF8047B704780B483B000AFEA
:10240C0078607B681B6843F400727B681A6000BFBD
:10241C000C37BD465DF8047B704780B483B000AFC9
:10242C00786039607B68DB6823F460123B681A4380
:10243C007B68DA6000BF0C37BD465DF8047B7047E3
:10244C0080B483B000AF786039607B689B6823F4FC
:10245C00F0723B681A437B689A6000BF0C37BD462C
:10246C005DF8047B704780B483B000AF78607B6804
:10247C00DB6843F080427B68DA6000BF0C37BD46F6
:10248C005DF8047B704780B483B000AF78607B68E4
:10249C00DB6823F080427B68DA6000BF0C37BD46F6
:1024AC005DF8047B704780B483B000AF78607B68C4
:1024BC005B6903F00103012B01D1012300E0002330
:1024CC0018460C37BD465DF8047B704780B483B06A
:1024DC0000AF78607B685B6903F00203022B01D1CB
:1024EC00012300E0002318460C37BD465DF8047B41
:1024FC00704780B483B000AF78607B685B6903F091
:10250C000803082B01D1012300E0002318460C37E7
:10251C00BD465DF8047B704780B483B000AF786033
:10252C007B689B6943F008027B689A6100BF0C379B
:10253C00BD465DF8047B704780B483B000AF786013
:10254C007B689B6943F010027B689A6100BF0C3773
:10255C00BD465DF8047B704780B483B000AF7860F3
:10256C007B689B6943F020027B689A6100BF0C3743
:10257C00BD465DF8047B704780B483B000AF7860D3
:10258C007B689B6943F040027B689A6100BF0C3703
:10259C00BD465DF8047B704780B483B000AF7860B3
:1025AC007B689B6943F400727B689A6100BF0C37AF
:1025BC00BD465DF8047B704780B483B000AF786093
:1025CC007B689B6943F480727B689A6100BF0C370F
:1025DC00BD465DF8047B704780B483B000AF786073
:1025EC007B689B6943F400627B689A6100BF0C377F
:1025FC00BD465DF8047B704780B483B000AF786053
:10260C007B6830331B78DBB218460C37BD465DF85F
:10261C00047B704780B483B000AF78600B46FB70CE
:10262C007B682033FA781A7000BF0C37BD465DF812
:10263C00047B704780B483B000AF78607B681B6804
:10264C0023F080027B681A6000BF0C37BD465DF832
:10265C00047B704780B485B000AF786039603B680C
:10266C00012B2ED03B68042B29D03B68102B24D097
:10267C003B68402B1FD03B68B3F5807F19D03B687B
:10268C00B3F5806F13D03B68B3F5805F0DD03B681A
:10269C00B3F5804F07D03B68B3F5803F01D10823D9
:1026AC0010E009230EE007230CE006230AE00523C3
:1026BC0008E0042306E0032304E0022302E00123E4
:1026CC0000E00023FB737B6818331946FB7B0B4A35
:1026DC00D35C0B44BB60BB681A68FB7B0849CB5CC2
:1026EC00194604238B40DB431A40BB681A6000BFB9
:1026FC001437BD465DF8047B704700BF601D0108B0
:10270C006C1D010880B485B000AF786039603B68FF
:10271C00012B2ED03B68042B29D03B68102B24D0E6
:10272C003B68402B1FD03B68B3F5807F19D03B68CA
:10273C00B3F5806F13D03B68B3F5805F0DD03B6869
:10274C00B3F5804F07D03B68B3F5803F01D1082328
:10275C0010E009230EE007230CE006230AE0052312
:10276C0008E0042306E0032304E0022302E0012333
:10277C0000E00023FB737B6818331946FB7B0A4A85
:10278C00D35C0B44BB60BB681A68FB7B0749CB5C12
:10279C00194608238B401A43BB681A6000BF1437D4
:1027AC00BD465DF8047B7047601D01086C1D010877
:1027BC0080B487B000AFF860B9607A60BB68012B59
:1027CC002ED0BB68042B29D0BB68102B24D0BB683F
:1027DC00402B1FD0BB68B3F5807F19D0BB68B3F515
:1027EC00806F13D0BB68B3F5805F0DD0BB68B3F5B9
:1027FC00804F07D0BB68B3F5803F01D1082310E0B0
:10280C0009230EE007230CE006230AE0052308E069
:10281C00042306E0032304E0022302E0012300E08A
:10282C000023FB75FB6818331946FB7D0E4AD35CFD
:10283C000B443B613B691A68FB7D0C49CB5C194628
:10284C0003238B40DB431A407B681B0CF97D074844
:10285C00415C8B401A433B691A6000BF1C37BD4674
:10286C005DF8047B704700BF601D0108781D0108EE
:10287C0080B487B000AFF860B9607A60BB68012B98
:10288C002ED0BB68042B29D0BB68102B24D0BB687E
:10289C00402B1FD0BB68B3F5807F19D0BB68B3F554
:1028AC00806F13D0BB68B3F5805F0DD0BB68B3F5F8
:1028BC00804F07D0BB68B3F5803F01D1082310E0EF
:1028CC0009230EE007230CE006230AE0052308E0A9
:1028DC00042306E0032304E0022302E0012300E0CA
:1028EC000023FB75FB6818331946FB7D0E4AD35C3D
:1028FC000B443B613B691A68FB7D0C49CB5C194668
:10290C000C238B40DB431A407B681B0CF97D07487A
:10291C00415C8B401A433B691A6000BF1C37BD46B3
:10292C005DF8047B704700BF601D0108781D01082D
:10293C0080B487B000AFF860B9607A60BB68012BD7
:10294C002ED0BB68042B29D0BB68102B24D0BB68BD
:10295C00402B1FD0BB68B3F5807F19D0BB68B3F593
:10296C00806F13D0BB68B3F5805F0DD0BB68B3F537
:10297C00804F07D0BB68B3F5803F01D1082310E02E
:10298C0009230EE007230CE006230AE0052308E0E8
:10299C00042306E0032304E0022302E0012300E009
:1029AC000023FB75FB6818331946FB7D0E4AD35C7C
:1029BC000B443B613B691A68FB7D0C49CB5C1946A7
:1029CC00F0238B40DB431A407B681B0CF97D0748D6
:1029DC00415C8B401A433B691A6000BF1C37BD46F3
:1029EC005DF8047B704700BF601D0108781D01086D
:1029FC0080B487B000AFF860B9607A60BB68012B17
:102A0C002ED0BB68042B29D0BB68102B24D0BB68FC
:102A1C00402B1FD0BB68B3F5807F19D0BB68B3F5D2
:102A2C00806F13D0BB68B3F5805F0DD0BB68B3F576
:102A3C00804F07D0BB68B3F5803F01D1082310E06D
:102A4C0009230EE007230CE006230AE0052308E027
:102A5C00042306E0032304E0022302E0012300E048
:102A6C000023FB75FB681A6AFB7D0B49CB5C19468E
:102A7C000A238B40DB431A40FB7D0749CB5C19468C
:102A8C007B688B401A43FB681A6200BF1C37BD463B
:102A9C005DF8047B704700BF841D010880B483B0CF
:102AAC0000AF786039607B689B6823F4A03323F017
:102ABC0007033A681A437B689A6000BF0C37BD461F
:102ACC005DF8047B704780B483B000AF78603960E8
:102ADC007B685B6823F0007323F070033A681A4339
:102AEC007B685A6000BF0C37BD465DF8047B7047AD
:102AFC0080B483B000AF786039607B685B6823F486
:102B0C0070023B681A437B685A6000BF0C37BD46A5
:102B1C005DF8047B704780B483B000AF78607B684D
:102B2C009B6823F080027B689A6000BF0C37BD461F
:102B3C005DF8047B704780B483B000AF7860396077
:102B4C007B683A689A6100BF0C37BD465DF8047B20
:102B5C00704780B483B000AF786039607B683A68A6
:102B6C009A6200BF0C37BD465DF8047B70470000CD
:102B7C0080B485B000AF78600A4BD3F88C2009493B
:102B8C007B681343C1F88C30064BD3F88C207B68E0
:102B9C001340FB60FB6800BF1437BD465DF8047B37
:102BAC00704700BF000C024480B485B000AF786061
:102BBC000A4BD3F89C2009497B681343C1F89C301D
:102BCC00064BD3F89C207B681340FB60FB6800BF6E
:102BDC001437BD465DF8047B704700BF000C0244FF
:102BEC0080B485B000AF78600A4BD3F8A4200949B3
:102BFC007B681343C1F8A430064BD3F8A4207B6840
:102C0C001340FB60FB6800BF1437BD465DF8047BC6
:102C1C00704700BF000C024480B500AF0B48FFF7B3
:102C2C007BFC0A48FFF788FC0848FFF795FC07482F
:102C3C00FFF7A2FC0548FFF7BFFC0448FFF7ACFC0C
:102C4C000248FFF7C9FC00BF80BD00BF0030014047
:102C5C0080B500AF04210548FFF76DFF0448FFF76E
:102C6C00A9FBFFF7D9FF00BF80BD00BF00040242E3
:102C7C000030014080B582B000AF78600B48FFF7A0
:102C8C0099FBFFF7C9FF79680848FFF7A3FB0421FC
:102C9C000748FFF75EFF0548FFF77CFB0348FFF78B
:102CAC00ACFB002318460837BD4680BD0030014000
:102CBC000004024280B584B000AF03463960FB715A
:102CCC001F4BFB600BE0FB68013BFB60FB68002BC0
:102CDC0005D11C4B01221A704FF0FF332BE01A4820
:102CEC00FFF7F4FB0346002BEDD0FB791946164891
:102CFC00FFF790FC124BFB600BE0FB68013BFB60A9
:102D0C00FB68002B05D10F4B02221A704FF0FF33DA
:102D1C0011E00D48FFF7C7FB0346002BEDD00A4826
:102D2C00FFF76AFC03461A463B681A703B681A7830
:102D3C00064B1A70002318461037BD4680BD00BFE5
:102D4C00A08601001A090020003001401B09002058
:102D5C0080B582B000AF144B7B600DE07B68013B0B
:102D6C007B607B68002B07D1104B03221A70FFF796
:102D7C006FFF4FF0FF3313E00D48FFF7BAFB03462C
:102D8C00002BEBD004210B48FFF7D5FE0848FFF7CA
:102D9C00C3FB0748FFF7D0FB0548FFF70BFB0023ED
:102DAC0018460837BD4680BDA08601001A090020D0
:102DBC00003001400004024280B586B000AFB9601B
:102DCC007A603B600346FB73BB68002B02D07B68C8
:102DDC00002B02D14FF0FF3335E07B6801331846EE
:102DEC00FFF748FF0346002B02D04FF0FF332AE0D9
:102DFC0007F11302FB7B11461846FFF75BFF0346F6
:102E0C00002B04D0FFF724FF4FF0FF331BE000230F
:102E1C007B6111E0BA687B69134419460020FFF707
:102E2C0049FF0346002B04D0FFF712FF4FF0FF338E
:102E3C0009E07B6901337B617A697B689A42E9D34B
:102E4C00FFF786FF034618461837BD4680BD80B590
:102E5C0086B000AFB9607A603B600346FB73BB6819
:102E6C00002B02D07B68002B02D14FF0FF3338E0EF
:102E7C007B6801331846FFF7FDFE0346002B02D09A
:102E8C004FF0FF332DE007F11302FB7B1146184680
:102E9C00FFF710FF0346002B04D0FFF7D9FE4FF0CD
:102EAC00FF331EE000237B6114E0BA687B69134496
:102EBC001B7807F1130211461846FFF7FBFE034679
:102ECC00002B04D0FFF7C4FE4FF0FF3309E07B6901
:102EDC0001337B617A697B689A42E6D3FFF738FF4E
:102EEC00034618461837BD4680BD000080B582B039
:102EFC0000AF786039607B68002B09D07B6803F2E7
:102F0C00E733054AA2FB03239B09184602F060FB3A
:102F1C0000BF0837BD4680BDD34D621080B584B06C
:102F2C0000AF07F1080300221A601A71042141480E
:102F3C00FFF701FE404B00225A753F4B3F4A9A6007
:102F4C003D4B3F4ADA603C4B3E4A1A613A4B0022F9
:102F5C005A603948FEF7BEFC0346FB7397F90F30F5
:102F6C0013F1050F18D10023FB71F91D324B01220F
:102F7C000120FEF7FBFC0346FB7397F90F30002B87
:102F8C000AD1FB79502B02D0FB79512B04D1FA7961
:102F9C00294B1A700023FB7397F90F30002B02D0CA
:102FAC0097F90F3041E024490020FEF7C9FD034694
:102FBC00FB7397F90F30002B02D097F90F3034E0E8
:102FCC00214B01229A70204B06221A701E4B0222B2
:102FDC005A701D4B0F22DA7017491B48FEF7B8FECA
:102FEC000346FB7397F90F30002B02D097F90F3083
:102FFC001BE001233B7201237B720123BB72012373
:10300C00FB7207F108030C491846FEF761FF0346F3
:10301C00FB7397F90F30002B02D097F90F3004E0B7
:10302C0005490120FEF78CFD034618461037BD46B6
:10303C0080BD00BF00040242FC080020C52D000822
:10304C005B2E0008F92E00081409002080B586B00C
:10305C0000AF7860396007F10C030B4A0B49184636
:10306C00FEF7C0FD0346FB7597F91730002B05D111
:10307C003A697B681A60FA683B681A6097F91730EE
:10308C0018461837BD4680BDFC08002014090020E6
:10309C0080B500AF4FF480510448FFF74CFD044855
:1030AC00FFF788F9FFF7B8FD00BF80BD00040242AE
:1030BC000030014080B582B000AF78607B68002B97
:1030CC0003D07B68B3F5803F02D36FF0030321E09C
:1030DC001248FFF76FF9FFF79FFD79680F48FFF76C
:1030EC0079F904210E48FFF726FD10210D48FFF752
:1030FC0022FD4FF400710C48FFF71DFD4FF4805179
:10310C000748FFF726FD0548FFF744F90348FFF78A
:10311C0074F9002318460837BD4680BD00300140C5
:10312C0000040242000002420008024280B582B054
:10313C0000AF134B7B600AE07B68013B7B607B68D4
:10314C00002B04D1FFF7A4FF6FF0030314E00D482C
:10315C00FFF7CFF90346002BEED04FF480510A480D
:10316C00FFF7E9FC0748FFF7D7F90648FFF7E4F942
:10317C000448FFF71FF9002318460837BD4680BDE9
:10318C00A0860100003001400004024280B586B0E8
:10319C0000AFB9607A603B600346FB73BB68002BE1
:1031AC0002D07B68002B02D14FF0FF3335E07B68F7
:1031BC0001331846FFF77EFF0346002B02D06FF059
:1031CC0003032AE007F11302FB7B11461846FFF7B5
:1031DC0071FD0346002B04D0FFF75AFF6FF0030379
:1031EC001BE000237B6111E0BA687B69134419462C
:1031FC000020FFF75FFD0346002B04D0FFF748FFCC
:10320C006FF0030309E07B6901337B617A697B68AA
:10321C009A42E9D3FFF78AFF034618461837BD4692
:10322C0080BD80B586B000AFB9607A603B60034664
:10323C00FB73BB68002B02D07B68002B02D14FF0D4
:10324C00FF3338E07B6801331846FFF733FF034642
:10325C00002B02D06FF003032DE007F11302FB7B70
:10326C0011461846FFF726FD0346002B04D0FFF746
:10327C000FFF6FF003031EE000237B6114E0BA68BC
:10328C007B6913441B7807F1130211461846FFF7AC
:10329C0011FD0346002B04D0FFF7FAFE6FF0030379
:1032AC0009E07B6901337B617A697B689A42E6D3DA
:1032BC00FFF73CFF034618461837BD4680BD00009B
:1032CC0080B586B000AF3B1D00221A605A609A6030
:1032DC00DA601A744FF480511E48FFF72CFC1E4B19
:1032EC0000225A701C4B1D4ADA601B4B1C4A1A6197
:1032FC00194B1C4A5A61184B174A5A601648FDF76D
:10330C009BFD0346FB7597F91730002B03D1124B2D
:10331C001B78322B02D06FF0010317E002237B7273
:10332C003B1D0D491846FDF785FE0346FB7597F9C5
:10333C001730002B02D097F9173007E000237B7170
:10334C003B1D05491846FDF70BFE0346184618377A
:10335C00BD4680BD000402422809002099310008B6
:10336C002F320008F92E000880B586B000AFF86047
:10337C00B9607A6007F110030D491846FDF7C4FED9
:10338C000346FB7597F91730002B0BD1B7F91020BA
:10339C00FB681A80B7F91220BB681A80B7F91420A1
:1033AC007B681A8097F9173018461837BD4680BDD0
:1033BC002809002080B500AF1E4BB3F9003013F57F
:1033CC00004F35D01C4BB3F9003013F5004F2FD004
:1033DC00194BB3F9003007EE903AF8EEE77A154B3B
:1033EC00B3F9003007EE103AB8EEC77AF0EE470AA0
:1033FC00B0EE670A0DF066FFF0EE407A9FED0F7AA3
:10340C0067EE877A0E4BC3ED007A0D4BD3ED007A45
:10341C00F5EEC07AF1EE10FA00D409E0084BD3EDCA
:10342C00007A9FED087A77EE877A054BC3ED007A28
:10343C0000BF80BD5609002058090020E12E6542CE
:10344C005C0900200000B44380B500AF02F002F824
:10345C0000F0CCF800F040F901F034F900F014FA67
:10346C0000F078FA00F028FB00F0D6FB00F09EFC90
:10347C0000F020FD00F0C0FD00F0DEFE00F028FFA3
:10348C0000F0BEFF01F008F801F052F801F0E8F886
:10349C0000F04EF900F0B2F900F01EFE00F064FFEF
:1034AC0001F092F800F04AFA04213E48FFF743FB82
:1034BC004FF480513B48FFF73EFB10213A48FFF791
:1034CC003AFB4FF400713948FFF735FB642002F0EA
:1034DC007FF8374B00221A70FFF720FD03461A467F
:1034EC00344B1A70FFF7ECFE03461A46324B1A7037
:1034FC00314B1B785BB2002B01D001F065F92D4BE1
:10350C001B785BB2002B01D001F05EF9192002F0A0
:10351C005FF82A492A48FFF799FD03461A46294BBA
:10352C001A70284B1B785BB2002B1AD1234B93EDEE
:10353C00007A254BD3ED007AC7EE276ADFED230A1C
:10354C00B0EE660A0DF0C0FEF0EE407AB7EE007AEF
:10355C0077EE677A9FED1E7A67EE877A1D4BC3ED87
:10356C00007A1D4B1B780133DAB21B4B1A701A4BC5
:10357C001B78042B12D9184B00221A70174A1849C1
:10358C001848FFF7F1FE03461A46174B1A70164BF4
:10359C001B785BB2002B01D1FFF70CFF142002F05B
:1035AC0017F8B6E70004024200000242000802428B
:1035BC001A090020180900205409002020090020B5
:1035CC001C0900201909002000000020AFDC423E3D
:1035DC00002A2D4724090020600900205A090020E8
:1035EC0058090020560900205509002080B59CB0D0
:1035FC0000AF07F120035022002118460DF02FFEDA
:10360C0007F1080300221A605A609A60DA601A61A6
:10361C005A612F4B1B692E4A43F0300313612C4B1C
:10362C001B6903F030037B607B6800BF284B5B6930
:10363C0003F00803082BF9D129233B624FF48033A4
:10364C007B624FF08063BB634FF480537B64022337
:10365C00BB640323FB6401233B651E237B650223B0
:10366C00BB650423FB6502233B660C237B660023AE
:10367C00BB660023FB6607F12003184604F0C8F96B
:10368C000346002B01D001F09FF81F23BB600323DE
:10369C00FB6000233B6100237B610023BB610023A3
:1036AC00FB6107F108030521184604F0E9FD034608
:1036BC00002B01D001F088F8064B1B6823F0300377
:1036CC00044A43F02003136000BF7037BD4680BD31
:1036DC00000802440020024080B5C2B000AF07F5DC
:1036EC008473A3F5847318464FF484731A4600212F
:1036FC000DF0B5FD07F58473A3F584714FF080725E
:10370C004FF00003C1E9002307F58473A3F584731C
:10371C0000229A653B46184605F0F4F80346002B48
:10372C0001D001F051F800BF07F58477BD4680BD8C
:10373C0080B588B000AF3B462022002118460DF022
:10374C008EFD2B4B2B4A1A60294B4FF400225A60EA
:10375C00274B00229A60264B0022DA60244B002271
:10376C001A61234B04225A61214B00221A76204BFA
:10377C0000225A761E4B0122DA611D4B002283F87F
:10378C0020201B4B00229A62194B0022DA62184B44
:10379C00002283F83420164B00221A63144B0022AB
:1037AC009A63134B002283F83C20114802F030F945
:1037BC000346002B01D001F007F80F4B3B600623AA
:1037CC007B600023BB607F23FB6004233B610023F1
:1037DC007B613B461946064802F06EFA0346002B05
:1037EC0001D000F0F1FF00BF2037BD4680BD00BF07
:1037FC007C000020008002420020903680B500AF93
:10380C001F4B204A1A601E4B00225A601C4B002290
:10381C009A601B4B0022DA60194B00221A74184B69
:10382C0000225A74164B00229A74154B10225A61BE
:10383C00134B01229A61124B0122DA61104B0122C7
:10384C001A620F4B01225A620D4B01229A620C4BE9
:10385C000122DA620A4B01221A63094B00225A63D5
:10386C00074B00229A63064B0022DA63044803F0EC
:10387C0071FC0346002B01D000F0A6FF00BF80BDF9
:10388C00E400002000A4004080B582B000AF284BBB
:10389C00D3F88830264A43F00103C2F88830244B11
:1038AC00D3F8883003F001037B607B68214B224AFC
:1038BC001A60204B4FF400725A601E4B00229A6023
:1038CC001C4B4FF40072DA601A4B00221A61194B30
:1038DC0000225A61174B00229A61164B0022DA61C2
:1038EC00144B00221A62134B01225A62114B012213
:1038FC009A62104B0022DA620E4B00221A630D4BB7
:10390C0000225A630B4802F07DFF0346002B01D0C6
:10391C0000F05AFF1021074803F05BF90346002B17
:10392C0001D000F051FF00BF0837BD4680BD00BF7D
:10393C00000C0244480100205000024080B500AF4A
:10394C0003F022FF0346002B01D000F03DFF00BF27
:10395C0080BD000080B5D2B000AF07F5907328226F
:10396C00002118460DF07BFC07F5847300221A60C9
:10397C005A609A60DA601A615A6107F5A473A3F56C
:10398C00A47318464FF484731A4600210DF067FC9B
:10399C0007F5A473A3F5A4714FF000624FF0000378
:1039AC00C1E9002307F5A473A3F5A4730422C3F89B
:1039BC00E0203B46184604F0A5FF0346002B01D03F
:1039CC0000F002FF4FF48050FFF70AF90120FFF7D7
:1039DC00CFF80220FFF7CCF8C023C7F80831022338
:1039EC00C7F80C310023C7F810310023C7F8143185
:1039FC000023C7F818310523C7F81C3107F5847369
:103A0C0019462A480CF033FC0823C7F80831022366
:103A1C00C7F80C310023C7F810310023C7F8143154
:103A2C000023C7F818310523C7F81C3107F5847338
:103A3C0019461F480CF01BFC0023C7F820314FF42B
:103A4C008003C7F824310723C7F828314FF00073DF
:103A5C00C7F82C314FF08073C7F830314FF08063CA
:103A6C00C7F834314FF00053C7F838310023C7F88A
:103A7C003C310023C7F840310723C7F8443107F520
:103A8C00907319460B480CF0B3FC00210948FEF763
:103A9C00C4FC0848FEF7F7FC00210648FEF7D0FCF2
:103AAC0000BF07F5A477BD4680BD00BF00000242F1
:103ABC00000402420030014080B5D2B000AF07F5DF
:103ACC0090732822002118460DF0C9FB07F584736A
:103ADC0000221A605A609A60DA601A615A6107F51E
:103AEC00A473A3F5A47318464FF484731A460021EB
:103AFC000DF0B5FB07F5A473A3F5A4714FF080523C
:103B0C004FF00003C1E9002307F5A473A3F5A473D8
:103B1C002022C3F8E4203B46184604F0F3FE03468B
:103B2C00002B01D000F050FE4FF48040FFF73CF822
:103B3C000420FFF71DF80220FFF71AF80623C7F838
:103B4C0008310223C7F80C310023C7F810310023C9
:103B5C00C7F814310023C7F818310523C7F81C31F6
:103B6C0007F58473194629480CF081FB4FF48063E8
:103B7C00C7F808310223C7F80C310023C7F81031FD
:103B8C000023C7F814310023C7F818310523C7F8F0
:103B9C001C3107F5847319461D480CF068FB002393
:103BAC00C7F820314FF48003C7F824310723C7F836
:103BBC0028310023C7F82C310023C7F830314FF0DF
:103BCC008063C7F834314FF04053C7F838310023C5
:103BDC00C7F83C310023C7F840310723C7F84431FC
:103BEC0007F5907319460B480CF002FC00210948AC
:103BFC00FEF713FC0748FEF736FC00210548FEF7DC
:103C0C001FFC00BF07F5A477BD4680BD000802422B
:103C1C00000402420038004080B5A0B000AF07F1AC
:103C2C006C0300221A605A609A60DA601A6107F11C
:103C3C004C032022002118460DF011FB07F11C0348
:103C4C003022002118460DF00AFB3B1D00221A60A1
:103C5C005A609A60DA601A615A614FF40060FEF79C
:103C6C00BFFF3B23A7F86C3000233B6742F6EB63A6
:103C7C007B670023BB670023FB6707F16C031946C6
:103C8C0048480CF0C7FC4748FEF7D4FC00214548D7
:103C9C00FEF704FF01214348FEF734FD6023FB646B
:103CAC0000233B6500237B650023BB650023FB657C
:103CBC0000233B6600237B660023BB6607F14C03A5
:103CCC001A46012137480CF0BDFD01213548FEF79D
:103CDC00C1FC10213348FEF715FD07F14C031A46C1
:103CEC00102130480CF0AEFD10212E48FEF7B2FC2E
:103CFC004FF480712B48FEF705FD07F14C031A4673
:103D0C004FF4807127480CF09DFD4FF480712548CD
:103D1C00FEF7A0FC00212348FEF7D5FE0021214828
:103D2C00FEF7E6FE1F48FEF7F6FE0023FB610023BC
:103D3C003B6200237B62002387F8283000237B85BD
:103D4C004FF40053FB6200233B6300237B6300238F
:103D5C00BB634FF00073FB6300233B6400237B6465
:103D6C000023BB6407F11C0319460E480CF0CAFD76
:103D7C000120FEF7FDFE4FF4E0637B600223BB6085
:103D8C000023FB6000233B6100237B610123BB61AB
:103D9C003B1D194604480CF06AFA00BF8037BD463B
:103DAC0080BD00BF002C01400000024280B58CB0E9
:103DBC0000AF07F11C0300221A605A609A60DA60A7
:103DCC001A613B1D00221A605A609A60DA601A610F
:103DDC005A610120FEF7E8FE0120FEF7C9FE2223FE
:103DEC007B600223BB600023FB6000233B6100234C
:103DFC007B610123BB613B1D19462D480CF037FA42
:103E0C003B23BB8300233B624FF0FF337B620023D9
:103E1C00BB6207F11C0319464FF080400CF0FAFB13
:103E2C004FF08040FEF706FC00214FF08040FEF77B
:103E3C0035FE00214FF08040FEF745FE4FF08040EC
:103E4C00FEF769FE4FF4803201214FF08040FEF7FF
:103E5C00AFFC002201214FF08040FEF709FD00224B
:103E6C0001214FF08040FEF763FD002201214FF04D
:103E7C008040FEF7BDFD4FF4803210214FF08040A2
:103E8C00FEF796FC002210214FF08040FEF7F0FC6C
:103E9C00002210214FF08040FEF74AFD0022102135
:103EAC004FF08040FEF7A4FD00BF3037BD4680BD0B
:103EBC000000024280B594B000AF07F13C03002231
:103ECC001A605A609A60DA601A6107F11C032022AA
:103EDC00002118460DF0C3F93B1D00221A605A60F0
:103EEC009A60DA601A615A610220FEF75DFE3B238C
:103EFC00BB8700233B6442F6EB637B640023BB640B
:103F0C0007F13C0319463A480CF084FB3848FEF79D
:103F1C0091FB00213648FEF7C1FD01213448FEF724
:103F2C00F1FB6023FB6100233B6200237B620023D7
:103F3C00BB620023FB6207F11C031A4601212C48CB
:103F4C000CF080FC01212A48FEF784FB1021284844
:103F5C00FEF7D8FB07F11C031A46102124480CF07D
:103F6C0071FC10212248FEF775FB4FF4807120483C
:103F7C00FEF7C8FB07F11C031A464FF480711C486E
:103F8C000CF060FC4FF480711948FEF763FB4FF4A2
:103F9C0080511748FEF7B6FB07F11C031A464FF485
:103FAC00805113480CF04EFC4FF480511048FEF732
:103FBC0051FB00210E48FEF786FD0D48FEF7ABFDC8
:103FCC000220FEF7D5FD33237B600223BB60002368
:103FDC00FB6000233B6100237B610223BB613B1D23
:103FEC00194604480CF043F900BF5037BD4680BD5C
:103FFC00000400400004024280B594B000AF07F109
:10400C003C0300221A605A609A60DA601A6107F168
:10401C001C032022002118460DF021F93B1D002223
:10402C001A605A609A60DA601A615A610420FEF7CD
:10403C00BBFD3B23BB8700233B6441F6E6337B642B
:10404C000023BB6407F13C03194621480CF0E2FA4B
:10405C001F48FEF7EFFA00211D48FEF71FFD012156
:10406C001B48FEF74FFB6023FB6100233B620023E0
:10407C007B620023BB620023FB6207F11C031A4620
:10408C00012113480CF0DEFB01211148FEF7E2FA86
:10409C0000210F48FEF717FD0D48FEF73CFD0220EE
:1040AC00FEF766FD40237B600223BB600023FB60B0
:1040BC0000233B6100237B610223BB613B1D19463E
:1040CC0004480CF0D4F800BF5037BD4680BD00BF8B
:1040DC00000800400004024280B59CB000AF07F11C
:1040EC00600300221A605A609A60DA6007F1540388
:1040FC0000221A605A609A6007F1380300221A6095
:10410C005A609A60DA601A615A619A613B1D3422D6
:10411C00002118460DF0A3F8454B464A1A60444B53
:10412C003B225A60424B00229A60414B42F6EB62B2
:10413C00DA603F4B00221A613D4B00225A613C4B26
:10414C0000229A613A4809F03DFC0346002B01D04D
:10415C0000F03AFB4FF480533B6607F160031946BD
:10416C00334809F0FBFD0346002B01D000F02CFB7B
:10417C002F4809F07EFC0346002B01D000F024FBF5
:10418C0000237B650023BB650023FB6507F154030B
:10419C00194627480AF098FC0346002B01D000F082
:1041AC0013FB6023BB630023FB6300233B640023EE
:1041BC007B640023BB640023FB6400233B6507F195
:1041CC003803082219461A4809F0B4FC0346002BA0
:1041DC0001D000F0F9FA00237B600023BB600023C0
:1041EC00FB6000233B6100237B614FF40053BB61F8
:1041FC000023FB6100233B6200237B624FF00073C2
:10420C00BB620023FB6200233B6300237B633B1DEB
:10421C00194607480AF028FD0346002B01D000F090
:10422C00D3FA034800F03EFC00BF7037BD4680BD9A
:10423C00C00100200034014080B500AF224B234A5E
:10424C001A60214B4FF4E1325A601F4B00229A60E6
:10425C001D4B0022DA601C4B00221A611A4B0C22F7
:10426C005A61194B00229A61174B0022DA61164BE6
:10427C0000221A62144B00225A62134B00229A62DB
:10428C0011480AF08BFD0346002B01D000F09CFA7C
:10429C0000210D480BF0D5FD0346002B01D000F09A
:1042AC0093FA002108480BF00AFE0346002B01D0BC
:1042BC0000F08AFA04480BF08BFD0346002B01D06A
:1042CC0000F082FA00BF80BD0C020020004C0040C0
:1042DC0080B500AF224B234A1A60214B4FF4E132D8
:1042EC005A601F4B00229A601D4B0022DA601C4B57
:1042FC0000221A611A4B0C225A61194B00229A6146
:10430C00174B0022DA61164B00221A62144B002262
:10431C005A62134B00229A6211480AF08FFD034631
:10432C00002B01D000F050FA00210D480BF089FD54
:10433C000346002B01D000F047FA002108480BF08F
:10434C00BEFD0346002B01D000F03EFA04480BF0F2
:10435C003FFD0346002B01D000F036FA00BF80BDB4
:10436C00A00200200050004080B500AF224B234A31
:10437C001A60214B4FF4E1325A601F4B00229A60B5
:10438C001D4B0022DA601C4B00221A611A4B0C22C6
:10439C005A61194B00229A61174B0022DA61164BB5
:1043AC0000221A62144B00225A62134B00229A62AA
:1043BC0011480AF043FD0346002B01D000F004FA2B
:1043CC0000210D480BF03DFD0346002B01D000F001
:1043DC00FBF9002108480BF072FD0346002B01D0BD
:1043EC0000F0F2F904480BF0F3FC0346002B01D06B
:1043FC0000F0EAF900BF80BD3403002000780040D3
:10440C0080B500AF224B234A1A60214B4FF4E132A6
:10441C005A601F4B00229A601D4B0022DA601C4B25
:10442C0000221A611A4B0C225A61194B00229A6114
:10443C00174B0022DA61164B00221A62144B002231
:10444C005A62134B00229A6211480AF0A7FC0346E9
:10445C00002B01D000F0B8F900210D480BF0F1FC55
:10446C000346002B01D000F0AFF9002108480BF0F7
:10447C0026FD0346002B01D000F0A6F904480BF0F2
:10448C00A7FC0346002B01D000F09EF900BF80BDB5
:10449C00C80300200038014080B500AF224B234AEE
:1044AC001A60214B4FF4E1325A601F4B00229A6084
:1044BC001D4B0022DA601C4B00221A611A4B0C2295
:1044CC005A61194B00229A61174B0022DA61164B84
:1044DC0000221A62144B00225A62134B00229A6279
:1044EC0011480AF0ABFC0346002B01D000F06CF92C
:1044FC0000210D480BF0A5FC0346002B01D000F069
:10450C0063F9002108480BF0DAFC0346002B01D0BC
:10451C0000F05AF904480BF05BFC0346002B01D069
:10452C0000F052F900BF80BD5C0400200044004044
:10453C0080B500AF224B234A1A60214B4FF4E13275
:10454C005A601F4B00229A601D4B0022DA601C4BF4
:10455C0000221A611A4B0C225A61194B00229A61E3
:10456C00174B0022DA61164B00221A62144B002200
:10457C005A62134B00229A6211480AF00FFC034650
:10458C00002B01D000F020F900210D480BF059FC54
:10459C000346002B01D000F017F9002108480BF05E
:1045AC008EFC0346002B01D000F00EF904480BF0F2
:1045BC000FFC0346002B01D000F006F900BF80BDB4
:1045CC00F00400200048004080B500AF224B234A85
:1045DC001A60214B4FF4E1325A601F4B00229A6053
:1045EC001D4B0022DA601C4B00221A611A4B0C2264
:1045FC005A61194B00229A61174B0022DA61164B53
:10460C0000221A62144B00225A62134B00229A6247
:10461C0011480AF0C3FB0346002B01D000F0D4F87C
:10462C0000210D480BF00DFC0346002B01D000F0CF
:10463C00CBF8002108480BF042FC0346002B01D0BC
:10464C0000F0C2F804480BF0C3FB0346002B01D06A
:10465C0000F0BAF800BF80BD840500200064004063
:10466C0080B500AF154B164A1A60144B08221A710C
:10467C00124B0222DA71114B02225A720F4B00229A
:10468C009A720E4B0022DA720C4B00221A730B4BEF
:10469C0000225A73094B00229A73084B0022DA73DA
:1046AC00064B00221A74054803F07EF80346002BD3
:1046BC0001D000F089F800BF80BD00BF18060020B3
:1046CC000060014080B586B000AF3B4600221A6006
:1046DC005A609A60DA601A615A610420FEF748FA4F
:1046EC008020FEF745FA0120FEF742FA0220FEF781
:1046FC003FFA0820FEF73CFA4FF442412E48FEF7F1
:10470C0028FA10212D48FEF724FA43F204012C4814
:10471C00FEF71FFA04212B48FEF71BFA42F2200386
:10472C003B6000237B6000233B613B4619462248DB
:10473C000BF09DFD4FF442433B6001237B60002353
:10474C00BB600023FB6000233B613B4619461A48C3
:10475C000BF08DFD10233B6001237B600023BB60BD
:10476C000023FB6000233B613B46194613480BF0CA
:10477C007EFD43F204033B6001237B600023BB609E
:10478C000023FB6000233B613B4619460C480BF0B1
:10479C006EFD04233B6001237B600023BB60002380
:1047AC00FB6000233B613B46194606480BF05FFD5E
:1047BC0000BF1837BD4680BD00080242000002420F
:1047CC0000040242000C024280B400AF72B600BF7B
:1047DC0000BFFDE780B400AF00BFBD465DF8047BB1
:1047EC007047000080B5CEB000AF07F59C73A3F501
:1047FC009A73186007F5927300221A605A609A60D7
:10480C00DA601A6107F59C73A3F5907318464FF4A0
:10481C0084731A4600210CF022FD07F59C73A3F556
:10482C009A731B681B68434A93427DD107F59C73AE
:10483C00A3F590714FF400124FF00003C1E900236F
:10484C0007F59C73A3F590730022C3F8D42007F1ED
:10485C001803184604F056F80346002B01D0FFF756
:10486C00B3FF354BD3F88C30334A43F48063C2F832
:10487C008C30314BD3F88C3003F4806207F59C7389
:10488C00A3F592731A6007F59C73A3F592731B68DA
:10489C00294BD3F88C30284A43F00403C2F88C30EF
:1048AC00254BD3F88C3003F0040207F59C73A3F569
:1048BC0094731A6007F59C73A3F594731B681E4BD5
:1048CC00D3F88C301C4A43F00103C2F88C301A4BDD
:1048DC00D3F88C3003F0010207F59C73A3F59673A3
:1048EC001A6007F59C73A3F596731B680923C7F828
:1048FC0024310323C7F828310023C7F82C3107F5DE
:10490C00927319460D4802F0E1FD0823C7F82431D3
:10491C000323C7F828310023C7F82C3107F592730D
:10492C001946074802F0D2FD00BF07F59C77BD463B
:10493C0080BD00BF00800242000C0244000802420D
:10494C000000024280B5CCB000AF07F59873A3F518
:10495C009673186007F58E7300221A605A609A607D
:10496C00DA601A6107F59873A3F5907318464FF443
:10497C0084731A4600210CF072FC07F59873A3F5AA
:10498C0096731B681B68334A93425ED107F5987384
:10499C00A3F590714FF000024FF00403C1E900231E
:1049AC0007F59873A3F590730022C3F8BC2007F1A8
:1049BC001003184603F0A6FF0346002B01D0FFF7A7
:1049CC0003FF254BD3F8A030234A43F40073C2F8FD
:1049DC00A030214BD3F8A03003F4007207F5987384
:1049EC00A3F592731A6007F59873A3F592731B687D
:1049FC00194BD3F88C30184A43F00203C2F88C30B0
:104A0C00154BD3F88C3003F0020207F59873A3F51D
:104A1C0094731A6007F59873A3F594731B684FF49D
:104A2C00C073C7F81C310223C7F820310023C7F824
:104A3C0024310023C7F828310923C7F82C3107F596
:104A4C008E731946054802F041FD00BF07F59877B3
:104A5C00BD4680BD00A40040000C0244000402428C
:104A6C0080B485B000AF78607B681B680B4A9342BA
:104A7C000ED10B4BD3F8A430094A43F40053C2F8BF
:104A8C00A430074BD3F8A43003F40053FB60FB684D
:104A9C0000BF1437BD465DF8047B704700340140FD
:104AAC00000C024480B588B000AF786007F10C03AD
:104ABC0000221A605A609A60DA601A617B681B687F
:104ACC00134A93421FD1134BD3F88C30114A43F045
:104ADC000403C2F88C300F4BD3F88C3003F0040372
:104AEC00BB60BB684FF48073FB6002233B61002307
:104AFC007B610023BB610323FB6107F10C031946A7
:104B0C00054802F0E3FC00BF2037BD4680BD00BF66
:104B1C0000340140000C02440008024280B5DAB0B7
:104B2C0000AF07F5B473A3F5B273186007F5AA7359
:104B3C0000221A605A609A60DA601A6107F5B47341
:104B4C00A3F5907318464FF484731A4600210CF0A9
:104B5C0086FB07F5B473A3F5B2731B681B68AF4AE9
:104B6C00934240F08B8007F5B473A3F590714FF02E
:104B7C0008024FF00003C1E9002307F5B473A3F555
:104B8C00907300229A6607F14803184603F0BAFEA8
:104B9C000346002B01D0FFF717FEA14BD3F89C3036
:104BAC009F4A43F40023C2F89C309D4BD3F89C30B1
:104BBC0003F4002207F5B473A3F592731A6007F59A
:104BCC00B473A3F592731B68954BD3F88C30944A4D
:104BDC0043F00103C2F88C30914BD3F88C3003F0C6
:104BEC00010207F5B473A3F594731A6007F5B47357
:104BFC00A3F594731B688A4BD3F88C30884A43F026
:104C0C000403C2F88C30864BD3F88C3003F00402CA
:104C1C0007F5B473A3F596731A6007F5B473A3F58F
:104C2C0096731B680123C7F854310223C7F8583117
:104C3C000023C7F85C310023C7F860310823C7F89C
:104C4C00643107F5AA731946764802F03FFC4FF41D
:104C5C000063C7F854310223C7F858310023C7F852
:104C6C005C310023C7F860310823C7F8643107F5BD
:104C7C00AA7319466C4802F029FC88E207F5B47354
:104C8C00A3F5B2731B681B68684A93425ED107F5A3
:104C9C00B473A3F590714FF010024FF00003C1E90B
:104CAC00002307F5B473A3F590730022DA6607F1BD
:104CBC004803184603F026FE0346002B01D0FFF7ED
:104CCC0083FD574BD3F89C30554A43F48013C2F8FC
:104CDC009C30534BD3F89C3003F4801207F5B4731B
:104CEC00A3F598731A6007F5B473A3F598731B6852
:104CFC004B4BD3F88C304A4A43F00403C2F88C3047
:104D0C00474BD3F88C3003F0040207F5B473A3F5CA
:104D1C009A731A6007F5B473A3F59A731B684FF472
:104D2C008053C7F854311223C7F858310023C7F801
:104D3C005C310023C7F860310823C7F8643107F5EC
:104D4C00AA731946384802F0C1FB20E207F5B47388
:104D5C00A3F5B2731B681B68354A93426AD107F5F9
:104D6C00B473A3F590714FF040024FF00003C1E90A
:104D7C00002307F5B473A3F5907300225A6707F16B
:104D8C004803184603F0BEFD0346002B01D0FFF785
:104D9C001BFD234BD3F89C30214A43F08043C2F8CF
:104DAC009C301F4BD3F89C3003F0804207F5B47352
:104DBC00A3F59C731A6007F5B473A3F59C731B6879
:104DCC00174BD3F88C30164A43F00103C2F88C30E1
:104DDC00134BD3F88C3003F0010207F5B473A3F531
:104DEC009E731A6007F5B473A3F59E731B684FF49A
:104DFC000043C7F854311223C7F858310023C7F8C1
:104E0C005C310023C7F860310B23C7F8643107F518
:104E1C00AA731946034802F059FBB8E1004C004054
:104E2C00000C024400000242000802420050004004
:104E3C000078004007F5B473A3F5B2731B681B68C8
:104E4C00D54A934266D107F5B473A3F590714FF030
:104E5C0001024FF00003C1E9002307F5B473A3F579
:104E6C0090730022DA6507F14803184603F04AFDF7
:104E7C000346002B01D0FFF7A7FCC84BD3F8A43096
:104E8C00C64A43F48043C2F8A430C44BD3F8A430D0
:104E9C0003F4804207F5B473A3F5A0731A6007F509
:104EAC00B473A3F5A0731B68BC4BD3F88C30BB4A0E
:104EBC0043F00203C2F88C30B84BD3F88C3003F0BB
:104ECC00020207F5B473A3F5A2731A6007F5B47365
:104EDC00A3F5A2731B684FF44043C7F85431022367
:104EEC00C7F858310023C7F85C310023C7F860318C
:104EFC000423C7F8643107F5AA731946A84802F0D1
:104F0C00E5FA002200213A2001F0A4FB3A2001F03E
:104F1C00BBFB3CE107F5B473A3F5B2731B681B68CC
:104F2C00A04A934265D107F5B473A3F590714FF085
:104F3C0002024FF00003C1E9002307F5B473A3F597
:104F4C00907300221A6607F14803184603F0DAFC46
:104F5C000346002B01D0FFF737FC904BD3F89C3065
:104F6C008E4A43F40033C2F89C308C4BD3F89C30FF
:104F7C0003F4003207F5B473A3F5A4731A6007F5B4
:104F8C00B473A3F5A4731B68844BD3F88C30834A99
:104F9C0043F00103C2F88C30804BD3F88C3003F013
:104FAC00010207F5B473A3F5A6731A6007F5B47381
:104FBC00A3F5A6731B680423C7F854311223C7F852
:104FCC0058310023C7F85C310023C7F86031072340
:104FDC00C7F8643107F5AA731946734802F076FADC
:104FEC00002200213B2001F035FB3B2001F04CFB63
:104FFC00CDE007F5B473A3F5B2731B681B686B4A5D
:10500C0093425ED107F5B473A3F590714FF004028F
:10501C004FF00003C1E9002307F5B473A3F59073B7
:10502C0000225A6607F14803184603F06BFC03464E
:10503C00002B01D0FFF7C8FB584BD3F89C30574AD4
:10504C0043F48023C2F89C30544BD3F89C3003F4C7
:10505C00802207F5B473A3F5A8731A6007F5B4732F
:10506C00A3F5A8731B684D4BD3F88C304B4A43F017
:10507C000403C2F88C30494BD3F88C3003F0040293
:10508C0007F5B473A3F5AA731A6007F5B473A3F507
:10509C00AA731B684FF48263C7F854310223C7F814
:1050AC0058310023C7F85C310023C7F8603107235F
:1050BC00C7F8643107F5AA7319463D4802F006FAA1
:1050CC0065E007F5B473A3F5B2731B681B68394A26
:1050DC0093425CD107F5B473A3F590714FF02002A5
:1050EC004FF00003C1E9002307F5B473A3F59073E7
:1050FC0000221A6707F14803184603F003FC034625
:10510C00002B01D0FFF760FB244BD3F89C30234AD3
:10511C0043F00073C2F89C30204BD3F89C3003F062
:10512C00007207F5B473A3F5AC731A6007F5B4738A
:10513C00A3F5AC731B68194BD3F88C30174A43F0AA
:10514C000403C2F88C30154BD3F88C3003F00402F6
:10515C0007F5B473A3F5AE731A6007F5B473A3F532
:10516C00AE731B68C023C7F854310223C7F85831FB
:10517C000023C7F85C310023C7F860310723C7F858
:10518C00643107F5AA731946094802F09FF900BF6C
:10519C0007F5B477BD4680BD00380140000C0244D1
:1051AC00000402420044004000000242004800405B
:1051BC00000802420064004080B5C6B000AF07F59D
:1051CC008C73A3F58A73186007F58C73A3F584733D
:1051DC0018464FF484731A4600210CF040F807F57A
:1051EC008C73A3F58A731B681B681E4A934233D1D8
:1051FC0007F58C73A3F584714FF000024FF0100388
:10520C00C1E9002307F58C73A3F584733022C3F82E
:10521C00002107F11003184603F074FB0346002B22
:10522C0001D0FFF7D1FA02F0E3FB0F4BD3F8A43017
:10523C000D4A43F08073C2F8A4300B4BD3F8A43062
:10524C0003F0807207F58C73A3F586731A6007F56B
:10525C008C73A3F586731B6800BF07F58C77BD466E
:10526C0080BD00BF00600140000C024480B400AF60
:10527C0000BFFDE780B400AF00BFFDE780B400AF16
:10528C0000BFFDE780B400AF00BFFDE780B400AF06
:10529C0000BFFDE780B400AF00BFBD465DF8047BE6
:1052AC00704780B400AF00BFBD465DF8047B70470B
:1052BC0080B400AF00BFBD465DF8047B704780B57D
:1052CC0000AF00F065F900BF80BD000080B500AFF5
:1052DC00024809F00BFE00BF80BD00BFC8030020D0
:1052EC0080B500AF024809F001FE00BF80BD00BFD1
:1052FC005C04002080B483B000AF374BD3F8883007
:10530C00354A43F47003C2F88830344B1B6803F001
:10531C001803324A43F001031360304B0022DA6168
:10532C002E4B00221A622D4B1A682C492C4B134021
:10533C000B602A4B00229A62284B0022DA62274B20
:10534C0000221A63254B274A5A63244B00229A6386
:10535C00224B244ADA63214B00221A641F4B214A48
:10536C005A641E4B00229A641C4B1B681B4A23F484
:10537C0080231360194B00221A65174B4FF0006203
:10538C009A60194B9B6903F060437B607B68B3F1B7
:10539C00604F03D07B68B3F1404F17D1124BDB69E0
:1053AC0003F00103002B05D00F4B104ADA600E4BB3
:1053BC000F4ADA600C4BDB690B4A43F00203D361F2
:1053CC00094BDB69084A43F00103D36100BF0C377A
:1053DC00BD465DF8047B704700ED00E0000C024414
:1053EC00FBEAE2EA80020101002002403B2A190894
:1053FC007F6E5D4CDFF83CD00F4880F30A88FFF7D6
:10540C0079FF0E480E490F4A002302E0D458C450CD
:10541C000433C4188C42F9D30B4A0C4C002301E022
:10542C0013600432A242FBD30BF028FFFEF70CF8FA
:10543C00FEE7000000000A2000FC0920000000200C
:10544C0060000020301E010860000020A00A00202F
:10545C00FEE7000080B500AF032001F0F0F803F088
:10546C00C7F802460C4B1B6A03F00F030B49CB5CCD
:10547C0022FA03F30A4A1360042001F035F90F20D5
:10548C0000F010F80346002B01D0012302E0FFF7D7
:10549C00A1F90023184680BD000C0244901D0108A0
:1054AC000400002080B584B000AF78600023FB605E
:1054BC00334B1B78002B01D101235CE0314B1B6873
:1054CC0003F00403042B0CD12F4B1A682C4B1B78C4
:1054DC0019464FF47A73B3FBF1F3B2FBF3F3FB60B1
:1054EC0037E001F059F9B860BB68022B23D0BB68D8
:1054FC00022B2DD8BB68002B03D0BB68012B0DD021
:10550C0026E0214B1A681E4B1B7819464FF4FA53B0
:10551C00B3FBF1F3B2FBF3F3FB601AE0184B1B780F
:10552C001A464FF47A73B3FBF2F34FF4FA42B2FB20
:10553C00F3F3FB600DE0124B1B781A464FF47A73B1
:10554C00B3FBF2F34FF40042B2FBF3F3FB6000E069
:10555C0000BFF86801F0A6F80346002B01D0012328
:10556C0009E0002279684FF0FF3001F073F8074A28
:10557C007B681360002318461037BD4680BD00BF02
:10558C000C00002010E000E00400002008000020C7
:10559C0080B400AF064B1B781A46064B1B681344AD
:1055AC00044A136000BFBD465DF8047B704700BF22
:1055BC000C0000206409002080B400AF034B1B6872
:1055CC001846BD465DF8047B704700BF6409002097
:1055DC0080B584B000AF7860FFF7EEFFB8607B68F1
:1055EC00FB60FB68B3F1FF3F05D00A4B1B781A46F2
:1055FC00FB681344FB6000BFFFF7DEFF0246BB688D
:10560C00D31AFA689A42F7D800BF00BF1037BD46CC
:10561C0080BD00BF0C00002080B483B000AF786068
:10562C0039607B689B6823F47C123B681A437B6867
:10563C009A6000BF0C37BD465DF8047B704780B4A0
:10564C0083B000AF786039607B689B6823F0E072B0
:10565C003B681A437B689A6000BF0C37BD465DF807
:10566C00047B704780B483B000AF78607B689B6824
:10567C0003F0E07318460C37BD465DF8047B7047A9
:10568C0080B483B000AF7860064BD3F8C830054ABD
:10569C0043F00103C2F8C83000BF0C37BD465DF8BB
:1056AC00047B70470081024280B483B000AF786005
:1056BC007B68D3F8C83043F001027B68C3F8C8207C
:1056CC0000BF0C37BD465DF8047B704780B487B0D3
:1056DC0000AFF860B9607A603B60FB6860331A46D3
:1056EC00BB689B0013447B617B691A68084B1340B1
:1056FC007A6802F0F8413A680A43134343F00042D7
:10570C007B691A6000BF1C37BD465DF8047B70478F
:10571C0000F0FF0380B485B000AF786039607B681F
:10572C0060331A463B689B001344FB60FB681B68A4
:10573C0003F0F84318461437BD465DF8047B7047F8
:10574C0080B487B000AFF860B9607A60FB686033F2
:10575C001A46BB689B0013447B617B691B6823F072
:10576C0000427B681A437B691A6000BF1C37BD4638
:10577C005DF8047B704780B487B000AFF860B96007
:10578C007A60FB6860331A46BB689B0013447B61EC
:10579C007B691B6823F080727B681A437B691A60F3
:1057AC0000BF1C37BD465DF8047B704780B487B0E2
:1057BC0000AFF860B9607A60FB6860331A46BB686A
:1057CC009B0013447B617B691B6823F000727B6830
:1057DC001A437B691A6000BF1C37BD465DF8047B19
:1057EC00704780B483B000AF786039607B685B69C8
:1057FC0023F000423B681A437B685A6100BF0C37A8
:10580C00BD465DF8047B704780B487B000AFF8608C
:10581C00B9607A60FB6830331A46BB681B0A9B0080
:10582C0003F00C0313447B617B691A68BB6803F0BB
:10583C001F031F2101FA03F3DB431A407B689B0E05
:10584C0003F01F01BB6803F01F0301FA03F31A43B3
:10585C007B691A6000BF1C37BD465DF8047B70473E
:10586C0080B487B000AFF860B9607A60FB6814331D
:10587C001A46BB685B0E9B0003F0040313447B6168
:10588C007B691A68BB681B0D03F01F03072101FA23
:10589C0003F3DB431A40BB681B0D03F01F0379684D
:1058AC0001FA03F31A437B691A6000BF1C37BD462B
:1058BC005DF8047B7047000080B485B000AFF860E1
:1058CC00B9607A60FB68D3F8B020BB68C3F31303EC
:1058DC00DB431A407B6803F018030849D940BB68C6
:1058EC000B40C3F313031A43FB68C3F8B02000BF8B
:1058FC001437BD465DF8047B704700BFFFFF0F00F7
:10590C0080B483B000AF78607B689B6823F0204341
:10591C0023F03F037A68936000BF0C37BD465DF8F7
:10592C00047B704780B483B000AF78607B689B6861
:10593C0003F00053B3F1005F01D1012300E0002319
:10594C0018460C37BD465DF8047B704780B483B0B5
:10595C0000AF78607B689B6823F0104323F03F0313
:10596C0043F080527B689A6000BF0C37BD465DF8EF
:10597C00047B704780B483B000AF78607B689B6811
:10598C0003F08053B3F1805F01D1012300E00023C9
:10599C0018460C37BD465DF8047B704780B483B065
:1059AC0000AF78607B689B6803F00103012B01D189
:1059BC00012300E0002318460C37BD465DF8047B3C
:1059CC00704780B483B000AF78607B689B6803F04D
:1059DC000403042B01D1012300E0002318460C37EB
:1059EC00BD465DF8047B704780B483B000AF78602F
:1059FC007B689B6803F00803082B01D1012300E0AE
:105A0C00002318460C37BD465DF8047B7047000038
:105A1C0090B589B000AF78600023FB770023FB6062
:105A2C007B68002B01D1012336E17B681B69002BBD
:105A3C007B689B6D002B09D17868FEF7D3FE7B68E1
:105A4C000022DA657B68002283F854207B681B688F
:105A5C001846FFF767FF0346002B04D07B681B68D2
:105A6C001846FFF74DFF7B681B681846FFF782FF4F
:105A7C000346002B15D17B681B681846FFF766FFA1
:105A8C00874B1B689B09874AA2FB03239B090133A5
:105A9C005B00FB6002E0FB68013BFB60FB68002BDA
:105AAC00F9D17B681B681846FFF764FF0346002B8F
:105ABC000DD17B689B6D43F010027B689A657B6807
:105ACC00DB6D43F001027B68DA650123FB777B68B1
:105ADC001B681846FFF775FF78617B689B6D03F0B8
:105AEC001003002B40F0CF807B69002B40F0CB8063
:105AFC007B689B6D23F4817343F002027B689A658B
:105B0C007B681B681846FFF749FF0346002B10D132
:105B1C006548FFF743FF04466448FFF73FFF034621
:105B2C002343002B05D17B685B6819466048FFF75F
:105B3C0073FD7B685B7E5A037B689B6B1A437B68A7
:105B4C00DB681A437B689B681A437B6893F82030A8
:105B5C001B041343BB617B6893F82030012B06D1E7
:105B6C007B685B6A013B5B04BA691343BB617B686E
:105B7C009B6A002B09D07B689B6A03F478727B6864
:105B8C00DB6A1343BA691343BB617B681B68DA6831
:105B9C00484B13407A681268B9690B43D3607B6831
:105BAC001B681B6923F040617B681A6B7B681B6860
:105BBC000A431A617B681B681846FFF715FF3861AA
:105BCC007B69002B3DD13B69002B3AD17B681B7E56
:105BDC009A037B6893F834305B001343BB617B689A
:105BEC001B68DB6823F4804323F002037A68126895
:105BFC00B9690B43D3607B6893F83C30012B18D107
:105C0C007B681B681B6923F4FF6323F004037A6829
:105C1C00116C7A68526C11437A68926C11437A68F1
:105C2C00D26C0A431A437B681B6842F001021A616A
:105C3C0007E07B681B681A697B681B6822F001020D
:105C4C001A617B681B69012B0CD17B681B681B6B71
:105C5C0023F00F017B68DB695A1E7B681B680A43C3
:105C6C001A6307E07B681B681A6B7B681B6822F061
:105C7C000F021A637B689B6D23F0030343F0010250
:105C8C007B689A6507E07B689B6D43F010027B682C
:105C9C009A650123FB77FB7F18462437BD4690BDE0
:105CAC0004000020632D3E05008002420081024268
:105CBC00008302420740F0FF80B5B6B000AF7860B9
:105CCC003960002387F8D7300023FB607B6893F89A
:105CDC005430012B01D10223EBE37B68012283F8C2
:105CEC0054207B681B681846FFF76BFE0346002B9D
:105CFC0040F0D0833B681B68012B09D03B681B68C4
:105D0C00B04A934209D13B68DB68AF4A934204D155
:105D1C007B681B681846FFF7C7FC7B6818683B68F4
:105D2C0059683B681B681A46FFF76EFD7B681B6859
:105D3C001846FFF746FEC7F8D0007B681B6818466C
:105D4C00FFF752FEC7F8CC00D7F8D030002B40F04C
:105D5C00DD81D7F8CC30002B40F0D8813B689B68B4
:105D6C00B3F1004F0FD17B6818683B681B680022A9
:105D7C001946FFF775FD7B681B684FF0004118460C
:105D8C00FFF72FFD0EE07B6818683B6819683B68CD
:105D9C009B681A46FFF764FD7B681B680021184658
:105DAC00FFF71FFD3B685A697B681B68DB68DB08E3
:105DBC0003F003035B0002FA03F3C7F8C8303B6837
:105DCC001B69042B22D07B6818683B6819693B68F7
:105DDC001A68D7F8C830FFF779FC7B6818683B68FD
:105DEC0019693B689B691A46FFF7C5FC7B68186804
:105DFC003B6819693B681B7F012B02D14FF0007384
:105E0C0000E000231A46FFF7D1FC7FE17B681B689A
:105E1C0000211846FFF77EFC0346C3F31303002B47
:105E2C000AD17B681B6800211846FFF773FC0346F8
:105E3C009B0E03F01F021EE07B681B6800211846B6
:105E4C00FFF768FC0346C7F8BC30D7F8BC3093FAB0
:105E5C00A3F3C7F8C030D7F8C030C7F8B830D7F8BC
:105E6C00B830002B01D1202304E0D7F8B830B3FAB6
:105E7C0083F3DBB21A463B681B68C3F31303002B96
:105E8C0005D13B681B689B0E03F01F0318E03B68B1
:105E9C001B68C7F8B030D7F8B03093FAA3F3C7F843
:105EAC00AC30D7F8AC30C7F8B430D7F8B430002BDE
:105EBC0001D1202304E0D7F8B430B3FA83F3DBB27A
:105ECC009A4206D17B681B68002200211846FFF716
:105EDC0037FC7B681B6801211846FFF71BFC034647
:105EEC00C3F31303002B0AD17B681B6801211846EE
:105EFC00FFF710FC03469B0E03F01F021EE07B68AD
:105F0C001B6801211846FFF705FC0346C7F8A430AF
:105F1C00D7F8A43093FAA3F3C7F8A030D7F8A03081
:105F2C00C7F8A830D7F8A830002B01D1202304E003
:105F3C00D7F8A830B3FA83F3DBB21A463B681B6878
:105F4C00C3F31303002B05D13B681B689B0E03F0B6
:105F5C001F0318E03B681B68C7F89830D7F89830D7
:105F6C0093FAA3F3C7F89430D7F89430C7F89C3061
:105F7C00D7F89C30002B01D1202304E0D7F89C30BB
:105F8C00B3FA83F3DBB29A4206D17B681B6800221A
:105F9C0001211846FFF7D4FB7B681B6802211846C9
:105FAC00FFF7B8FB0346C3F31303002B0ED17B683A
:105FBC001B6802211846FFF7ADFB03469B0E03F04E
:105FCC001F0222E00200300400007F407B681B6847
:105FDC0002211846FFF79EFB0346C7F88C30D7F812
:105FEC008C3093FAA3F3C7F88830D7F88830C7F809
:105FFC009030D7F89030002B01D1202304E0D7F853
:10600C009030B3FA83F3DBB21A463B681B68C3F3D8
:10601C001303002B05D13B681B689B0E03F01F0379
:10602C0016E03B681B68C7F88030D7F8803093FACD
:10603C00A3F3FB67FB6FC7F88430D7F88430002BD1
:10604C0001D1202304E0D7F88430B3FA83F3DBB218
:10605C009A4206D17B681B68002202211846FFF782
:10606C006FFB7B681B6803211846FFF753FB034645
:10607C00C3F31303002B0AD17B681B68032118465A
:10608C00FFF748FB03469B0E03F01F0217E07B68EB
:10609C001B6803211846FFF73DFB03467B677B6FAC
:1060AC0093FAA3F33B673B6FBB67BB6F002B01D12C
:1060BC00202303E0BB6FB3FA83F3DBB21A463B68D1
:1060CC001B68C3F31303002B05D13B681B689B0EA5
:1060DC0003F01F0311E03B681B68BB66BB6E93FAB1
:1060EC00A3F37B667B6EFB66FB6E002B01D120233A
:1060FC0003E0FB6EB3FA83F3DBB29A4206D17B6802
:10610C001B68002203211846FFF71AFB7B681B68EB
:10611C001846FFF743FC0346002B40F03F817B6899
:10612C0018683B6819683B68DB681A46FFF7C4FBC4
:10613C003B68DB688E4A934240F030817B6818687C
:10614C003B681B68C3F31303002B0BD13B681B6824
:10615C009B0E013303F01F03092B94BF0123002373
:10616C00DBB219E03B681B68FB65FB6D93FAA3F38C
:10617C00BB65BB6D3B663B6E002B01D1202303E05E
:10618C003B6EB3FA83F3DBB2013303F01F03092B2D
:10619C0094BF01230023DBB2002B79D03B681B6832
:1061AC00C3F31303002B07D13B681B689B0E013311
:1061BC009B0603F0F84215E03B681B683B653B6DA2
:1061CC0093FAA3F3FB64FB6C7B657B6D002B01D115
:1061DC00202303E07B6DB3FA83F3DBB201339B0620
:1061EC0003F0F8423B681B68C3F31303002B09D17F
:1061FC003B681B689B0E013303F01F03012101FA5E
:10620C0003F317E03B681B687B647B6C93FAA3F386
:10621C003B643B6CBB64BB6C002B01D1202303E0C3
:10622C00BB6CB3FA83F3DBB2013303F01F03012120
:10623C0001FA03F342EA03013B681B68C3F313033F
:10624C00002B0AD13B681B689B0E013303F01F0225
:10625C0013465B0013441B0518E03B681B68BB63CB
:10626C00BB6B93FAA3F37B637B6BFB63FB6B002B26
:10627C0001D1202303E0FB6BB3FA83F3DBB20133D0
:10628C0003F01F0213465B0013441B050B4380E015
:10629C003B681B68C3F31303002B07D13B681B68D7
:1062AC009B0E01339B0603F0F84215E03B681B681C
:1062BC00FB62FB6A93FAA3F3BB62BB6A3B633B6B67
:1062CC00002B01D1202303E03B6BB3FA83F3DBB249
:1062DC0001339B0603F0F8423B681B68C3F31303BE
:1062EC00002B09D13B681B689B0E013303F01F0385
:1062FC00012101FA03F317E03B681B683B623B6A20
:10630C0093FAA3F3FB61FB697B627B6A002B01D1DF
:10631C00202303E07B6AB3FA83F3DBB2013303F08F
:10632C001F03012101FA03F342EA03013B681B68D6
:10633C00C3F31303002B0DD13B681B689B0E013379
:10634C0003F01F0213465B0013441E3B1B0543F076
:10635C0000731DE03B681B687B617B6993FAA3F3B8
:10636C003B613B69BB61BB69002B03D1202305E07A
:10637C0000007F40BB69B3FA83F3DBB2013303F057
:10638C001F0213465B0013441E3B1B0543F00073B6
:10639C000B433A6892681946FFF762FA3B681A6831
:1063AC00464B1340002B7ED04548FFF75BF9C7F8EE
:1063BC00C4003B681B68434A934224D1D7F8C430CD
:1063CC0003F40003002B1ED17B681B683E4A9342EA
:1063DC0069D1D7F8C43043F4000319463848FFF7A5
:1063EC002EF93A4B1B689B09394AA2FB03239B09E4
:1063FC0001335B00FB6002E0FB68013BFB60FB6868
:10640C00002BF9D14FE03B681B68324A934213D101
:10641C00D7F8C43003F08073002B0DD17B681B6858
:10642C002D4A93423FD1D7F8C43043F080731946BC
:10643C002348FFF704F936E03B681B68274A934270
:10644C0013D1D7F8C43003F48003002B0DD17B6833
:10645C001B681D4A934226D1D7F8C43043F48003FD
:10646C0019461748FFF7EBF81DE03B681B681C4A00
:10647C00934205D17B681B681846FFF701F912E0BF
:10648C003B681B68012B0ED17B681B681846FFF715
:10649C000BF908E07B689B6D43F020027B689A65E2
:1064AC00012387F8D7307B68002283F8542097F8B3
:1064BC00D7301846D837BD4680BD00BF00000880D5
:1064CC0000830242000021C300800242040000202D
:1064DC00632D3E050000294300810242000052C793
:1064EC0000005A4780B485B000AF78607B6803F039
:1064FC000703FB600C4BDB68BB60BA684FF6FF030D
:10650C001340BB60FB681A02BB68134343F0BF63C4
:10651C0043F40033BB60044ABB68D36000BF14373C
:10652C00BD465DF8047B704700ED00E080B400AF21
:10653C00044BDB681B0A03F007031846BD465DF8E5
:10654C00047B704700ED00E080B483B000AF0346DD
:10655C00FB80B7F90630002B0BDBFB8803F01F0226
:10656C000749B7F906305B09012000FA02F241F83D
:10657C00232000BF0C37BD465DF8047B704700BF7D
:10658C0000E100E080B483B000AF03463960FB80CB
:10659C00B7F90630002B0ADB3B68DAB20C49B7F9C5
:1065AC0006301201D2B20B4483F800230AE03B6898
:1065BC00DAB20849FB8803F00F03043B1201D2B294
:1065CC000B441A7600BF0C37BD465DF8047B704750
:1065DC0000E100E000ED00E080B489B000AFF860AD
:1065EC00B9607A60FB6803F00703FB61FB69C3F1D8
:1065FC000703042B28BF0423BB61FB690433062B60
:10660C0002D9FB69033B00E000237B614FF0FF32B2
:10661C00BB6902FA03F3DA43BB681A407B699A4000
:10662C004FF0FF317B6901FA03F3D9437B680B40D0
:10663C00134318462437BD465DF8047B704780B57C
:10664C0082B000AF78607868FFF74CFF00BF083766
:10665C00BD4680BD80B586B000AF0346B9607A6098
:10666C00FB81FFF763FF78617A68B9687869FFF797
:10667C00B3FF0246B7F90E3011461846FFF782FFFA
:10668C0000BF1837BD4680BD80B582B000AF034651
:10669C00FB80B7F906301846FFF756FF00BF0837E6
:1066AC00BD4680BD80B483B000AF78607B68013B91
:1066BC00B3F1807F01D301230DE00A4A7B68013BD3
:1066CC005360084B00229A60064B1B68054A43F046
:1066DC0003031360002318460C37BD465DF8047B9A
:1066EC00704700BF10E000E080B483B000AF78606A
:1066FC007B68042B44D801A252F823F02B670008C6
:10670C00496700086B6700088D6700081D67000863
:10671C001F4B1B681E4A43F00403136031E01C4BF3
:10672C001B681B4A23F0040313601A4BD3F8E430A4
:10673C00184A23F00C03C2F8E43022E0144B1B6817
:10674C00134A23F004031360124BD3F8E43023F004
:10675C000C03104A43F00403C2F8E43011E00C4B74
:10676C001B680B4A23F0040313600A4BD3F8E43084
:10677C0023F00C03074A43F00803C2F8E43000E0AE
:10678C0000BF00BF0C37BD465DF8047B704700BFEF
:10679C0010E000E0000C024480B483B000AF174B53
:1067AC001B6803F00403002B02D004237B601EE063
:1067BC00134BD3F8E43003F00C033B603B68082B1D
:1067CC000FD03B68082B0FD83B68002B03D03B68DD
:1067DC00042B03D008E000237B6008E001237B60DE
:1067EC0005E002237B6002E000237B6000BF7B6836
:1067FC0018460C37BD465DF8047B704710E000E08E
:10680C00000C024480B584B000AF7860FEF7D4FE73
:10681C00F8607B68002B01D10123F0E07B681B68DA
:10682C00794A934200F09F807B681B68774A9342B9
:10683C0000F099807B681B68754A934200F0938046
:10684C007B681B68734A934200F08D807B681B68E1
:10685C00714A934200F087807B681B686F4A9342B1
:10686C0000F081807B681B686D4A93427BD07B680B
:10687C001B686C4A934276D07B681B686A4A9342C9
:10688C0071D07B681B68694A93426CD07B681B682B
:10689C00674A934267D07B681B68664A934262D012
:1068AC007B681B68644A93425DD07B681B68634AB3
:1068BC00934258D07B681B68614A934253D07B68E3
:1068CC001B68604A93424ED07B681B685E4A9342B9
:1068DC0049D07B681B685D4A934244D07B681B6837
:1068EC005B4A93423FD07B681B685A4A93423AD02A
:1068FC007B681B68584A934235D07B681B68574AA3
:10690C00934230D07B681B68554A93422BD07B68EE
:10691C001B68544A934226D07B681B68524A9342A8
:10692C0021D07B681B68514A93421CD07B681B6842
:10693C004F4A934217D07B681B684E4A934212D041
:10694C007B681B684C4A93420DD07B681B684B4A92
:10695C00934208D07B681B68494A934203D07B68FA
:10696C001B68484A93427B68002283F84C207B6862
:10697C0093F85430DBB2002B0ED17B6800221A66E0
:10698C007B6800225A667B6800229A667B6800222C
:10699C00DA667B6800221A677B68022283F854202F
:1069AC007B681B685A697B681B6842F006025A6157
:1069BC000FE0FEF701FE0246FB68D31A052B08D93F
:1069CC007B6810229A657B68032283F8542001238C
:1069DC0015E07B681B685B6903F00103002BE8D1B1
:1069EC00786800F033F97B685A6B7B681A657B68B2
:1069FC0000229A657B68012283F8542000231846F4
:106A0C001037BD4680BD00BF500002405000025000
:106A1C00D0000240D0000250500102405001025000
:106A2C00D0010240D00102505002024050020250EC
:106A3C00D0020240D00202505003024050030250D8
:106A4C00D0030240D00302505010024050100250AC
:106A5C00D0100240D0100250501102405011025080
:106A6C00D0110240D011025050120240501202506C
:106A7C00D0120240D0120250501302405013025058
:106A8C00D0130240D013025080B584B000AF7860B0
:106A9C00FEF792FDF8607B68002B01D101236BE0BF
:106AAC007B6893F85430DBB2022B08D07B68202231
:106ABC009A657B68002283F84C2001235CE07B689C
:106ACC001B685A697B681B6842F004025A617B6838
:106ADC00052283F8542020E0FEF76EFD0246FB6889
:106AEC00D31A052B19D97B689B6D43F010027B6878
:106AFC009A657B68032283F854207B681B6D03F036
:106B0C008003002B03D07B685B6F01221A737B68B8
:106B1C00002283F84C2001232EE07B681B681B6944
:106B2C0003F40053002BD7D07B681B685A697B6831
:106B3C001B6842F002025A617B68042283F85420DD
:106B4C007B681B684FF4FE42DA607B68012283F895
:106B5C0054207B681B6D03F08003002B07D07B68EF
:106B6C005B6F01221A737B681B6800229A647B6836
:106B7C00002283F84C20002318461037BD4680BDF8
:106B8C0080B483B000AF78607B68002B01D1012307
:106B9C0019E07B6893F85430DBB2022B04D07B688D
:106BAC0020229A6501230EE07B68042283F854208E
:106BBC007B681B685B697A68126843F4005343F086
:106BCC0004035361002318460C37BD465DF8047B63
:106BDC00704780B485B000AF786039607B68002B5B
:106BEC0001D101232BE07B681B6823F47F6323F026
:106BFC000F03FB607B681B68C3F30B03503BDB0983
:106C0C0003F01F03012202FA03F3BB603B6803F09D
:106C1C001003002B12D03B6803F01103112B06D18B
:106C2C00FB685A68BB681A43FB685A6006E0FB684D
:106C3C005A68BB68DB431A40FB685A60002318464D
:106C4C001437BD465DF8047B7047000080B485B0F6
:106C5C0000AF78607B681B6AFB607B681B685B69B4
:106C6C0023F443017B681B68FA680A435A617B680A
:106C7C005A697B68DB691A437B681B691A437B681A
:106C8C009B691343FB607B681B68534A934200F07B
:106C9C00A0807B681B68514A934200F09A807B6805
:106CAC001B684F4A934200F094807B681B684D4AE6
:106CBC00934200F08E807B681B684B4A934200F035
:106CCC0088807B681B68494A934200F082807B680D
:106CDC001B68474A93427CD07B681B68454A9342A9
:106CEC0077D07B681B68444A934272D07B681B68E0
:106CFC00424A93426DD07B681B68414A934268D0EC
:106D0C007B681B683F4A934263D07B681B683E4A92
:106D1C0093425ED07B681B683C4A934259D07B6897
:106D2C001B683B4A934254D07B681B68394A934298
:106D3C004FD07B681B68384A93424AD07B681B68EB
:106D4C00364A934245D07B681B68354A934240D003
:106D5C007B681B68334A93423BD07B681B68324A82
:106D6C00934236D07B681B68304A934231D07B68A3
:106D7C001B682F4A93422CD07B681B682D4A934288
:106D8C0027D07B681B682C4A934222D07B681B68F7
:106D9C002A4A93421DD07B681B68294A934218D01B
:106DAC007B681B68274A934213D07B681B68264A72
:106DBC0093420ED07B681B68244A934209D07B68AF
:106DCC001B68234A934204D07B681B68214A934278
:106DDC0042D1012341E000BF50000240500002505C
:106DEC00D0000240D000025050010240500102502D
:106DFC00D0010240D0010250500202405002025019
:106E0C00D0020240D0020250500302405003025004
:106E1C00D0030240D00302505010024050100250D8
:106E2C00D0100240D01002505011024050110250AC
:106E3C00D0110240D0110250501202405012025098
:106E4C00D0120240D0120250501302405013025084
:106E5C00D0130240D01302500023002B12D07B68B9
:106E6C00DA6A7B689B6A013B1B0503F07C731A434F
:106E7C007B685B6A013B1B0103F47C731343FA6868
:106E8C001343FB607B681B681B6C03F080217B68E1
:106E9C001B68FA680A431A647B689A687B685B68AB
:106EAC00DBB21A437B681B6B1343FB607B68DB68AC
:106EBC00B3F5806F40F0B0807B681B68844A9342C6
:106ECC0000F0A0807B681B68824A934200F09A8095
:106EDC007B681B68804A934200F094807B681B6837
:106EEC007E4A934200F08E807B681B687C4A9342FA
:106EFC0000F088807B681B687A4A934200F082809D
:106F0C007B681B68784A93427CD07B681B68774A05
:106F1C00934277D07B681B68754A934272D07B682A
:106F2C001B68744A93426DD07B681B68724A93420B
:106F3C0068D07B681B68714A934263D07B681B687E
:106F4C006F4A93425ED07B681B686E4A934259D05D
:106F5C007B681B686C4A934254D07B681B686B4AF5
:106F6C0093424FD07B681B68694A93424AD07B6836
:106F7C001B68684A934245D07B681B68664A9342FB
:106F8C0040D07B681B68654A93423BD07B681B688A
:106F9C00634A934236D07B681B68624A934231D075
:106FAC007B681B68604A93422CD07B681B685F4AE5
:106FBC00934227D07B681B685D4A934222D07B6842
:106FCC001B685C4A93421DD07B681B685A4A9342EB
:106FDC0018D07B681B68594A934213D07B681B6896
:106FEC00574A93420ED07B681B68564A934209D08D
:106FFC007B681B68544A934204D07B681B68534AD5
:10700C00934201D1012300E00023002B0DD0FB683B
:10701C0043F48063FB6008E07B68DB68B3F5007FBA
:10702C0003D1FB6843F40073FB607B685B6BFA680D
:10703C001343FB607B681B685A6C454B13407A68A2
:10704C001268F9680B4353647B681B6800229A64CE
:10705C007B681B682A4A934222D07B681B68294AAA
:10706C0093421DD07B681B68274A934218D07B68DB
:10707C001B68264A934213D07B681B68304A9342A4
:10708C000ED07B681B682F4A934209D07B681B6823
:10709C002D4A934204D07B681B682C4A934201D141
:1070AC00012300E00023002B07D07B681B68002223
:1070BC005A657B681B6800229A657B681B680022F6
:1070CC00DA6700BF1437BD465DF8047B704700BF1C
:1070DC005000024050000250D0000240D00002503C
:1070EC005001024050010250D0010240D001025028
:1070FC005002024050020250D0020240D002025014
:10710C005003024050030250D0030240D0030250FF
:10711C005010024050100250D0100240D0100250BB
:10712C005011024050110250D0110240D0110250A7
:10713C005012024050120250D0120240D012025093
:10714C005013024050130250D0130240D01302507F
:10715C000021C03C80B584B000AF78607B68002B08
:10716C0001D1012347E17B6893F85C30DBB2002B43
:10717C0006D17B68002283F85D207868FDF7E2FB7E
:10718C007B681B689A697B681B6822F010029A6105
:10719C00FEF712FAF86012E0FEF70EFA0246FB68F0
:1071AC00D31A0A2B0BD97B681B6E43F001027B6848
:1071BC001A667B68032283F85C2001231BE17B6841
:1071CC001B689B6903F00803082BE5D07B681B68E0
:1071DC009A697B681B6842F001029A61FEF7ECF930
:1071EC00F86012E0FEF7E8F90246FB68D31A0A2BA6
:1071FC000BD97B681B6E43F001027B681A667B68B7
:10720C00032283F85C200123F5E07B681B689B69F3
:10721C0003F00103002BE5D07B681B689A697B683F
:10722C001B6842F002029A617B681B68744A9342A5
:10723C0003D1744A7B685B6813607B681B7C012BF1
:10724C0008D17B681B689A697B681B6822F0400236
:10725C009A6107E07B681B689A697B681B6842F03F
:10726C0040029A617B685B7C012B08D17B681B68B0
:10727C009A697B681B6842F480429A6107E07B68DC
:10728C001B689A697B681B6822F480429A617B6850
:10729C009B7C012B08D17B681B689A697B681B68F7
:1072AC0022F480529A6107E07B681B689A697B68BC
:1072BC001B6842F480529A617B681B689B6923F4BB
:1072CC0040717B689A687B681B680A439A617B688B
:1072DC001B689A697B681B6822F0A4029A617B6820
:1072EC001B681A697B681B6822F010021A617B68A4
:1072FC00DB68012B08D17B681B689A697B681B686B
:10730C0042F004029A612CE07B68DB68002B28D0E9
:10731C007B68DB68022B1CD07B681B689A697B68D6
:10732C001B6842F080029A617B681B681A697B6853
:10733C001B6842F010021A617B68DB68032B10D1CA
:10734C007B681B689A697B681B6842F020029A6113
:10735C0007E07B681B689A697B681B6842F0200217
:10736C009A617B689B69013B5A067B68DB69013B30
:10737C001B021A437B681B6A013B42EA03017B68D0
:10738C005B69013B1A047B681B680A43DA617B6802
:10739C009B68B3F5407F15D17B689B6A5A1E7B684E
:1073AC00DB6A013B1B021A437B681B6B013B1B0115
:1073BC0042EA03017B685B6A013B1A047B681B6829
:1073CC000A43DA607B681B68D3F8C0107B68DA6B01
:1073DC007B681B680A43C3F8C020786800F014F877
:1073EC007B6800229A657B6800221A667B68012202
:1073FC0083F85C20002318461037BD4680BD00BFC3
:10740C0000A4004000A5004080B485B000AF7860B7
:10741C002C4BBB607B681B682B4A934203D1BB6827
:10742C0003F55473BB607B68BA681A647B681B688D
:10743C00D3F8803023F4F8117B685B6B1A047B68FB
:10744C001B680A43C3F88020BB6803F170027B6899
:10745C005A647B681B68D3F8803023F070617B68BA
:10746C009B6B1A067B681B680A43C3F88020BB68B9
:10747C0003F1B0027B689A64BB6803F5C4727B6845
:10748C00DA64BB6803F518727B681A65BB6803F590
:10749C001E727B685A65BB68FB6005E0FB680022C6
:1074AC001A60FB680433FB60BB6803F55473FA681D
:1074BC009A42F3D300BF00BF1437BD465DF8047B7E
:1074CC00704700BF00AC004000A8004080B487B0FB
:1074DC0000AF7860396000233B6142E13B681A6879
:1074EC0001213B6901FA03F31340FB60FB68002B9D
:1074FC0000F034813B685B68022B03D03B685B680F
:10750C00122B25D13B69DA087B68083253F82230FC
:10751C007B613B6903F007039B000F2202FA03F324
:10752C00DB437A6913407B613B681B6903F00F02F4
:10753C003B6903F007039B0002FA03F37A691343D8
:10754C007B613B69DA087B680832796943F8221061
:10755C007B681B687B613B695B00032202FA03F3C7
:10756C00DB437A6913407B613B685B6803F0030281
:10757C003B695B0002FA03F37A6913437B617B6816
:10758C007A691A603B685B68012B0BD03B685B68BF
:10759C00022B07D03B685B68112B03D03B685B6800
:1075AC00122B30D17B689B687B613B695B000322AB
:1075BC0002FA03F3DB437A6913407B613B68DA68B8
:1075CC003B695B0002FA03F37A6913437B617B68C6
:1075DC007A699A607B685B687B6101223B6902FA7D
:1075EC0003F3DB437A6913407B613B685B681B09DF
:1075FC0003F001023B6902FA03F37A6913437B61DE
:10760C007B687A695A603B685B6803F00303032B61
:10761C0009D13B685B6803F00303032B1BD13B6868
:10762C009B68012B17D07B68DB687B613B695B0037
:10763C00032202FA03F3DB437A6913407B613B6854
:10764C009A683B695B0002FA03F37A6913437B6126
:10765C007B687A69DA603B685B6803F08053002BC7
:10766C007CD0474A3B699B08183352F823307B6126
:10767C003B6903F00303DB000F2202FA03F3DB4345
:10768C007A6913407B617B689A0A3E4B13403A69D6
:10769C0002F00302D20093407A6913437B613849AC
:1076AC003B699B0818337A6941F82320344B1B68DB
:1076BC007B61FB68DB437A6913407B613B685B68E9
:1076CC0003F48013002B03D07A69FB6813437B61AE
:1076DC002B4A7B6913602A4B5B687B61FB68DB433D
:1076EC007A6913407B613B685B6803F40013002BE1
:1076FC0003D07A69FB6813437B61214A7B69536031
:10770C001F4BD3F884307B61FB68DB437A691340F1
:10771C007B613B685B6803F40033002B03D07A6910
:10772C00FB6813437B61164A7B69C2F88430144BA7
:10773C00D3F880307B61FB68DB437A6913407B6153
:10774C003B685B6803F48033002B03D07A69FB68D9
:10775C0013437B610A4A7B69C2F880303B69013371
:10776C003B613B681A683B6922FA03F3002B7FF4F8
:10777C00B5AE00BF00BF1C37BD465DF8047B70473B
:10778C00002002447F7F2F0080B400AF054B1B68A4
:10779C00044A43F00103136000231846BD465DF80C
:1077AC00047B70470004034080B586B002AF78605C
:1077BC007B68002B01D10123F3E07B6893F89532B1
:1077CC00DBB2002B06D17B68002283F89422786808
:1077DC00FDF7F2FC7B68032283F895227B681B681B
:1077EC00184609F0D0FC7B6818687B681A7C8DF809
:1077FC00002004330ECB09F0A8FC0346002B05D067
:10780C007B68022283F895220123CAE07B681B68FF
:10781C000021184609F0CCFC0346002B05D07B68F0
:10782C00022283F895220123BBE00023FB733FE087
:10783C00FA7B796813469B001344DB000B44153329
:10784C0001221A70FA7B796813469B001344DB0003
:10785C000B441433FA7B1A70FA7B796813469B003D
:10786C001344DB000B44173300221A70FA7B79683F
:10787C0013469B001344DB000B44243300221A6094
:10788C00FA7B796813469B001344DB000B442833C6
:10789C0000221A60FB7B79685A1C13469B00134428
:1078AC00DB000B44043300221A60FB7B0133FB73B7
:1078BC007B681B79FA7B9A42BAD30023FB7344E0B2
:1078CC00FA7B796813469B001344DB000B4403F2EC
:1078DC00551300221A70FA7B796813469B001344E7
:1078EC00DB000B4403F5AA73FA7B1A70FA7B7968F8
:1078FC0013469B001344DB000B4403F25713002286
:10790C001A70FA7B796813469B001344DB000B4416
:10791C0003F5B27300221A60FA7B796813469B0058
:10792C001344DB000B4403F5B47300221A60FA7B9A
:10793C00796813469B001344DB000B4403F5B673C4
:10794C0000221A60FB7B0133FB737B681B79FA7B8B
:10795C009A42B5D37B6818687B681A7C8DF8002036
:10796C0004330ECB09F047FC0346002B05D07B6893
:10797C00022283F89522012313E07B6800225A74BB
:10798C007B68012283F895227B681B7B012B02D13B
:10799C00786800F00AF87B681B68184609F04EFC02
:1079AC00002318461037BD4680BD80B485B000AFAB
:1079BC0078607B681B68FB607B680122C3F8D82267
:1079CC007B68002283F8CC22FB685B6D43F00102DC
:1079DC00FB685A65FB685B6D43F00202FB685A65F5
:1079EC00002318461437BD465DF8047B7047000031
:1079FC0080B400AF054B9B6B044A43F00073936358
:107A0C0000BFBD465DF8047B704700BF0008024410
:107A1C0080B588B000AF78607B68002B02D1012361
:107A2C0000F028BC944BDB6903F01803FB61924B0C
:107A3C009B6A03F00303BB617B681B6803F01003B4
:107A4C00002B5BD0FB69082B05D0FB69182B14D1DC
:107A5C00BB69022B11D17B68DB69002B02D101239E
:107A6C0000F008BC844B9B6923F47C127B681B6A76
:107A7C001B04814913438B6140E07B68DB69002B5D
:107A8C0023D07D4B1B687C4A43F480731360FDF755
:107A9C0093FD786108E0FDF78FFD02467B69D31AF0
:107AAC00022B01D90323E5E3734B1B6803F400732A
:107ABC00002BF0D0704B9B6923F47C127B681B6A03
:107ACC001B046D4913438B6118E06B4B1B686A4AAE
:107ADC0023F480731360FDF76FFD786108E0FDF708
:107AEC006BFD02467B69D31A022B01D90323C1E338
:107AFC00614B1B6803F40073002BF0D17B681B688F
:107B0C0003F00103002B00F0A080FB69102B05D0C3
:107B1C00FB69182B09D1BB69032B06D17B685B6809
:107B2C00002B40F092800123A4E37B685B68B3F5E3
:107B3C00803F06D1504B1B684F4A43F4803313608F
:107B4C0058E07B685B68002B12D14B4B1B684A4A90
:107B5C0023F480331360484B1B68474A23F480138B
:107B6C001360454B1B68444A23F48023136041E0A7
:107B7C007B685B68B3F5A02F12D13F4B1B683E4A64
:107B8C0043F4802313603C4B1B683B4A23F4801363
:107B9C001360394B1B68384A43F48033136029E077
:107BAC007B685B68B3F5A81F12D1334B1B68324A54
:107BBC0043F480231360304B1B682F4A43F480132B
:107BCC0013602D4B1B682C4A43F48033136011E077
:107BDC00294B1B68284A23F480331360264B1B68FF
:107BEC00254A23F480231360234B1B68224A23F479
:107BFC00801313607B685B68002B13D0FDF7DCFCF3
:107C0C00786108E0FDF7D8FC02467B69D31A642B37
:107C1C0001D903232EE3184B1B6803F40033002B0C
:107C2C00F0D012E0FDF7C8FC786108E0FDF7C4FC69
:107C3C0002467B69D31A642B01D903231AE30E4B3A
:107C4C001B6803F40033002BF0D17B681B6803F036
:107C5C000203002B00F09A80FB69002B05D0FB6916
:107C6C00182B49D1BB69012B46D17B68DB68002BF3
:107C7C0004D10123FEE200BF000C0244FB69002B7F
:107C8C001CD19A4B1B6803F018027B681B699A4243
:107C9C0014D0964B1B6823F018027B681B69934920
:107CAC0013430B6000F0D0FD914B1B681846FDF799
:107CBC00F9FB0346002B01D00123DBE2FDF77CFC32
:107CCC00786108E0FDF778FC02467B69D31A022B39
:107CDC0001D90323CEE2854B1B6803F00203002B72
:107CEC00F0D0824B1B6923F4FE027B685B691B049A
:107CFC007E4913430B6149E07B68DB68002B2CD079
:107D0C007A4B1B6823F018027B681B697749134375
:107D1C000B60764B1B68754A43F001031360FDF74B
:107D2C004BFC786108E0FDF747FC02467B69D31AEF
:107D3C00022B01D903239DE26C4B1B6803F0020359
:107D4C00002BF0D0694B1B6923F4FE027B685B6946
:107D5C001B04664913430B6118E0644B1B68634AB0
:107D6C0023F001031360FDF727FC786108E0FDF7B1
:107D7C0023FC02467B69D31A022B01D9032379E237
:107D8C005A4B1B6803F00203002BF0D17B681B6875
:107D9C0003F00803002B3CD07B689B69002B1CD0A4
:107DAC00524BD3F8F030514A43F08063C2F8F030B4
:107DBC00FDF702FC786108E0FDF7FEFB02467B69EB
:107DCC00D31A022B01D9032354E2484BD3F8F030D9
:107DDC0003F00063002BEFD01BE0444BD3F8F030E2
:107DEC00424A23F08063C2F8F030FDF7E5FB78617E
:107DFC0008E0FDF7E1FB02467B69D31A022B01D99F
:107E0C00032337E2394BD3F8F03003F00063002B37
:107E1C00EFD17B681B6803F00403002B00F0D280C9
:107E2C00344B5B6A03F00103002B18D1314B5B6AB6
:107E3C00304A43F001035362FDF7BEFB786108E062
:107E4C00FDF7BAFB02467B69D31A022B01D9032337
:107E5C0010E2284B5B6A03F00103002BF0D07B6827
:107E6C009B68012B08D1214BD3F8F0301F4A43F00B
:107E7C000103C2F8F03074E07B689B68002B18D1CA
:107E8C001A4BD3F8F030194A23F00103C2F8F03042
:107E9C00164BD3F8F030154A23F08003C2F8F030BB
:107EAC00124BD3F8F030114A23F00403C2F8F0302F
:107EBC0057E07B689B68052B1ED10C4BD3F8F03038
:107ECC000A4A43F00403C2F8F030084BD3F8F03000
:107EDC00064A23F08003C2F8F030044BD3F8F0309C
:107EEC00024A43F00103C2F8F0303AE0000C0244BD
:107EFC0008000020000802447B689B68852B18D181
:107F0C00A24BD3F8F030A14A43F00403C2F8F0308E
:107F1C009E4BD3F8F0309D4A43F08003C2F8F0300A
:107F2C009A4BD3F8F030994A43F00103C2F8F03081
:107F3C0017E0964BD3F8F030944A23F00103C2F8C3
:107F4C00F030924BD3F8F030904A23F00403C2F88F
:107F5C00F0308E4BD3F8F0308C4A23F08003C2F80B
:107F6C00F0307B689B68002B16D0FDF725FB786101
:107F7C000AE0FDF721FB02467B69D31A41F28832F5
:107F8C00934201D9032375E1804BD3F8F03003F011
:107F9C000203002BEDD015E0FDF70EFB78610AE033
:107FAC00FDF70AFB02467B69D31A41F288329342F1
:107FBC0001D903235EE1754BD3F8F03003F00203D3
:107FCC00002BEDD17B681B6803F02003002B36D00F
:107FDC007B685B6A002B19D06C4B1B686B4A43F4B3
:107FEC0080531360FDF7E8FA786108E0FDF7E4FAD6
:107FFC0002467B69D31A022B01D903233AE1634B66
:10800C001B6803F40053002BF0D018E05F4B1B6887
:10801C005E4A23F480531360FDF7CEFA786108E0D2
:10802C00FDF7CAFA02467B69D31A022B01D9032346
:10803C0020E1564B1B6803F40053002BF0D17B68F6
:10804C009B6A002B00F01581FB69182B00F0AF80A8
:10805C007B689B6A022B40F086804C4B1B684B4A1A
:10806C0023F080731360FDF7A7FA786108E0FDF741
:10807C00A3FA02467B69D31A022B01D90323F9E038
:10808C00424B1B6803F00073002BF0D13F4B9B6AF3
:10809C0023F47C5323F003037A68D16A7A68126B59
:1080AC0012020A43394913438B627B685B6B013BB9
:1080BC00C3F308027B689B6B013B5B029BB21A43C8
:1080CC007B68DB6B013B1B0403F4FE031A437B68E8
:1080DC001B6C013B1B0603F0FE432C4913434B6303
:1080EC002A4B9B6A294A23F0100393627B68DB6C52
:1080FC00264ADB009363254B9B6A244A43F010030A
:10810C009362224B9B6A23F00C027B685B6C1F49C9
:10811C0013438B621D4B9B6A23F020027B689B6C84
:10812C001A4913438B62194B9B6A184A43F48033E8
:10813C009362164B1B68154A43F080731360FDF76E
:10814C003BFA786108E0FDF737FA02467B69D31AEF
:10815C00022B01D903238DE00C4B1B6803F0007339
:10816C00002BF0D085E0094B1B68084A23F0807384
:10817C001360FDF721FA78610AE0FDF71DFA02465B
:10818C007B69D31A022B03D9032373E0000C02443E
:10819C003A4B1B6803F00073002BEED1374B9B6AF4
:1081AC00364A23F4E02323F00303936261E0334B5C
:1081BC009B6A3B61314B5B6BFB607B689B6A012B61
:1081CC0031D03B6903F003027B68DB6A9A422AD107
:1081DC003B691B0A03F03F027B681B6B9A4222D15E
:1081EC00FB68C3F308027B685B6B013B9A421AD1B4
:1081FC00FB685B0A03F07F027B689B6B013B9A4236
:10820C0011D1FB681B0C03F07F027B68DB6B013B1D
:10821C009A4208D1FB681B0E03F07F027B681B6C33
:10822C00013B9A4201D0012324E0144B9B6BDB08E9
:10823C00C3F30C027B68DB6C9A421AD00F4B9B6A1F
:10824C000E4A23F010039362FDF7B6F9786100BF74
:10825C00FDF7B2F902467B699342F9D07B68DB6C7F
:10826C00064ADB009363054B9B6A044A43F01003F8
:10827C009362002318462037BD4680BD000C024493
:10828C0080B584B000AF786039607B68002B01D179
:10829C0001239EE1834B1B6803F00F033A689A425B
:1082AC0010D9804B1B6823F00F027E493B681343A7
:1082BC000B607C4B1B6803F00F033A689A4201D0A9
:1082CC00012386E17B681B6803F01003002B12D09E
:1082DC007B685A69744B1B6A1B0A03F070039A4241
:1082EC0009D9714B1B6A23F4E0427B685B691B0262
:1082FC006D4913430B627B681B6803F00803002B6A
:10830C0012D07B681A69684B1B6A1B0903F0700357
:10831C009A4209D9644B1B6A23F4E0627B681B699F
:10832C001B01614913430B627B681B6803F0040358
:10833C00002B10D07B68DA685B4B1B6A03F0700370
:10834C009A4208D9584B1B6A23F070027B68DB6891
:10835C00554913430B627B681B6803F00203002B27
:10836C0010D07B689A68504B1B6A03F00F039A423B
:10837C0008D94D4B1B6A23F00F027B689B684A4956
:10838C0013430B627B681B6803F00103002B00F0A6
:10839C0093807B685B68032B07D1434B1B6803F00E
:1083AC000073002B21D1012313E17B685B68022B46
:1083BC0007D13D4B1B6803F40033002B15D101236F
:1083CC0007E17B685B68012B07D1374B1B6803F413
:1083DC000073002B09D10123FBE0334B1B6803F026
:1083EC000203002B01D10123F3E02F4BDB6923F0B7
:1083FC0003027B685B682C491343CB61FDF7DCF807
:10840C00F8607B685B68032B12D10AE0FDF7D4F8A7
:10841C000246FB68D31A41F28832934201D90323F6
:10842C00D7E0214BDB6903F01803182BEED143E0A6
:10843C007B685B68022B12D10AE0FDF7BDF802469F
:10844C00FB68D31A41F28832934201D90323C0E06E
:10845C00154BDB6903F01803102BEED12CE07B6875
:10846C005B68012B22D10AE0FDF7A6F80246FB68F7
:10847C00D31A41F28832934201D90323A9E00A4B63
:10848C00DB6903F01803082BEED115E0FDF794F827
:10849C000246FB68D31A41F28832934206D9032371
:1084AC0097E000BF00200240000C02444B4BDB69FC
:1084BC0003F01803002BE9D17B681B6803F002035F
:1084CC00002B10D07B689A68444B1B6A03F00F0397
:1084DC009A4208D2414B1B6A23F00F027B689B68BF
:1084EC003E4913430B623E4B1B6803F00F033A6883
:1084FC009A4210D23A4B1B6823F00F0238493B6862
:10850C0013430B60364B1B6803F00F033A689A4217
:10851C0001D001235DE07B681B6803F00403002B92
:10852C0010D07B68DA682D4B1B6A03F070039A42FB
:10853C0008D22A4B1B6A23F070027B68DB68274940
:10854C0013430B627B681B6803F00803002B12D0EB
:10855C007B681A69214B1B6A1B0903F070039A4252
:10856C0009D21E4B1B6A23F4E0627B681B691B015A
:10857C001A4913430B627B681B6803F01003002B32
:10858C0012D07B685A69154B1B6A1B0A03F07003E7
:10859C009A4209D2114B1B6A23F4E0427B685B6957
:1085AC001B020E4913430B6200F022F802460B4BE0
:1085BC001B6A03F00F030B49CB5C22FA03F30A4A44
:1085CC0013600A4B1B681846FCF76CFF0346FB72E2
:1085DC00FB7A18461037BD4680BD00BF000C024424
:1085EC0000200240901D010804000020080000201B
:1085FC0080B489B000AF8C4BDB6903F01803082BF7
:10860C0002D18A4BFB6107E1874BDB6903F018034E
:10861C00002B12D1844B1B6803F02003002B09D0D4
:10862C00814B1B68DB0803F00303814A22FA03F336
:10863C00FB61F1E07E4BFB61EEE07B4BDB6903F011
:10864C001803102B02D17B4BFB61E5E0764BDB6909
:10865C0003F01803182B40F0DD80734B9B6A03F07A
:10866C0003037B61704B9B6A1B0A03F03F033B6166
:10867C006D4B9B6A1B0903F00103FB606A4B9B6B00
:10868C00DB08C3F30C03FA6802FB03F307EE903A22
:10869C00F8EE677AC7ED027A3B69002B00F0B780E1
:1086AC007B69012B03D07B69032B56D077E05E4BA3
:1086BC001B6803F02003002B2DD05B4B1B68DB08E1
:1086CC0003F003035A4A22FA03F37B607B6807EE3C
:1086DC00903AF8EE676A3B6907EE903AF8EE677AE3
:1086EC0086EEA77A504B5B6BC3F3080307EE903A08
:1086FC00F8EE676A97ED026ADFED4F5AC6EE257AFF
:10870C0076EEA77AF7EE006A77EEA67A67EE277A0E
:10871C00C7ED067A65E03B6907EE903AF8EE677AAA
:10872C00DFED466A86EEA77A3F4B5B6BC3F308031B
:10873C0007EE903AF8EE676A97ED026ADFED3E5A63
:10874C00C6EE257A76EEA77AF7EE006A77EEA67A71
:10875C0067EE277AC7ED067A43E03B6907EE903A5D
:10876C00F8EE677ADFED366A86EEA77A2E4B5B6BF6
:10877C00C3F3080307EE903AF8EE676A97ED026AC6
:10878C00DFED2D5AC6EE257A76EEA77AF7EE006A63
:10879C0077EEA67A67EE277AC7ED067A21E03B6979
:1087AC0007EE903AF8EE677ADFED266A86EEA77A46
:1087BC001D4B5B6BC3F3080307EE903AF8EE676A48
:1087CC0097ED026ADFED1C5AC6EE257A76EEA77A93
:1087DC00F7EE006A77EEA67A67EE277AC7ED067A8F
:1087EC0000BF114B5B6B5B0A03F07F0301333B60F3
:1087FC003B6807EE903AB8EE677AD7ED066AC6EE9C
:10880C00877AFCEEE77A17EE903AFB6104E00023DE
:10881C00FB6101E0064BFB61FB6918462437BD4642
:10882C005DF8047B704700BF000C024400093D005A
:10883C000090D0030024F400000000460024744C87
:10884C000024744B0024744A80B500AFFFF7D0FEAF
:10885C000246084B1B6A03F00F030749CB5C03F07D
:10886C001F0322FA03F3054A1360044B1B681846D6
:10887C0080BD00BF000C0244901D010804000020C4
:10888C0080B500AFFFF7E0FF0246064B1B6A1B09E1
:10889C0003F007030449CB5C03F01F0322FA03F334
:1088AC00184680BD000C0244A01D010880B500AF25
:1088BC00FFF7CAFF0246064B1B6A1B0A03F00703AD
:1088CC000449CB5C03F01F0322FA03F3184680BD66
:1088DC00000C0244A01D010880B500AFFFF7B4FFE7
:1088EC000246064B1B6A1B0B03F007030449CB5CC7
:1088FC0003F01F0322FA03F3184680BD000C024458
:10890C00A01D01082DE9B04FD8B000AFC7F84C013D
:10891C00002387F85B31002387F85A31D7F84C31A4
:10892C00D3E9002302F08074002554EA05030BD030
:10893C00CD4BD3F8E83023F04041D7F84C319B6D48
:10894C00C94A0B43C2F8E830D7F84C31D3E90023BD
:10895C0002F001084FF0000958EA090342D0D7F899
:10896C004C31DB6D052B23D801A252F823F000BF4C
:10897C00C589000895890008A9890008C5890008DF
:10898C00C5890008C5890008D7F84C31083318464A
:10899C0004F0E8FE034687F85B310EE0D7F84C3163
:1089AC003033184604F076FF034687F85B3104E059
:1089BC00012387F85B3100E000BF97F85B31002B97
:1089CC000CD1A94BD3F8D83023F00701D7F84C3190
:1089DC00DB6DA54A0B43C2F8D83003E097F85B3146
:1089EC0087F85A31D7F84C31D3E9002302F0020A48
:1089FC004FF0000B5AEA0B0300F08880D7F84C318B
:108A0C001B6E282B68D801A252F823F0ED8A0008BF
:108A1C00E58A0008E58A0008E58A0008E58A00086E
:108A2C00E58A0008E58A0008E58A0008BD8A000886
:108A3C00E58A0008E58A0008E58A0008E58A00084E
:108A4C00E58A0008E58A0008E58A0008D18A000852
:108A5C00E58A0008E58A0008E58A0008E58A00082E
:108A6C00E58A0008E58A0008E58A0008ED8A000816
:108A7C00E58A0008E58A0008E58A0008E58A00080E
:108A8C00E58A0008E58A0008E58A0008ED8A0008F6
:108A9C00E58A0008E58A0008E58A0008E58A0008EE
:108AAC00E58A0008E58A0008E58A0008ED8A0008D6
:108ABC00D7F84C310833184604F054FE034687F8B7
:108ACC005B310EE0D7F84C313033184604F0E2FE3F
:108ADC00034687F85B3104E0012387F85B3100E043
:108AEC0000BF97F85B31002B0CD15F4BD3F8D8301B
:108AFC0023F03801D7F84C311B6E5B4A0B43C2F89C
:108B0C00D83003E097F85B3187F85A31D7F84C31FD
:108B1C00D3E9002302F00403C7F840310023C7F85F
:108B2C004431D7E950120B4613434ED0D7F84C3191
:108B3C005B6EB3F5A07F2CD0B3F5A07F25D8B3F531
:108B4C00807F28D0B3F5807F1FD8C02B25D0C02BB9
:108B5C001BD8802B0FD0802B17D8002B1FD0402B6D
:108B6C0013D1D7F84C310833184604F0FBFD0346FB
:108B7C0087F85B3114E0D7F84C313033184604F0E9
:108B8C0089FE034687F85B310AE0012387F85B31E5
:108B9C0006E000BF04E000BF02E000BF00E000BF41
:108BAC0097F85B31002B0CD12F4BD3F8D83023F432
:108BBC00E071D7F84C315B6E2B4A0B43C2F8D830BE
:108BCC0003E097F85B3187F85A31D7F84C31D3E989
:108BDC00002302F00803C7F838310023C7F83C31F2
:108BEC00D7E94E120B46134356D0D7F84C319B6E37
:108BFC00B3F5206F31D0B3F5206F2AD8B3F5006FE1
:108C0C002DD0B3F5006F24D8B3F5C06F29D0B3F5D0
:108C1C00C06F1ED8B3F5806F11D0B3F5806F18D824
:108C2C00002B23D0B3F5007F13D1D7F84C31083388
:108C3C00184604F097FD034687F85B3117E0D7F828
:108C4C004C313033184604F025FE034687F85B316F
:108C5C000DE0012387F85B3109E000BF07E000BF9E
:108C6C0005E000BF03E000BF000C024400BF97F812
:108C7C005B31002B0CD1BB4BD3F8D83023F46061A3
:108C8C00D7F84C319B6EB74A0B43C2F8D83003E08F
:108C9C0097F85B3187F85A31D7F84C31D3E9002378
:108CAC0002F01003C7F830310023C7F83431D7E98C
:108CBC004C120B46134353D0D7F84C31DB6EB3F543
:108CCC00A04F31D0B3F5A04F2AD8B3F5804F2DD09B
:108CDC00B3F5804F24D8B3F5405F29D0B3F5405F8E
:108CEC001ED8B3F5005F11D0B3F5005F18D8002B78
:108CFC0020D0B3F5805F13D1D7F84C310833184628
:108D0C0004F030FD034687F85B3114E0D7F84C31A2
:108D1C003033184604F0BEFD034687F85B310AE099
:108D2C00012387F85B3106E000BF04E000BF02E0DE
:108D3C0000BF00E000BF97F85B31002B0CD1894BD2
:108D4C00D3F8D83023F4E041D7F84C31DB6E854AA8
:108D5C000B43C2F8D83003E097F85B3187F85A31EF
:108D6C00D7F84C31D3E9002302F02003C7F828319F
:108D7C000023C7F82C31D7E94A120B46134353D0C2
:108D8C00D7F84C311B6FB3F5203F31D0B3F5203FF2
:108D9C002AD8B3F5003F2DD0B3F5003F24D8B3F556
:108DAC00C03F29D0B3F5C03F1ED8B3F5803F11D0DA
:108DBC00B3F5803F18D8002B20D0B3F5004F13D15A
:108DCC00D7F84C310833184604F0CCFC034687F82E
:108DDC005B3114E0D7F84C313033184604F05AFDAF
:108DEC00034687F85B310AE0012387F85B3106E024
:108DFC0000BF04E000BF02E000BF00E000BF97F836
:108E0C005B31002B0CD1574BD3F8D83023F46031A5
:108E1C00D7F84C311B6F534A0B43C2F8D83003E0E0
:108E2C0097F85B3187F85A31D7F84C31D3E90023E6
:108E3C0002F04003C7F820310023C7F82431D7E9EA
:108E4C0048120B46134353D0D7F84C315B6FB3F534
:108E5C00A01F31D0B3F5A01F2AD8B3F5801F2DD099
:108E6C00B3F5801F24D8B3F5402F29D0B3F5402F8C
:108E7C001ED8B3F5002F11D0B3F5002F18D8002B46
:108E8C0020D0B3F5802F13D1D7F84C3108331846C6
:108E9C0004F068FC034687F85B3114E0D7F84C31DA
:108EAC003033184604F0F6FC034687F85B310AE0D1
:108EBC00012387F85B3106E000BF04E000BF02E04D
:108ECC0000BF00E000BF97F85B31002B0CD1254BA5
:108EDC00D3F8D83023F4E011D7F84C315B6F214A2A
:108EEC000B43C2F8D83003E097F85B3187F85A315E
:108EFC00D7F84C31D3E9002302F08003C7F81831BE
:108F0C000023C7F81C31D7E946120B46134355D042
:108F1C00D7F84C319B6FB3F5200F33D0B3F5200F3E
:108F2C002CD8B3F5000F2FD0B3F5000F26D8B3F51E
:108F3C00C00F2BD0B3F5C00F20D8B3F5800F13D0D2
:108F4C00B3F5800F1AD8002B22D0B3F5001F15D122
:108F5C00D7F84C310833184604F004FC034687F864
:108F6C005B3116E0000C0244D7F84C313033184614
:108F7C0004F090FC034687F85B310AE0012387F884
:108F8C005B3106E000BF04E000BF02E000BF00E080
:108F9C0000BF97F85B31002B0CD1BB4BD3F8D8300A
:108FAC0023F46001D7F84C319B6FB74A0B43C2F8DE
:108FBC00D83003E097F85B3187F85A31D7F84C3149
:108FCC00D3E9002302F48073C7F810310023C7F8EB
:108FDC001431D7E944120B46134353D0D7F84C3114
:108FEC00DB6FB3F1A06F31D0B3F1A06F2AD8B3F11E
:108FFC00806F2DD0B3F1806F24D8B3F1407F29D08E
:10900C00B3F1407F1ED8B3F1007F11D0B3F1007FD4
:10901C0018D8002B20D0B3F1807F13D1D7F84C3166
:10902C000833184604F09EFB034687F85B3114E0C6
:10903C00D7F84C313033184604F02CFC034687F833
:10904C005B310AE0012387F85B3106E000BF04E0E6
:10905C0000BF02E000BF00E000BF97F85B31002BBF
:10906C000CD1894BD3F8D83023F0E061D7F84C31D0
:10907C00DB6F854A0B43C2F8D83003E097F85B31BD
:10908C0087F85A31D7F84C31D3E9002302F4007336
:10909C00C7F808310023C7F80C31D7E942120B4648
:1090AC00134355D0D7F84C31D3F88030B3F1205F4F
:1090BC0031D0B3F1205F2AD8B3F1005F2DD0B3F1DA
:1090CC00005F24D8B3F1C05F29D0B3F1C05F1ED8C4
:1090DC00B3F1805F11D0B3F1805F18D8002B20D092
:1090EC00B3F1006F13D1D7F84C310833184604F0A4
:1090FC0039FB034687F85B3114E0D7F84C31303339
:10910C00184604F0C7FB034687F85B310AE00123DD
:10911C0087F85B3106E000BF04E000BF02E000BF4F
:10912C0000E000BF97F85B31002B0DD1564BD3F804
:10913C00D83023F06051D7F84C31D3F88030524AF4
:10914C000B43C2F8D83003E097F85B3187F85A31FB
:10915C00D7F84C31D3E9002302F48063C7F800310F
:10916C000023C7F80431D7E940120B46134344D00F
:10917C00D7F84C31D3F88430052B23D801A252F800
:10918C0023F000BFD9910008A9910008BD910008F7
:10919C00D9910008D9910008D9910008D7F84C3121
:1091AC000833184604F0DEFA034687F85B310EE00C
:1091BC00D7F84C313033184604F06CFB034687F873
:1091CC005B3104E0012387F85B3100E000BF97F8C6
:1091DC005B31002B0DD12C4BD3F8DC3023F0070185
:1091EC00D7F84C31D3F88430274A0B43C2F8DC3023
:1091FC0003E097F85B3187F85A31D7F84C31D3E953
:10920C00002302F40063C7F8F8300023C7F8FC30E1
:10921C00D7E93E120B4613434FD0D7F84C31D3F855
:10922C008830502B29D0502B23D8402B27D0402BC3
:10923C001FD8302B25D0302B1BD8202B0FD0202B18
:10924C0017D8002B22D0102B13D1D7F84C31083360
:10925C00184604F087FA034687F85B3117E0D7F815
:10926C004C313033184604F015FB034687F85B315C
:10927C000DE0012387F85B3109E000BF07E000BF78
:10928C0005E000BF03E000BF000C024400BF97F8EC
:10929C005B31002B0DD1AF4BD3F8DC3023F07001D8
:1092AC00D7F84C31D3F88830AA4A0B43C2F8DC30DB
:1092BC0003E097F85B3187F85A31D7F84C31D3E992
:1092CC00002302F48053C7F8F0300023C7F8F430C1
:1092DC00D7E93C120B46134355D0D7F84C31D3F891
:1092EC008C30B3F1A06F31D0B3F1A06F2AD8B3F1A9
:1092FC00806F2DD0B3F1806F24D8B3F1407F29D08B
:10930C00B3F1407F1ED8B3F1007F11D0B3F1007FD1
:10931C0018D8002B20D0B3F1807F13D1D7F84C3163
:10932C000833184604F01EFA034687F85B3114E044
:10933C00D7F84C313033184604F0ACFA034687F8B2
:10934C005B310AE0012387F85B3106E000BF04E0E3
:10935C0000BF02E000BF00E000BF97F85B31002BBC
:10936C000DD17C4BD3F8E03023F0E061D7F84C31D1
:10937C00D3F88C30774A0B43C2F8E03003E097F80F
:10938C005B3187F85A31D7F84C31D3E9002302F41A
:10939C000053C7F8E8300023C7F8EC30D7E93A128D
:1093AC000B4613433DD0D7F84C31D3F89030B3F57E
:1093BC00403F1BD0B3F5403F14D8B3F5003F17D056
:1093CC00B3F5003F0ED8002B14D0B3F5803F09D174
:1093DC00D7F84C313033184604F05CFA034687F862
:1093EC005B3108E0012387F85B3104E000BF02E049
:1093FC0000BF00E000BF97F85B31002B0DD1554B3F
:10940C00D3F8E43023F44031D7F84C31D3F8903012
:10941C00504A0B43C2F8E43003E097F85B3187F80D
:10942C005A31D7F84C31D3E9002302F48043C7F802
:10943C00E0300023C7F8E430D7E938120B46134369
:10944C003DD0D7F84C31D3F89430B3F5402F1BD026
:10945C00B3F5402F14D8B3F5002F17D0B3F5002F68
:10946C000ED8002B14D0B3F5802F09D1D7F84C317E
:10947C003033184604F00EFA034687F85B3108E0E7
:10948C00012387F85B3104E000BF02E000BF00E07D
:10949C0000BF97F85B31002B0DD12E4BD3F8E43085
:1094AC0023F44021D7F84C31D3F89430294A0B439C
:1094BC00C2F8E43003E097F85B3187F85A31D7F8FB
:1094CC004C31D3E9002302F40043C7F8D830002311
:1094DC00C7F8DC30D7E936120B46134340D0D7F827
:1094EC004C31D3F89830B3F5401F1BD0B3F5401F67
:1094FC0014D8B3F5001F17D0B3F5001F0ED8002BEE
:10950C0014D0B3F5801F09D1D7F84C31303318463D
:10951C0004F0C0F9034687F85B3108E0012387F8B3
:10952C005B3104E000BF02E000BF00E000BF97F831
:10953C005B31002B10D1074BD3F8E43023F44011EE
:10954C00D7F84C31D3F89830024A0B43C2F8E430C8
:10955C0006E000BF000C024497F85B3187F85A31E3
:10956C00D7F84C31D3E900230021C7F8D01003F40D
:10957C008063C7F8D430D7E934120B4613433DD07F
:10958C00D7F84C31D3F89C30B3F5400F1BD0B3F562
:10959C00400F14D8B3F5000F17D0B3F5000F0ED849
:1095AC00002B14D0B3F5800F09D1D7F84C313033E0
:1095BC00184604F06FF9034687F85B3108E0012385
:1095CC0087F85B3104E000BF02E000BF00E000BFA1
:1095DC0097F85B31002B0DD1BE4BD3F8E43023F45C
:1095EC004001D7F84C31D3F89C30BA4A0B43C2F83F
:1095FC00E43003E097F85B3187F85A31D7F84C31F7
:10960C00D3E9002302F48033C7F8C8300023C7F82D
:10961C00CC30D7E932120B46134335D0D7F84C3146
:10962C00D3F8A030B3F1007F15D0B3F1007F0ED882
:10963C00002B12D0B3F1807F09D1D7F84C313033E5
:10964C00184604F027F9034687F85B3106E001233E
:10965C0087F85B3102E000BF00E000BF97F85B3198
:10966C00002B0DD19B4BD3F8E43023F04071D7F88D
:10967C004C31D3F8A030974A0B43C2F8E43003E0E6
:10968C0097F85B3187F85A31D7F84C31D3E900237E
:10969C000021C7F8C01003F40063C7F8C430D7E941
:1096AC0030120B4613430ED08A4BDB69894A23F4E4
:1096BC000043D361874BD969D7F84C31D3F80431C7
:1096CC00844A0B43D361D7F84C31D3E9002302F41D
:1096DC000033C7F8B8300023C7F8BC30D7E92E12D6
:1096EC000B46134355D0D7F84C31D3F8A430B3F50F
:1096FC00A06F31D0B3F5A06F2AD8B3F5806F2DD001
:10970C00B3F5806F24D8B3F5407F29D0B3F5407FF3
:10971C001ED8B3F5007F11D0B3F5007F18D8002BFD
:10972C0020D0B3F5807F13D1D7F84C3108331846CD
:10973C0004F018F8034687F85B3114E0D7F84C3185
:10974C003033184604F0A6F8034687F85B310AE07C
:10975C00012387F85B3106E000BF04E000BF02E0A4
:10976C0000BF00E000BF97F85B31002B0DD1594BC7
:10977C00D3F8DC3023F4E061D7F84C31D3F8A430C3
:10978C00544A0B43C2F8DC3003E097F85B3187F89E
:10979C005A31D7F84C31D3E9002302F48023C7F8AF
:1097AC00B0300023C7F8B430D7E92C120B46134362
:1097BC0055D0D7F84C31D3F8A830B3F5A04F31D0F1
:1097CC00B3F5A04F2AD8B3F5804F2DD0B3F5804F09
:1097DC0024D8B3F5405F29D0B3F5405F1ED8B3F55C
:1097EC00005F11D0B3F5005F18D8002B20D0B3F573
:1097FC00805F13D1D7F84C310833184603F0B2FF11
:10980C00034687F85B3114E0D7F84C3130331846F7
:10981C0004F040F8034687F85B310AE0012387F82F
:10982C005B3106E000BF04E000BF02E000BF00E0D7
:10983C0000BF97F85B31002B0DD1264BD3F8DC30F1
:10984C0023F4E041D7F84C31D3F8A830214A0B432C
:10985C00C2F8DC3003E097F85B3187F85A31D7F85F
:10986C004C31D3E900230021C7F8A81003F02003E2
:10987C00C7F8AC30D7E92A120B46134357D0D7F8A8
:10988C004C31D3F8AC30B3F5A02F33D0B3F5A02FB7
:10989C002CD8B3F5802F2FD0B3F5802F26D8B3F565
:1098AC00403F2BD0B3F5403F20D8B3F5003F13D049
:1098BC00B3F5003F1AD8002B22D0B3F5803F15D159
:1098CC00D7F84C310833184603F04CFF034687F8A1
:1098DC005B3116E0000C0244D7F84C31303318469B
:1098EC0003F0D8FF034687F85B310AE0012387F8C1
:1098FC005B3106E000BF04E000BF02E000BF00E007
:10990C0000BF97F85B31002B0DD1BB4BD3F8DC308B
:10991C0023F4E021D7F84C31D3F8AC30B64A0B43E2
:10992C00C2F8DC3003E097F85B3187F85A31D7F88E
:10993C004C31D3E900230021C7F8A01003F04003F9
:10994C00C7F8A430D7E928120B46134355D0D7F8E3
:10995C004C31D3F8B030B3F5A00F31D0B3F5A00F24
:10996C002AD8B3F5800F2DD0B3F5800F24D8B3F5DA
:10997C00401F29D0B3F5401F1ED8B3F5001F11D0DE
:10998C00B3F5001F18D8002B20D0B3F5801F13D1CE
:10999C00D7F84C310833184603F0E4FE034687F839
:1099AC005B3114E0D7F84C313033184603F072FFBA
:1099BC00034687F85B310AE0012387F85B3106E048
:1099CC0000BF04E000BF02E000BF00E000BF97F85A
:1099DC005B31002B0DD1884BD3F8DC3023F4E00144
:1099EC00D7F84C31D3F8B030834A0B43C2F8DC3093
:1099FC0003E097F85B3187F85A31D7F84C31D3E94B
:109A0C0000230021C7F8981003F08003C7F89C309E
:109A1C00D7E926120B46134355D0D7F84C31D3F85F
:109A2C00B430B3F1A06F31D0B3F1A06F2AD8B3F139
:109A3C00806F2DD0B3F1806F24D8B3F1407F29D043
:109A4C00B3F1407F1ED8B3F1007F11D0B3F1007F8A
:109A5C0018D8002B20D0B3F1807F13D1D7F84C311C
:109A6C000833184603F07EFE034687F85B3114E09A
:109A7C00D7F84C313033184603F00CFF034687F807
:109A8C005B310AE0012387F85B3106E000BF04E09C
:109A9C0000BF02E000BF00E000BF97F85B31002B75
:109AAC000DD1554BD3F8DC3023F0E061D7F84C31B5
:109ABC00D3F8B430504A0B43C2F8DC3003E097F8CB
:109ACC005B3187F85A31D7F84C31D3E900230021A8
:109ADC00C7F8901003F48073C7F89430D7E92412B8
:109AEC000B46134355D0D7F84C31D3F8B830B3F1FB
:109AFC00A04F31D0B3F1A04F2AD8B3F1804F2DD065
:109B0C00B3F1804F24D8B3F1405F29D0B3F1405F5B
:109B1C001ED8B3F1005F11D0B3F1005F18D8002B41
:109B2C0020D0B3F1805F13D1D7F84C3108331846ED
:109B3C0003F018FE034687F85B3114E0D7F84C317C
:109B4C003033184603F0A6FE034687F85B310AE073
:109B5C00012387F85B3106E000BF04E000BF02E0A0
:109B6C0000BF00E000BF97F85B31002B0DD1224BFA
:109B7C00D3F8DC3023F0E041D7F84C31D3F8B830CF
:109B8C001D4A0B43C2F8DC3003E097F85B3187F8D1
:109B9C005A31D7F84C31D3E9002302F40023C7F82B
:109BAC0088300023C7F88C30D7E922120B461343B8
:109BBC0055D0D7F84C31D3F8C030B3F5802F35D011
:109BCC00B3F5802F2ED8B3F5403F31D0B3F5403FDD
:109BDC0028D8B3F5003F1BD0B3F5003F22D8002B9B
:109BEC0003D0B3F5803F09D01CE0034B9B6A024ABB
:109BFC0043F4003393621CE0000C0244D7F84C3160
:109C0C000833184603F0AEFD034687F85B3110E0CD
:109C1C00D7F84C313033184603F03CFE034687F836
:109C2C005B3106E0012387F85B3102E000BF00E006
:109C3C0000BF97F85B31002B0DD1C44BD3F8E83043
:109C4C0023F4E021D7F84C31D3F8C030BF4A0B4392
:109C5C00C2F8E83003E097F85B3187F85A31D7F84F
:109C6C004C31D3E9002302F48013C7F88030002371
:109C7C00C7F88430D7E920120B46134351D0D7F8DC
:109C8C004C31D3F8C430B3F5001F33D0B3F5001FFB
:109C9C002CD8B3F5C01F2DD0B3F5C01F26D8B3F503
:109CAC00801F19D0B3F5801F20D8002B03D0B3F53B
:109CBC00002F07D01AE0A54B9B6AA44A43F400334B
:109CCC00936218E0D7F84C310833184603F04AFD7C
:109CDC00034687F85B310EE0D7F84C313033184629
:109CEC0003F0D8FD034687F85B3104E0012387F8C5
:109CFC005B3100E000BF97F85B31002B0DD1934B2B
:109D0C00D3F8E83023F46011D7F84C31D3F8C430D1
:109D1C008E4A0B43C2F8E83003E097F85B3187F8C2
:109D2C005A31D7F84C31D3E9002302F40013BB6746
:109D3C000023FB67D7E91E120B46134332D0D7F82A
:109D4C004C31D3F8D430052B0FD8032B11D2012B67
:109D5C0011D9022B09D1D7F84C310833184603F02E
:109D6C0001FD034687F85B3106E0012387F85B3180
:109D7C0002E000BF00E000BF97F85B31002B0DD173
:109D8C00724BD3F8E83023F00701D7F84C31D3F8F5
:109D9C00D4306E4A0B43C2F8E83003E097F85B31DD
:109DAC0087F85A31D7F84C31D3E9002300213967B1
:109DBC0003F400737B67D7E91C120B46134324D0C2
:109DCC00D7F84C31D3F8D830002B05D0082B05D060
:109DDC00012387F85B3102E000BF00E000BF97F879
:109DEC005B31002B0DD1594BD3F8E83023F008012F
:109DFC00D7F84C31D3F8D830544A0B43C2F8E8307A
:109E0C0003E097F85B3187F85A31D7F84C31D3E936
:109E1C00002302F00073BB660023FB66D7E91A121D
:109E2C000B46134300F0BB80494B5B6A484A43F036
:109E3C0001035362FBF7C0FBC7F854010BE0FBF7BF
:109E4C00BBFB0246D7F85431D31A022B03D9032398
:109E5C0087F85B3105E03E4B5B6A03F00103002B96
:109E6C00EDD097F85B31002B40F09580374BD3F851
:109E7C00F03003F44073C7F85C31D7F85C31002B39
:109E8C0025D0D7F84C31D3F8F83003F44072D7F81A
:109E9C005C3193421BD02D4BD3F8F03023F440733C
:109EAC00C7F85C31294BD3F8F030284A43F480339F
:109EBC00C2F8F030254BD3F8F030244A23F4803329
:109ECC00C2F8F030214AD7F85C31C2F8F030D7F83C
:109EDC005C3103F00103002B19D0FBF76DFBC7F8C5
:109EEC0054010DE0FBF768FB0246D7F85431D21A47
:109EFC0041F288339A4203D9032387F85B3106E099
:109F0C00124BD3F8F03003F00203002BEAD097F891
:109F1C005B31002B3AD1D7F84C31D3F8F83003F43D
:109F2C004073B3F5407F15D1084BDB6923F47C51AA
:109F3C00D7F84C31D3F8F8301B0923F07F4323F0CA
:109F4C003003024A0B43D3610AE000BF000C024409
:109F5C00000802449F4BDB699E4A23F47C53D36177
:109F6C009C4BD3F8F0309B4A23F44073C2F8F0308A
:109F7C00984BD3F8F010D7F84C31D3F8F830C3F332
:109F8C000B03944A0B43C2F8F03008E097F85B31AE
:109F9C0087F85A3103E097F85B3187F85A31D7F8D4
:109FAC004C31D3E9002302F080633B6600237B66CF
:109FBC00D7E918120B46134335D0D7F84C31D3F8E8
:109FCC00C830302B14D0302B0ED8202B12D0202B95
:109FDC000AD8002B10D0102B06D17E4B9B6A7D4AE1
:109FEC0043F40033936208E0012387F85B3104E00B
:109FFC0000BF02E000BF00E000BF97F85B31002B10
:10A00C000DD1744BD3F8E83023F03001D7F84C3134
:10A01C00D3F8C8306F4A0B43C2F8E83003E097F826
:10A02C005B3187F85A31D7F84C31D3E9002302F46D
:10A03C008003BB650023FB65D7E916120B4613435F
:10A04C0033D0D7F84C31D3F8CC30002B02D0402B86
:10A05C0007D010E05F4B9B6A5E4A43F40033936277
:10A06C000DE0D7F84C310833184603F07BFB034660
:10A07C0087F85B3103E0012387F85B3100BF97F869
:10A08C005B31002B0DD1534BD3F8E43023F040015E
:10A09C00D7F84C31D3F8CC304E4A0B43C2F8E430ED
:10A0AC0003E097F85B3187F85A31D7F84C31D3E994
:10A0BC00002302F400033B6500237B65D7E91412EF
:10A0CC000B46134333D0D7F84C31D3F8D030002B98
:10A0DC0002D0802B07D010E03E4B9B6A3D4A43F4E4
:10A0EC00003393620DE0D7F84C310833184603F077
:10A0FC0039FB034687F85B3103E0012387F85B31BA
:10A10C0000BF97F85B31002B0DD1324BD3F8E43004
:10A11C0023F08001D7F84C31D3F8D0302D4A0B43C3
:10A12C00C2F8E43003E097F85B3187F85A31D7F87E
:10A13C004C31D3E9002302F00063BB640023FB64C1
:10A14C00D7E912120B4613434AD0D7F84C31D3F847
:10A15C00E030042B27D801A252F823F07DA100088F
:10A16C008BA100089FA10008BBA10008BBA100089F
:10A17C00184B9B6A174A43F40033936218E0D7F8E4
:10A18C004C310833184603F0EDFA034687F85B317F
:10A19C000EE0D7F84C313033184603F07BFB034606
:10A1AC0087F85B3104E0012387F85B3100E000BFE6
:10A1BC0097F85B31002B0FD1064BD3F8E03023F02E
:10A1CC000701D7F84C31D3F8E030024A0B43C2F800
:10A1DC00E03005E0000C024497F85B3187F85A3107
:10A1EC00D7F84C31D3E9002302F080533B640023B1
:10A1FC007B64D7E910120B46134300F08180D7F82B
:10A20C004C31D3F8E430202B5FD801A252F823F064
:10A21C00A1A20008D7A20008D7A20008D7A2000864
:10A22C00D7A20008D7A20008D7A20008D7A200081E
:10A23C00AFA20008D7A20008D7A20008D7A2000836
:10A24C00D7A20008D7A20008D7A20008D7A20008FE
:10A25C00C3A20008D7A20008D7A20008D7A2000802
:10A26C00D7A20008D7A20008D7A20008D7A20008DE
:10A27C00DFA20008D7A20008D7A20008D7A20008C6
:10A28C00D7A20008D7A20008D7A20008D7A20008BE
:10A29C00DFA20008AB4B9B6AAA4A43F400339362DB
:10A2AC0018E0D7F84C310833184603F05BFA034634
:10A2BC0087F85B310EE0D7F84C313033184603F099
:10A2CC00E9FA034687F85B3104E0012387F85B3138
:10A2DC0000E000BF97F85B31002B0DD1994BD3F800
:10A2EC00E03023F03801D7F84C31D3F8E430954AFC
:10A2FC000B43C2F8E03003E097F85B3187F85A3132
:10A30C00D7F84C31D3E9002302F00053BB63002390
:10A31C00FB63D7E90E120B4613434ED0D7F84C31E2
:10A32C00D3F8E830B3F5807F2ED0B3F5807F27D8F3
:10A33C00C02B2BD0C02B23D8802B17D0802B1FD811
:10A34C00002B02D0402B07D01AE07E4B9B6A7D4A33
:10A35C0043F4003393621AE0D7F84C3108331846B3
:10A36C0003F000FA034687F85B3110E0D7F84C3164
:10A37C003033184603F08EFA034687F85B3106E05B
:10A38C00012387F85B3102E000BF00E000BF97F8C3
:10A39C005B31002B0DD16B4BD3F8E03023F4E07123
:10A3AC00D7F84C31D3F8E830664A0B43C2F8E030AA
:10A3BC0003E097F85B3187F85A31D7F84C31D3E981
:10A3CC00002302F080433B6300237B63D7E90C122C
:10A3DC000B46134355D0D7F84C31D3F8EC30B3F5CA
:10A3EC00206F31D0B3F5206F2AD8B3F5006F2DD084
:10A3FC00B3F5006F24D8B3F5C06F29D0B3F5C06F97
:10A40C001ED8B3F5806F11D0B3F5806F18D8002B20
:10A41C0020D0B3F5007F13D1D7F84C310833184650
:10A42C0003F0A0F9034687F85B3114E0D7F84C3100
:10A43C003033184603F02EFA034687F85B310AE0F6
:10A44C00012387F85B3106E000BF04E000BF02E0A7
:10A45C0000BF00E000BF97F85B31002B0DD1394BEA
:10A46C00D3F8E03023F46061D7F84C31D3F8EC30FA
:10A47C00344A0B43C2F8E03003E097F85B3187F8BD
:10A48C005A31D7F84C31D3E9002302F00043BB62B8
:10A49C000023FB62D7E90A120B46134358D0D7F8B6
:10A4AC004C31D3F8F030B3F5A04F31D0B3F5A04F09
:10A4BC002AD8B3F5804F2DD0B3F5804F24D8B3F5FF
:10A4CC00405F29D0B3F5405F1ED8B3F5005F11D0C3
:10A4DC00B3F5005F18D8002B20D0B3F5805F13D1F3
:10A4EC00D7F84C310833184603F03CF9034687F88B
:10A4FC005B3114E0D7F84C313033184603F0CAF90D
:10A50C00034687F85B310AE0012387F85B3106E0EC
:10A51C0000BF04E000BF02E000BF00E000BF97F8FE
:10A52C005B31002B10D1074BD3F8E03023F4E04221
:10A53C00D7F84C31D3F8F03002491343C1F8E0306E
:10A54C0006E000BF000C024497F85B3187F85A31E3
:10A55C00D7F84C31D3E900230021396203F0010311
:10A56C007B62D7E908120B46134355D0D7F84C3110
:10A57C00D3F8F430B3F5203F31D0B3F5203F2AD8CF
:10A58C00B3F5003F2DD0B3F5003F24D8B3F5C03F51
:10A59C0029D0B3F5C03F1ED8B3F5803F11D0B3F529
:10A5AC00803F18D8002B20D0B3F5004F13D1D7F82B
:10A5BC004C310833184603F0D5F8034687F85B3165
:10A5CC0014E0D7F84C313033184603F063F90346E6
:10A5DC0087F85B310AE0012387F85B3106E000BFA6
:10A5EC0004E000BF02E000BF00E000BF97F85B3161
:10A5FC00002B0DD1884BD3F8E03023F46032D7F820
:10A60C004C31D3F8F43084491343C1F8E03003E003
:10A61C0097F85B3187F85A31D7F84C31D3E90023DE
:10A62C000021B96103F00203FB61D7E906120B4666
:10A63C0013433DD0D7F84C31D3F8DC30032B1CD866
:10A64C0001A252F823F000BF8FA6000865A60008EF
:10A65C0073A600088FA600086F4B9B6A6E4A43F4E2
:10A66C00003393620EE0D7F84C310833184603F0F0
:10A67C0079F8034687F85B3104E0012387F85B31F6
:10A68C0000E000BF97F85B31002B0DD1624BD3F883
:10A69C00E43023F00302D7F84C31D3F8DC305E49B8
:10A6AC001343C1F8E43003E097F85B3187F85A3173
:10A6BC00D7F84C31D3E900230021396103F00403AE
:10A6CC007B61D7E904120B4613433AD0D7F84C31CF
:10A6DC00D3F8BC30B3F5007F0ED0B3F5007F15D89E
:10A6EC00002B17D0B3F5807F10D14B4B9B6A4A4A95
:10A6FC0043F4003393620EE0D7F84C31083318461C
:10A70C0003F030F8034687F85B3104E0012387F847
:10A71C005B3100E000BF97F85B31002B0DD13E4B55
:10A72C00D3F8E83023F44072D7F84C31D3F8BC306E
:10A73C0039491343C1F8E83003E097F85B3187F8E7
:10A74C005A31D7F84C31D3E900230021B96003F01A
:10A75C001003FB60D7E902120B46134338D0D7F82D
:10A76C004C31D3F80031302B1BD0302B15D8102B9B
:10A77C0002D0202B07D010E0274B9B6A264A43F4CB
:10A78C00003393620EE0D7F84C313033184603F0A7
:10A79C0081F8034687F85B3104E0012387F85B31CD
:10A7AC0000E000BF97F85B31002B0DD11A4BD3F8AA
:10A7BC00E43023F03002D7F84C31D3F8003116498D
:10A7CC001343C1F8E43003E097F85B3187F85A3152
:10A7DC00D7F84C31D3E900230021396003F008038A
:10A7EC007B60D7E900120B4613430CD00A4BD3F80D
:10A7FC00E83023F0C002D7F84C31D3F8FC300649CE
:10A80C001343C1F8E83097F85A31184607F5B0777A
:10A81C00BD46BDE8B08F00BF000C024480B48BB0C5
:10A82C0000AF7860AE4B5B6BC3F308033B62AC4B81
:10A83C009B6A03F00303FB61A94B9B6A1B0A03F0A1
:10A84C003F03BB61A64B9B6A1B0903F001037B61B1
:10A85C00A34B9B6BDB08C3F30C037A6902FB03F37A
:10A86C0007EE903AF8EE677AC7ED047ABB69002BD5
:10A87C0000F02681FB69032B53D0FB69032B6FD8A7
:10A88C00FB69012B03D0FB69022B2BD068E0944BA6
:10A89C001B68DB0803F00303924A22FA03F3FB6004
:10A8AC00FB6807EE903AF8EE676ABB6907EE903AE0
:10A8BC00F8EE677A86EEA77A3B6A07EE903AF8EEE6
:10A8CC00676A97ED046ADFED885AC6EE257A76EE54
:10A8DC00A77AF7EE006A77EEA67A67EE277AC7EDCD
:10A8EC00097A68E0BB6907EE903AF8EE677ADFED1B
:10A8FC007F6A86EEA77A3B6A07EE903AF8EE676AB3
:10A90C0097ED046ADFED785AC6EE257A76EEA77AD3
:10A91C00F7EE006A77EEA67A67EE277AC7ED097A2A
:10A92C0049E0BB6907EE903AF8EE677ADFED706AA2
:10A93C0086EEA77A3B6A07EE903AF8EE676A97EDD7
:10A94C00046ADFED695AC6EE257A76EEA77AF7EE41
:10A95C00006A77EEA67A67EE277AC7ED097A2AE0C5
:10A96C005F4B1B68DB0803F003035E4A22FA03F318
:10A97C00FB60FB6807EE903AF8EE676ABB6907EE7E
:10A98C00903AF8EE677A86EEA77A3B6A07EE903A31
:10A99C00F8EE676A97ED046ADFED535AC6EE257A36
:10A9AC0076EEA77AF7EE006A77EEA67A67EE277A4C
:10A9BC00C7ED097A00BF4A4B1B6803F00073B3F173
:10A9CC00007F21D1464B9B6A03F48033002B17D0B8
:10A9DC00434B5B6B5B0A03F07F0307EE903AF8EE98
:10A9EC00677AB7EE007A37EE877AD7ED096AC6EE4A
:10A9FC00877AFCEEE77A17EE902A7B681A6006E0FD
:10AA0C007B6800221A6002E07B6800221A60344BDB
:10AA1C001B6803F00073B3F1007F21D1304B9B6AAC
:10AA2C0003F40033002B17D02D4B5B6B1B0C03F086
:10AA3C007F0307EE903AF8EE677AB7EE007A37EEBE
:10AA4C00877AD7ED096AC6EE877AFCEEE77A17EEBD
:10AA5C00902A7B685A6006E07B6800225A6002E00C
:10AA6C007B6800225A601E4B1B6803F00073B3F125
:10AA7C00007F21D11A4B9B6A03F48023002B17D043
:10AA8C00174B5B6B1B0E03F07F0307EE903AF8EE4F
:10AA9C00677AB7EE007A37EE877AD7ED096AC6EE99
:10AAAC00877AFCEEE77A17EE902A7B689A6010E0C2
:10AABC007B6800229A600CE07B6800229A6008E0B8
:10AACC007B6800221A607B6800225A607B68002237
:10AADC009A6000BF2C37BD465DF8047B704700BF01
:10AAEC00000C02440090D003000000460024744A7D
:10AAFC000024744B80B48BB000AF7860AE4BDB6B32
:10AB0C00C3F308033B62AC4BDB6A03F00303FB614A
:10AB1C00A94BDB6A1B0A03F03F03BB61A64BDB6A44
:10AB2C001B0903F001037B61A34B1B6CDB08C3F314
:10AB3C000C037A6902FB03F307EE903AF8EE677A9E
:10AB4C00C7ED047ABB69002B00F02681FB69032B4F
:10AB5C0053D0FB69032B6FD8FB69012B03D0FB6926
:10AB6C00022B2BD068E0944B1B68DB0803F003032B
:10AB7C00924A22FA03F3FB60FB6807EE903AF8EE78
:10AB8C00676ABB6907EE903AF8EE677A86EEA77AA9
:10AB9C003B6A07EE903AF8EE676A97ED046ADFEDD0
:10ABAC00885AC6EE257A76EEA77AF7EE006A77EE2B
:10ABBC00A67A67EE277AC7ED097A68E0BB6907EEDB
:10ABCC00903AF8EE677ADFED7F6A86EEA77A3B6AF9
:10ABDC0007EE903AF8EE676A97ED046ADFED785A63
:10ABEC00C6EE257A76EEA77AF7EE006A77EEA67AAD
:10ABFC0067EE277AC7ED097A49E0BB6907EE903A10
:10AC0C00F8EE677ADFED706A86EEA77A3B6A07EE9C
:10AC1C00903AF8EE676A97ED046ADFED695AC6EE72
:10AC2C00257A76EEA77AF7EE006A77EEA67A67EECB
:10AC3C00277AC7ED097A2AE05F4B1B68DB0803F023
:10AC4C0003035E4A22FA03F3FB60FB6807EE903ABB
:10AC5C00F8EE676ABB6907EE903AF8EE677A86EE13
:10AC6C00A77A3B6A07EE903AF8EE676A97ED046AAA
:10AC7C00DFED535AC6EE257A76EEA77AF7EE006A28
:10AC8C0077EEA67A67EE277AC7ED097A00BF4A4BB2
:10AC9C001B6803F00063B3F1006F21D1464BDB6AF4
:10ACAC0003F48033002B17D0434BDB6B5B0A03F0B0
:10ACBC007F0307EE903AF8EE677AB7EE007A37EE3C
:10ACCC00877AD7ED096AC6EE877AFCEEE77A17EE3B
:10ACDC00902A7B681A6006E07B6800221A6002E00A
:10ACEC007B6800221A60344B1B6803F00063B3F1DD
:10ACFC00006F21D1304BDB6A03F40033002B17D0EB
:10AD0C002D4BDB6B1B0C03F07F0307EE903AF8EE38
:10AD1C00677AB7EE007A37EE877AD7ED096AC6EE16
:10AD2C00877AFCEEE77A17EE902A7B685A6006E089
:10AD3C007B6800225A6002E07B6800225A601E4B3E
:10AD4C001B6803F00063B3F1006F21D11A4BDB6A6F
:10AD5C0003F48023002B17D0174BDB6B1B0E03F077
:10AD6C007F0307EE903AF8EE677AB7EE007A37EE8B
:10AD7C00877AD7ED096AC6EE877AFCEEE77A17EE8A
:10AD8C00902A7B689A6010E07B6800229A600CE045
:10AD9C007B6800229A6008E07B6800221A607B685E
:10ADAC0000225A607B6800229A6000BF2C37BD4697
:10ADBC005DF8047B704700BF000C02440090D00388
:10ADCC00000000460024744A0024744B80B48BB0FD
:10ADDC0000AF7860AE4B5B6CC3F308033B62AC4BCB
:10ADEC001B6B03F00303FB61A94B1B6B1B0A03F0EA
:10ADFC003F03BB61A64B1B6B1B0903F001037B617B
:10AE0C00A34B9B6CDB08C3F30C037A6902FB03F3C3
:10AE1C0007EE903AF8EE677AC7ED047ABB69002B1F
:10AE2C0000F02681FB69032B53D0FB69032B6FD8F1
:10AE3C00FB69012B03D0FB69022B2BD068E0944BF0
:10AE4C001B68DB0803F00303924A22FA03F3FB604E
:10AE5C00FB6807EE903AF8EE676ABB6907EE903A2A
:10AE6C00F8EE677A86EEA77A3B6A07EE903AF8EE30
:10AE7C00676A97ED046ADFED885AC6EE257A76EE9E
:10AE8C00A77AF7EE006A77EEA67A67EE277AC7ED17
:10AE9C00097A68E0BB6907EE903AF8EE677ADFED65
:10AEAC007F6A86EEA77A3B6A07EE903AF8EE676AFD
:10AEBC0097ED046ADFED785AC6EE257A76EEA77A1E
:10AECC00F7EE006A77EEA67A67EE277AC7ED097A75
:10AEDC0049E0BB6907EE903AF8EE677ADFED706AED
:10AEEC0086EEA77A3B6A07EE903AF8EE676A97ED22
:10AEFC00046ADFED695AC6EE257A76EEA77AF7EE8C
:10AF0C00006A77EEA67A67EE277AC7ED097A2AE00F
:10AF1C005F4B1B68DB0803F003035E4A22FA03F362
:10AF2C00FB60FB6807EE903AF8EE676ABB6907EEC8
:10AF3C00903AF8EE677A86EEA77A3B6A07EE903A7B
:10AF4C00F8EE676A97ED046ADFED535AC6EE257A80
:10AF5C0076EEA77AF7EE006A77EEA67A67EE277A96
:10AF6C00C7ED097A00BF4A4B1B6803F00053B3F1DD
:10AF7C00005F21D1464B1B6B03F48033002B17D0A1
:10AF8C00434B5B6C5B0A03F07F0307EE903AF8EEE1
:10AF9C00677AB7EE007A37EE877AD7ED096AC6EE94
:10AFAC00877AFCEEE77A17EE902A7B681A6006E047
:10AFBC007B6800221A6002E07B6800221A60344B26
:10AFCC001B6803F00053B3F1005F21D1304B1B6BB6
:10AFDC0003F40033002B17D02D4B5B6C1B0C03F0D0
:10AFEC007F0307EE903AF8EE677AB7EE007A37EE09
:10AFFC00877AD7ED096AC6EE877AFCEEE77A17EE08
:10B00C00902A7B685A6006E07B6800225A6002E056
:10B01C007B6800225A601E4B1B6803F00053B3F18F
:10B02C00005F21D11A4B1B6B03F48023002B17D02C
:10B03C00174B5B6C1B0E03F07F0307EE903AF8EE98
:10B04C00677AB7EE007A37EE877AD7ED096AC6EEE3
:10B05C00877AFCEEE77A17EE902A7B689A6010E00C
:10B06C007B6800229A600CE07B6800229A6008E002
:10B07C007B6800221A607B6800225A607B68002281
:10B08C009A6000BF2C37BD465DF8047B704700BF4B
:10B09C00000C02440090D003000000460024744AC7
:10B0AC000024744B90B58FB000AFC7E900010021AC
:10B0BC007963002139630021F962D7E9000100F1BD
:10B0CC007E44214350D1264BD3F8F03003F4407327
:10B0DC00FB62234BD3F8F03003F00203022B08D1B0
:10B0EC00FB6AB3F5807F04D14FF400437B6302F01D
:10B0FC002ABB1B4BD3F8F03003F00063B3F1006FA5
:10B10C0008D1FB6AB3F5007F04D14FF4FA437B639B
:10B11C0002F019BB124B1B6803F40033B3F5003F6C
:10B12C0019D1FB6AB3F5407F15D10D4BDB6903F4E4
:10B13C007C53B3F5007F0AD3094BDB691B0A03F080
:10B14C003F03084AB2FBF3F37B6302F0FCBA002323
:10B15C007B6302F0F8BA00237B6302F0F4BA00BF01
:10B16C00000C02440024F400D7E90001A1F580642E
:10B17C0050EA040101F07582D7E90001012871F54C
:10B18C00806182F0DD82D7E90001A1F5007450EAFC
:10B19C00040101F06C81D7E90001012871F50071FF
:10B1AC0082F0CE82D7E90001A1F5807450EA040147
:10B1BC0001F00286D7E90001012871F5807182F057
:10B1CC00BF82D7E90001A1F1800450EA040101F02B
:10B1DC004C85D7E90001012871F1800182F0B08221
:10B1EC00D7E90001A1F1400450EA040101F09E846A
:10B1FC00D7E90001012871F1400182F0A182D7E961
:10B20C000001A1F1200450EA040101F0E883D7E920
:10B21C000001012871F1200182F09282D7E900012E
:10B22C00A1F1100450EA040102F05682D7E90001A2
:10B23C00012871F1100182F08382D7E90001A1F19C
:10B24C00080450EA040102F0CC81D7E9000101287E
:10B25C0071F1080182F07482D7E900010C1F50EAE9
:10B26C00040101F04886D7E90001012871F10401BD
:10B27C0082F06682D7E900018C1E50EA040102F0CC
:10B28C004381D7E90001012871F1020182F0588253
:10B29C00D7E900014C1E50EA040102F0CE80D7E938
:10B2AC000001012871F1010182F04A82D7E9000105
:10B2BC0000F10044214302F05980D7E90001D94C38
:10B2CC00A04271F1000182F03B82D7E9000100F14C
:10B2DC004044214301F0D987D7E90001D24CA04268
:10B2EC0071F1000182F02C82D7E9000100F1604479
:10B2FC00214301F05187D7E90001CC4CA04271F1F8
:10B30C00000182F01D82D7E9000100F17044214355
:10B31C0001F09A86D7E90001C54CA04271F10001F9
:10B32C0082F00E82D7E9000100F17844214301F04C
:10B33C001286D7E90001BF4CA04271F1000182F0E6
:10B34C00FF81D7E9000100F17C44214302F07E81AA
:10B35C00D7E90001B84CA04271F1000182F0F081F4
:10B36C00D7E90001A0F50004214300F09E82D7E943
:10B37C000001B24CA04271F1000182F0E181D7E9E9
:10B38C000001A0F58004214300F06D82D7E9000193
:10B39C00AB4CA04271F1000182F0D281D7E90001DF
:10B3AC00A0F50014214301F00D80D7E90001A54C54
:10B3BC00A04271F1000182F0C381D7E90001A0F530
:10B3CC008014214300F0D081D7E900019E4CA042AB
:10B3DC0071F1000182F0B481D7E90001A0F50024DD
:10B3EC00214300F04281D7E90001984CA04271F151
:10B3FC00000182F0A581D7E90001A0F5802421434A
:10B40C0001F04E82D7E90001914CA04271F100018C
:10B41C0082F09681D7E90001A0F50034214301F0B8
:10B42C009781D7E900018B4CA04271F1000182F0A9
:10B43C008781D7E90001A0F58034214301F05481C4
:10B44C00D7E90001B0F1011F71F1000182F07881A0
:10B45C00D7E90001A0F50044214301F0B780D7E9FA
:10B46C00000148F20104A04271F1000182F06881F0
:10B47C00D7E90001A0F58044214301F06480D7E9AD
:10B48C00000144F20104A04271F1000182F05881E4
:10B49C00D7E90001A0F50054214301F01180D7E950
:10B4AC00000142F20104A04271F1000182F04881D6
:10B4BC00D7E90001A0F58054214300F01E87D7E99D
:10B4CC00000141F20104A04271F1000182F03881C7
:10B4DC00D7E90001A0F50064214300F0A886D7E964
:10B4EC00000140F60104A04271F1000182F02881B4
:10B4FC00D7E90001A0F58064214300F03286D7E93A
:10B50C00000140F20144A04271F1000182F0188167
:10B51C00D7E90001A0F50074214300F0B085D7E90C
:10B52C00000140F20124A04271F1000182F0088177
:10B53C00D7E90001A0F58074214300F03585D7E9E7
:10B54C00000140F20114A04271F1000182F0F88078
:10B55C00D7E90001A0F18004214300F0BA84D7E9B7
:10B56C000001812871F1000182F0EA80D7E9000125
:10B57C00212871F100016FD2D7E90001014302F0DB
:10B58C00DF80D7E90001421E41F1FF33202A73F11D
:10B59C00000182F0D5801F2A02F2D28001A151F85D
:10B5AC0022F000BF11B90008DDB900084DD7000822
:10B5BC009DBA00084DD700084DD700084DD700089C
:10B5CC006DBB00084DD700084DD700084DD70008BB
:10B5DC004DD700084DD700084DD700084DD70008AF
:10B5EC004FBC00084DD700084DD700084DD70008B8
:10B5FC004DD700084DD700084DD700084DD700088F
:10B60C004DD700084DD700084DD700084DD700087E
:10B61C004DD700084DD700084DD700084DD700086E
:10B62C0025BD000801000080010000400100002041
:10B63C00010000100100000801000004010080005E
:10B64C000100400001002000010010000100080072
:10B65C000100040001000200D7E90023A2F140011F
:10B66C000B4300F0C48302F06BB8A14BD3F8E83065
:10B67C0003F4E023FB62FB6AB3F5802F36D0FB6A40
:10B68C00B3F5802F6BD8FB6AB3F5403F2BD0FB6A28
:10B69C00B3F5403F63D8FB6AB3F5003F1BD0FB6AA0
:10B6AC00B3F5003F5BD8FB6A002B04D0FB6AB3F503
:10B6BC00803F08D053E007F120031846FFF7AEF89F
:10B6CC007B6A7B634EE007F114031846FFF712FA0E
:10B6DC007B697B6346E007F108031846FFF776FBAE
:10B6EC00BB687B633EE0834B7B633BE0804BD3F8D2
:10B6FC00E83003F040433B637D4B1B6803F00203CF
:10B70C00022B0CD13B6B002B09D1794B1B68DB084E
:10B71C0003F00303784A22FA03F37B631EE0744BB5
:10B72C001B6803F40073B3F5007F06D13B6BB3F1D8
:10B73C00804F02D1714B7B6310E06D4B1B6803F49F
:10B74C000033B3F5003F06D13B6BB3F1004F02D190
:10B75C006B4B7B6302E000237B6303E002E000237E
:10B76C007B6300BF01F0EFBF614BD3F8E83003F40B
:10B77C006013FB62FB6AB3F5001F36D0FB6AB3F5AE
:10B78C00001F6BD8FB6AB3F5C01F2BD0FB6AB3F557
:10B79C00C01F63D8FB6AB3F5801F1BD0FB6AB3F5DF
:10B7AC00801F5BD8FB6A002B04D0FB6AB3F5002F1B
:10B7BC0008D053E007F120031846FFF72FF87B6AF7
:10B7CC007B634EE007F114031846FFF793F97B698E
:10B7DC007B6346E007F108031846FFF7F7FABB68EE
:10B7EC007B633EE0434B7B633BE0414BD3F8E8305B
:10B7FC0003F040433B633E4B1B6803F00203022BF8
:10B80C000CD13B6B002B09D1394B1B68DB0803F0C7
:10B81C000303394A22FA03F37B631EE0344B1B68A3
:10B82C0003F40073B3F5007F06D13B6BB3F1804F8B
:10B83C0002D1324B7B6310E02D4B1B6803F40033B9
:10B84C00B3F5003F06D13B6BB3F1004F02D12C4B4B
:10B85C007B6302E000237B6303E002E000237B6355
:10B86C0000BF01F070BF224BD3F8E43003F040036B
:10B87C00FB62FB6A002B08D107F120031846FEF788
:10B88C00CDFF7B6A7B6301F05EBFFB6A402B08D166
:10B89C0007F114031846FFF72DF9FB697B6301F0E0
:10B8AC0052BF00237B6301F04EBF114BD3F8E43041
:10B8BC0003F08003FB62FB6A002B08D107F1200325
:10B8CC001846FEF7ABFF7B6A7B6301F03CBFFB6A5B
:10B8DC00802B08D107F114031846FFF70BF9FB690D
:10B8EC007B6301F030BF00237B6301F02CBF00BFF2
:10B8FC00000C02440080BB000090D00300093D0006
:10B90C000024F4009D4BD3F8D83003F00703FB62FE
:10B91C00FB6A002B04D1FCF7C9FF786301F013BF5D
:10B92C00964B1B6803F00063B3F1006F0AD1FB6AFE
:10B93C00012B07D107F114031846FFF7DBF8BB699D
:10B94C007B6343E08D4B1B6803F00053B3F1005F46
:10B95C000AD1FB6A022B07D107F108031846FFF73F
:10B96C0035FAFB687B6331E0844B1B6803F0020300
:10B97C00022B0CD1FB6A032B09D1804B1B68DB0813
:10B98C0003F003037E4A22FA03F37B631EE07B4B36
:10B99C001B6803F40073B3F5007F05D1FB6A042B1D
:10B9AC0002D1784B7B6311E0744BD3F8F03003F089
:10B9BC000203022B06D1FB6A052B03D14FF4004383
:10B9CC007B6303E000237B6301F0BDBE01F0BBBED3
:10B9DC006A4BD3F8D83003F03803FB62FB6A002BB8
:10B9EC0004D1FCF74DFF786301F0ADBE634B1B68CF
:10B9FC0003F00063B3F1006F0AD1FB6A082B07D187
:10BA0C0007F114031846FFF775F8BB697B633DE03B
:10BA1C00FB6A102B08D107F108031846FFF7D6F97B
:10BA2C00FB687B6301F08FBE544B1B6803F0020371
:10BA3C00022B0CD1FB6A182B09D1504B1B68DB086D
:10BA4C0003F003034E4A22FA03F37B631EE04B4BD5
:10BA5C001B6803F40073B3F5007F05D1FB6A202B40
:10BA6C0002D1484B7B6311E0444BD3F8F03003F028
:10BA7C000203022B06D1FB6A282B03D14FF400439F
:10BA8C007B6303E000237B6301F05DBE01F05BBED2
:10BA9C003A4BD3F8D83003F4E073FB62FB6A002B0B
:10BAAC0004D1FCF7EDFE786301F04DBE334B1B68FF
:10BABC0003F00063B3F1006F0AD1FB6A402B07D18E
:10BACC0007F114031846FFF715F8BB697B6345E0D3
:10BADC002A4B1B6803F00053B3F1005F0AD1FB6AD9
:10BAEC00802B07D107F108031846FFF76FF9FB68A5
:10BAFC007B6333E0214B1B6803F00203022B0CD158
:10BB0C00FB6AC02B09D11D4B1B68DB0803F0030338
:10BB1C001B4A22FA03F37B6320E0184B1B6803F4E7
:10BB2C000073B3F5007F06D1FB6AB3F5807F02D1B9
:10BB3C00144B7B6312E0114BD3F8F03003F002038B
:10BB4C00022B07D1FB6AB3F5A07F03D14FF400435E
:10BB5C007B6303E000237B6301F0F5BD01F0F3BDD3
:10BB6C00064BD3F8D83003F46063FB62FB6A002BFE
:10BB7C000AD1FCF785FE786301F0E5BD000C0244A8
:10BB8C000090D00300093D00A04B1B6803F000633C
:10BB9C00B3F1006F0BD1FB6AB3F5007F07D107F14E
:10BBAC0014031846FEF7A6FFBB697B6347E0974B6F
:10BBBC001B6803F00053B3F1005F0BD1FB6AB3F5C4
:10BBCC00806F07D107F108031846FFF7FFF8FB68F1
:10BBDC007B6334E08D4B1B6803F00203022B0DD109
:10BBEC00FB6AB3F5C06F09D1884B1B68DB0803F007
:10BBFC000303874A22FA03F37B6320E0834B1B6821
:10BC0C0003F40073B3F5007F06D1FB6AB3F5006F44
:10BC1C0002D1804B7B6312E07C4BD3F8F03003F005
:10BC2C000203022B07D1FB6AB3F5206F03D14FF44B
:10BC3C0000437B6303E000237B6301F084BD01F0D0
:10BC4C0082BD724BD3F8D83003F4E043FB62FB6A3D
:10BC5C00002B04D1FCF714FE786301F074BD6B4B20
:10BC6C001B6803F00063B3F1006F0BD1FB6AB3F5F3
:10BC7C00805F07D107F114031846FEF73BFFBB6941
:10BC8C007B6347E0614B1B6803F00053B3F1005F2B
:10BC9C000BD1FB6AB3F5005F07D107F10803184617
:10BCAC00FFF794F8FB687B6334E0584B1B6803F098
:10BCBC000203022B0DD1FB6AB3F5405F09D1534B44
:10BCCC001B68DB0803F00303514A22FA03F37B637E
:10BCDC0020E04E4B1B6803F40073B3F5007F06D1D4
:10BCEC00FB6AB3F5804F02D14A4B7B6312E0474BA2
:10BCFC00D3F8F03003F00203022B07D1FB6AB3F543
:10BD0C00A04F03D14FF400437B6303E000237B631C
:10BD1C0001F019BD01F017BD3C4BD3F8D83003F43A
:10BD2C006033FB62FB6A002B04D1FCF7A9FD78633E
:10BD3C0001F009BD354B1B6803F00063B3F1006FD4
:10BD4C000BD1FB6AB3F5004F07D107F1140318466A
:10BD5C00FEF7D0FEBB697B6347E02C4B1B6803F0FE
:10BD6C000053B3F1005F0BD1FB6AB3F5803F07D1F1
:10BD7C0007F108031846FFF729F8FB687B6334E0EA
:10BD8C00224B1B6803F00203022B0DD1FB6AB3F5A7
:10BD9C00C03F09D11D4B1B68DB0803F003031C4A91
:10BDAC0022FA03F37B6320E0184B1B6803F4007347
:10BDBC00B3F5007F06D1FB6AB3F5003F02D1154BFA
:10BDCC007B6312E0114BD3F8F03003F00203022B2B
:10BDDC0007D1FB6AB3F5203F03D14FF400437B63DB
:10BDEC0003E000237B6301F0AEBC01F0ACBC074B5D
:10BDFC00D3F8D83003F4E013FB62FB6A002B0BD1B1
:10BE0C00FCF73EFD786301F09EBC00BF000C0244C1
:10BE1C000090D00300093D00A04B1B6803F00063A9
:10BE2C00B3F1006F0BD1FB6AB3F5802F07D107F18B
:10BE3C0014031846FEF75EFEBB697B6347E0974B25
:10BE4C001B6803F00053B3F1005F0BD1FB6AB3F531
:10BE5C00002F07D107F108031846FEF7B7FFFB6860
:10BE6C007B6334E08D4B1B6803F00203022B0DD176
:10BE7C00FB6AB3F5402F09D1884B1B68DB0803F034
:10BE8C000303874A22FA03F37B6320E0834B1B688E
:10BE9C0003F40073B3F5007F06D1FB6AB3F5801F82
:10BEAC0002D1804B7B6312E07C4BD3F8F03003F073
:10BEBC000203022B07D1FB6AB3F5A01F03D14FF489
:10BECC0000437B6303E000237B6301F03CBC01F087
:10BEDC003ABC724BD3F8D83003F46003FB62FB6AB4
:10BEEC00002B04D1FCF7CCFC786301F02CBC6B4B21
:10BEFC001B6803F00063B3F1006F0BD1FB6AB3F561
:10BF0C00001F07D107F114031846FEF7F3FDBB69B8
:10BF1C007B6347E0614B1B6803F00053B3F1005F98
:10BF2C000BD1FB6AB3F5800F07D107F10803184654
:10BF3C00FEF74CFFFB687B6334E0584B1B6803F047
:10BF4C000203022B0DD1FB6AB3F5C00F09D1534B81
:10BF5C001B68DB0803F00303514A22FA03F37B63EB
:10BF6C0020E04E4B1B6803F40073B3F5007F06D141
:10BF7C00FB6AB3F5000F02D14A4B7B6312E0474BCF
:10BF8C00D3F8F03003F00203022B07D1FB6AB3F5B0
:10BF9C00200F03D14FF400437B6303E000237B634A
:10BFAC0001F0D1BB01F0CFBB3C4BD3F8D83003F040
:10BFBC00E063FB62FB6A002B04D1FCF761FC786345
:10BFCC0001F0C1BB354B1B6803F00063B3F1006F8C
:10BFDC000BD1FB6AB3F1807F07D107F1140318462C
:10BFEC00FEF788FDBB697B6347E02C4B1B6803F0B5
:10BFFC000053B3F1005F0BD1FB6AB3F1007F07D1A3
:10C00C0007F108031846FEF7E1FEFB687B6334E09A
:10C01C00224B1B6803F00203022B0DD1FB6AB3F118
:10C02C00407F09D11D4B1B68DB0803F003031C4A3E
:10C03C0022FA03F37B6320E0184B1B6803F40073B4
:10C04C00B3F5007F06D1FB6AB3F1806F02D1154BBB
:10C05C007B6312E0114BD3F8F03003F00203022B98
:10C06C0007D1FB6AB3F1A06F03D14FF400437B639C
:10C07C0003E000237B6301F066BB01F064BB074B5C
:10C08C00D3F8D83003F06053FB62FB6A002B0BD162
:10C09C00FCF7F6FB786301F056BB00BF000C0244C2
:10C0AC000090D00300093D00A14B1B6803F0006316
:10C0BC00B3F1006F0BD1FB6AB3F1006F07D107F13D
:10C0CC0014031846FEF716FDBB697B6347E0984BDB
:10C0DC001B6803F00053B3F1005F0BD1FB6AB3F1A3
:10C0EC00805F07D107F108031846FEF76FFEFB6867
:10C0FC007B6334E08E4B1B6803F00203022B0DD1E3
:10C10C00FB6AB3F1C05F09D1894B1B68DB0803F0F4
:10C11C000303884A22FA03F37B6320E0844B1B68F9
:10C12C0003F40073B3F5007F06D1FB6AB3F1005F33
:10C13C0002D1814B7B6312E07D4BD3F8F03003F0DE
:10C14C000203022B07D1FB6AB3F1205F03D14FF43A
:10C15C0000437B6303E000237B6301F0F4BA01F03E
:10C16C00F2BA734BD3F8DC3003F00703FB62FB6AC3
:10C17C00002B04D1FCF784FB786301F0E4BA6C4B20
:10C18C001B6803F00063B3F1006F0AD1FB6A012B4B
:10C19C0007D107F114031846FEF7ACFCBB697B63AF
:10C1AC0043E0634B1B6803F00053B3F1005F0AD10B
:10C1BC00FB6A022B07D107F108031846FEF706FEAF
:10C1CC00FB687B6331E05A4B1B6803F00203022BC4
:10C1DC000CD1FB6A032B09D1554B1B68DB0803F010
:10C1EC000303544A22FA03F37B631EE0504B1B6893
:10C1FC0003F40073B3F5007F05D1FB6A042B02D165
:10C20C004D4B7B6311E04A4BD3F8F03003F0020343
:10C21C00022B06D1FB6A052B03D14FF400437B6341
:10C22C0003E000237B6301F08EBA01F08CBA404B23
:10C23C00D3F8DC3003F07003FB62FB6A002B04D1F3
:10C24C00FCF71EFB786301F07EBA394B1B6803F0D8
:10C25C000063B3F1006F0AD1FB6A102B07D107F111
:10C26C0014031846FEF746FCBB697B6343E0304B76
:10C27C001B6803F00053B3F1005F0AD1FB6A202B5B
:10C28C0007D107F108031846FEF7A0FDFB687B6396
:10C29C0031E0274B1B6803F00203022B0CD1FB6A25
:10C2AC00302B09D1224B1B68DB0803F00303214A16
:10C2BC0022FA03F37B631EE01D4B1B6803F400732F
:10C2CC00B3F5007F05D1FB6A402B02D11A4B7B637F
:10C2DC0011E0174BD3F8F03003F00203022B06D118
:10C2EC00FB6A502B03D14FF400437B6303E0002324
:10C2FC007B6301F028BA01F026BA0D4BD3F8E0307D
:10C30C0003F0E063FB62FB6A002B04D1FCF7E4FA58
:10C31C00786301F018BAFB6AB3F1807F0ED107F194
:10C32C0014031846FEF7E6FBBB697B6301F00BBAFE
:10C33C00000C02440090D00300093D00FB6AB3F1ED
:10C34C00007F08D107F108031846FEF73FFDFB6894
:10C35C007B6301F0F8B9A44B1B6803F00203022BBA
:10C36C000DD1FB6AB3F1407F09D19F4B1B68DB08F1
:10C37C0003F003039D4A22FA03F37B6320E09A4BFC
:10C38C001B6803F40073B3F5007F06D1FB6AB3F1AD
:10C39C00806F02D1964B7B6312E0934BD3F8F03055
:10C3AC0003F00203022B07D1FB6AB3F1A06F03D198
:10C3BC004FF400437B6303E000237B6301F0C3B9BC
:10C3CC0001F0C1B9884BD3F8E83003F00703FB62E6
:10C3DC00FB6A002B04D1FCF737FA786301F0B3B990
:10C3EC00FB6A012B04D1FCF703F9786301F0ABB9BC
:10C3FC00FB6A022B08D107F114031846FEF77AFBEF
:10C40C00FB697B6301F09FB9774B1B6803F4003326
:10C41C00B3F5003F05D1FB6A032B02D1754B7B634F
:10C42C0023E0714B1B6803F00203022B0CD1FB6A57
:10C43C00042B09D16C4B1B68DB0803F003036B4A1C
:10C44C0022FA03F37B6310E0674B1B6803F4007361
:10C45C00B3F5007F05D1FB6A052B02D1644B7B63DE
:10C46C0003E000237B6301F06EB901F06CB95E4B05
:10C47C00D3F8E83003F00803FB625B4BD3F8F030E1
:10C48C0003F00203022B06D1FB6A002B03D14FF4FD
:10C49C0000437B6312E0544BD3F8F03003F000639D
:10C4AC00B3F1006F06D1FB6A082B03D14FF4FA43AA
:10C4BC007B6303E000237B6301F045B901F043B9D2
:10C4CC00494BD3F8E43003F44033FB62FB6A002B96
:10C4DC0004D1FCF7D5F9786301F035B9FB6AB3F5F3
:10C4EC00803F08D107F108031846FEF76FFC3B6943
:10C4FC007B6301F028B93C4B1B6803F00203022B51
:10C50C000DD1FB6AB3F5003F09D1374B1B68DB0833
:10C51C0003F00303354A22FA03F37B6311E0324B39
:10C52C001B6803F40073B3F5007F06D1FB6AB3F507
:10C53C00403F02D12E4B7B6303E000237B6301F071
:10C54C0002B901F000B9284BD3F8E43003F44023CE
:10C55C00FB62FB6A002B04D1FCF792F9786301F0C3
:10C56C00F2B8FB6AB3F5802F08D107F1080318461F
:10C57C00FEF72CFC3B697B6301F0E5B81A4B1B689A
:10C58C0003F00203022B0DD1FB6AB3F5002F09D186
:10C59C00154B1B68DB0803F00303144A22FA03F360
:10C5AC007B6311E0104B1B6803F40073B3F5007F41
:10C5BC0006D1FB6AB3F5402F02D10D4B7B6303E030
:10C5CC0000237B6301F0BFB801F0BDB8064BD3F874
:10C5DC00E43003F44013FB62FB6A002B0CD1FCF734
:10C5EC007BF9786301F0AFB8000C02440090D003E3
:10C5FC0000093D000024F400FB6AB3F5801F08D14C
:10C60C0007F108031846FEF7E1FB3B697B6301F079
:10C61C009AB89F4B1B6803F00203022B0DD1FB6AE7
:10C62C00B3F5001F09D19A4B1B68DB0803F0030319
:10C63C00984A22FA03F37B6311E0954B1B6803F4D1
:10C64C000073B3F5007F06D1FB6AB3F5401F02D12E
:10C65C00914B7B6303E000237B6301F074B801F022
:10C66C0072B88B4BD3F8E43003F44003FB62FB6AE3
:10C67C00002B04D1FCF730F9786301F064B8FB6A45
:10C68C00B3F5800F08D107F108031846FEF79EFB9F
:10C69C003B697B6301F057B87D4B1B6803F00203C9
:10C6AC00022B0DD1FB6AB3F5000F09D1784B1B6837
:10C6BC00DB0803F00303774A22FA03F37B6311E0F0
:10C6CC00734B1B6803F40073B3F5007F06D1FB6A50
:10C6DC00B3F5400F02D1704B7B6303E000237B6307
:10C6EC0001F031B801F02FB8694BD3F8E43003F006
:10C6FC004073FB62FB6A002B04D1FCF7C1F8786332
:10C70C0001F021B8FB6AB3F1807F08D107F108036F
:10C71C001846FEF75BFB3B697B6301F014B85C4B7E
:10C72C001B6803F00203022B0ED1FB6AB3F1007FEE
:10C73C000AD1574B1B68DB0803F00303554A22FA56
:10C74C0003F37B6300F0FFBF00237B6300F0FBBFB0
:10C75C004F4BD3F8DC3003F4E063FB62FB6AB3F5B8
:10C76C00A06F56D0FB6AB3F5A06F00F28B80FB6A0A
:10C77C00B3F5806F3ED0FB6AB3F5806F00F2828018
:10C78C00FB6AB3F5407F27D0FB6AB3F5407F79D8BD
:10C79C00FB6AB3F5007F17D0FB6AB3F5007F71D845
:10C7AC00FB6A002B04D0FB6AB3F5807F04D069E0F0
:10C7BC00FCF792F8786368E007F114031846FEF76B
:10C7CC0099F97B697B6360E007F108031846FEF773
:10C7DC00FDFA3B697B6358E02D4BD3F8F03003F046
:10C7EC000203022B03D14FF400437B634DE0002383
:10C7FC007B634AE0264BD3F8F03003F00063B3F1CF
:10C80C00006F03D14FF4FA437B633EE000237B635C
:10C81C003BE01F4BD3F8E83003F040433B631C4B29
:10C82C001B6803F00203022B0CD13B6B002B09D1CC
:10C83C00174B1B68DB0803F00303164A22FA03F3B9
:10C84C007B631EE0124B1B6803F40073B3F5007F8F
:10C85C0006D13B6BB3F1804F02D10F4B7B6310E0E1
:10C86C000B4B1B6803F40033B3F5003F06D13B6B55
:10C87C00B3F1004F02D1094B7B6302E000237B63D1
:10C88C0003E002E000237B6300BF00F05CBF00BF4D
:10C89C00000C02440090D00300093D000024F40079
:10C8AC009E4BD3F8DC3003F4E043FB62FB6AB3F538
:10C8BC00A04F56D0FB6AB3F5A04F00F28B80FB6AF9
:10C8CC00B3F5804F3ED0FB6AB3F5804F00F2828007
:10C8DC00FB6AB3F5405F27D0FB6AB3F5405F79D8AC
:10C8EC00FB6AB3F5005F17D0FB6AB3F5005F71D834
:10C8FC00FB6A002B04D0FB6AB3F5805F04D069E0BF
:10C90C00FBF7BEFF786368E007F114031846FEF7E7
:10C91C00F1F87B697B6360E007F108031846FEF7CA
:10C92C0055FA3B697B6358E07C4BD3F8F03003F04D
:10C93C000203022B03D14FF400437B634DE0002331
:10C94C007B634AE0754BD3F8F03003F00063B3F12E
:10C95C00006F03D14FF4FA437B633EE000237B630B
:10C96C003BE06E4BD3F8E83003F040433B636B4B3A
:10C97C001B6803F00203022B0CD13B6B002B09D17B
:10C98C00664B1B68DB0803F00303654A22FA03F3CA
:10C99C007B631EE0614B1B6803F40073B3F5007FEF
:10C9AC0006D13B6BB3F1804F02D15E4B7B6310E041
:10C9BC005A4B1B6803F40033B3F5003F06D13B6BB5
:10C9CC00B3F1004F02D1584B7B6302E000237B6331
:10C9DC0003E002E000237B6300BF00F0B4BE4F4BCA
:10C9EC00D3F8DC3003F4E023FB62FB6AB3F5A02F31
:10C9FC0056D0FB6AB3F5A02F00F28B80FB6AB3F51F
:10CA0C00802F3ED0FB6AB3F5802F00F28280FB6A48
:10CA1C00B3F5403F27D0FB6AB3F5403F79D8FB6AAA
:10CA2C00B3F5003F17D0FB6AB3F5003F71D8FB6A32
:10CA3C00002B04D0FB6AB3F5803F04D069E0FBF710
:10CA4C004BFF786368E007F114031846FEF752F8C1
:10CA5C007B697B6360E007F108031846FEF7B6F9C3
:10CA6C003B697B6358E02D4BD3F8F03003F00203A5
:10CA7C00022B03D14FF400437B634DE000237B6317
:10CA8C004AE0264BD3F8F03003F00063B3F1006FAB
:10CA9C0003D14FF4FA437B633EE000237B633BE01E
:10CAAC001E4BD3F8E83003F040433B631B4B1B6831
:10CABC0003F00203022B0CD13B6B002B09D1174B5B
:10CACC001B68DB0803F00303154A22FA03F37B63AC
:10CADC001EE0124B1B6803F40073B3F5007F06D104
:10CAEC003B6BB3F1804F02D10E4B7B6310E00B4BD1
:10CAFC001B6803F40033B3F5003F06D13B6BB3F175
:10CB0C00004F02D1084B7B6302E000237B6303E000
:10CB1C0002E000237B6300BF00F015BE000C024452
:10CB2C000090D00300093D000024F4009E4BD3F884
:10CB3C00DC3003F4E003FB62FB6AB3F5A00F56D0C4
:10CB4C00FB6AB3F5A00F00F28B80FB6AB3F5800F84
:10CB5C003ED0FB6AB3F5800F00F28280FB6AB3F51E
:10CB6C00401F27D0FB6AB3F5401F79D8FB6AB3F599
:10CB7C00001F17D0FB6AB3F5001F71D8FB6A002B9E
:10CB8C0004D0FB6AB3F5801F04D069E0FBF7A4FE68
:10CB9C00786368E007F114031846FDF7ABFF7B6977
:10CBAC007B6360E007F108031846FEF70FF93B6959
:10CBBC007B6358E07C4BD3F8F03003F00203022B7C
:10CBCC0003D14FF400437B634DE000237B634AE0C9
:10CBDC00754BD3F8F03003F00063B3F1006F03D161
:10CBEC004FF4FA437B633EE000237B633BE06E4BE8
:10CBFC00D3F8E83003F040433B636B4B1B6803F006
:10CC0C000203022B0CD13B6B002B09D1664B1B682A
:10CC1C00DB0803F00303654A22FA03F37B631EE08F
:10CC2C00614B1B6803F40073B3F5007F06D13B6BBB
:10CC3C00B3F1804F02D15E4B7B6310E05A4B1B6803
:10CC4C0003F40033B3F5003F06D13B6BB3F1004F57
:10CC5C0002D1584B7B6302E000237B6303E002E0CC
:10CC6C0000237B6300BF00F06EBD4F4BD3F8DC306C
:10CC7C0003F0E063FB62FB6AB3F1A06F56D0FB6A72
:10CC8C00B3F1A06F00F28B80FB6AB3F1806F3ED0E2
:10CC9C00FB6AB3F1806F00F28280FB6AB3F1407FD4
:10CCAC0027D0FB6AB3F1407F79D8FB6AB3F1007FE0
:10CCBC0017D0FB6AB3F1007F71D8FB6A002B04D04C
:10CCCC00FB6AB3F1807F04D069E0FBF705FE786363
:10CCDC0068E007F114031846FDF70CFF7B697B63D2
:10CCEC0060E007F108031846FEF770F83B697B63B8
:10CCFC0058E02D4BD3F8F03003F00203022B03D194
:10CD0C004FF400437B634DE000237B634AE0264BEA
:10CD1C00D3F8F03003F00063B3F1006F03D14FF49C
:10CD2C00FA437B633EE000237B633BE01E4BD3F86E
:10CD3C00E83003F040433B631B4B1B6803F00203DA
:10CD4C00022B0CD13B6B002B09D1174B1B68DB085A
:10CD5C0003F00303154A22FA03F37B631EE0124B24
:10CD6C001B6803F40073B3F5007F06D13B6BB3F182
:10CD7C00804F02D10E4B7B6310E00B4B1B6803F40E
:10CD8C000033B3F5003F06D13B6BB3F1004F02D13A
:10CD9C00084B7B6302E000237B6303E002E000238B
:10CDAC007B6300BF00F0CFBC000C02440090D003AA
:10CDBC0000093D000024F4009E4BD3F8DC3003F056
:10CDCC00E043FB62FB6AB3F1A04F56D0FB6AB3F1B0
:10CDDC00A04F00F28B80FB6AB3F1804F3ED0FB6A10
:10CDEC00B3F1804F00F28280FB6AB3F1405F27D031
:10CDFC00FB6AB3F1405F79D8FB6AB3F1005F17D0DF
:10CE0C00FB6AB3F1005F71D8FB6A002B04D0FB6A9C
:10CE1C00B3F1805F04D069E0FBF75EFD786368E0F6
:10CE2C0007F114031846FDF765FE7B697B6360E030
:10CE3C0007F108031846FDF7C9FF3B697B6358E00F
:10CE4C007C4BD3F8F03003F00203022B03D14FF4E8
:10CE5C0000437B634DE000237B634AE0754BD3F8C2
:10CE6C00F03003F00063B3F1006F03D14FF4FA43D9
:10CE7C007B633EE000237B633BE06E4BD3F8E830F2
:10CE8C0003F040433B636B4B1B6803F00203022B24
:10CE9C000CD13B6B002B09D1664B1B68DB0803F0F4
:10CEAC000303654A22FA03F37B631EE0614B1B68A4
:10CEBC0003F40073B3F5007F06D13B6BB3F1804FE5
:10CECC0002D15E4B7B6310E05A4B1B6803F40033BA
:10CEDC00B3F5003F06D13B6BB3F1004F02D1584B79
:10CEEC007B6302E000237B6303E002E000237B63AF
:10CEFC0000BF00F028BC4F4BD3F8E83003F440736C
:10CF0C00FB624C4B1B6803F40033B3F5003F06D1B6
:10CF1C00FB6A002B03D14A4B7B6300F014BCFB6A09
:10CF2C00B3F5807F08D107F120031846FDF776FC96
:10CF3C007B6A7B6300F007BCFB6AB3F5007F07D10B
:10CF4C0007F114031846FDF7D5FDBB697B63FAE3C3
:10CF5C0000237B63F7E3374BD3F8E03003F0070390
:10CF6C00FB62FB6A042B61D801A252F823F000BFCC
:10CF7C0091CF0008A1CF0008B1CF0008C1CF0008A5
:10CF8C00C7CF000807F120031846FDF747FC7B6A62
:10CF9C007B634EE007F114031846FDF7ABFD7B698C
:10CFAC007B6346E007F108031846FDF70FFFBB68EB
:10CFBC007B633EE0234B7B633BE01E4BD3F8E830B6
:10CFCC0003F040433B631B4B1B6803F00203022B33
:10CFDC000CD13B6B002B09D1164B1B68DB0803F003
:10CFEC000303154A22FA03F37B631EE0114B1B6803
:10CFFC0003F40073B3F5007F06D13B6BB3F1804FA4
:10D00C0002D10E4B7B6310E00A4B1B6803F4003318
:10D01C00B3F5003F06D13B6BB3F1004F02D1084B87
:10D02C007B6302E000237B6303E002E000237B636D
:10D03C0000BF88E3000C02440090D00300093D00BF
:10D04C000024F4000080BB00A94BD3F8E03003F0BF
:10D05C003803FB62FB6A202B00F29A8001A252F883
:10D06C0023F000BFF5D000089DD100089DD1000829
:10D07C009DD100089DD100089DD100089DD10008CC
:10D08C009DD1000805D100089DD100089DD1000854
:10D09C009DD100089DD100089DD100089DD10008AC
:10D0AC009DD1000815D100089DD100089DD1000824
:10D0BC009DD100089DD100089DD100089DD100088C
:10D0CC009DD1000825D100089DD100089DD10008F4
:10D0DC009DD100089DD100089DD100089DD100086C
:10D0EC009DD100082BD1000807F120031846FDF74D
:10D0FC0095FB7B6A7B634EE007F114031846FDF742
:10D10C00F9FC7B697B6346E007F108031846FDF7E1
:10D11C005DFEBB687B633EE0764B7B633BE0744B10
:10D12C00D3F8E83003F040433B63714B1B6803F0CA
:10D13C000203022B0CD13B6B002B09D16C4B1B68EF
:10D14C00DB0803F003036C4A22FA03F37B631EE053
:10D15C00674B1B6803F40073B3F5007F06D13B6B80
:10D16C00B3F1804F02D1654B7B6310E0604B1B68C1
:10D17C0003F40033B3F5003F06D13B6BB3F1004F22
:10D18C0002D15F4B7B6302E000237B6303E002E090
:10D19C0000237B6300BFD6E2554BD3F8E03003F499
:10D1AC00E073FB62FB6AB3F5807F31D0FB6AB3F5A9
:10D1BC00807F66D8FB6AC02B27D0FB6AC02B60D857
:10D1CC00FB6A802B19D0FB6A802B5AD8FB6A002B88
:10D1DC0003D0FB6A402B08D053E007F1200318461C
:10D1EC00FDF71CFB7B6A7B634EE007F114031846CA
:10D1FC00FDF780FC7B697B6346E007F1080318466A
:10D20C00FDF7E4FDBB687B633EE03A4B7B633BE0A0
:10D21C00374BD3F8E83003F040433B63344B1B6887
:10D22C0003F00203022B0CD13B6B002B09D1304BCA
:10D23C001B68DB0803F003032F4A22FA03F37B631A
:10D24C001EE02B4B1B6803F40073B3F5007F06D173
:10D25C003B6BB3F1804F02D1284B7B6310E0244B26
:10D26C001B6803F40033B3F5003F06D13B6BB3F1FD
:10D27C00004F02D1224B7B6302E000237B6303E06F
:10D28C0002E000237B6300BF5DE2194BD3F8E03072
:10D29C0003F46063FB62FB6A002B03D1FBF706FB14
:10D2AC00786350E2124B1B6803F00063B3F1006F1C
:10D2BC000BD1FB6AB3F5007F07D107F114031846B5
:10D2CC00FDF718FCBB697B634FE0094B1B6803F04F
:10D2DC000053B3F1005F15D1FB6AB3F5806F11D128
:10D2EC0007F108031846FDF771FDFB687B633CE012
:10D2FC00000C02440080BB000090D00300093D00EC
:10D30C000024F400944B1B6803F00203022B0DD194
:10D31C00FB6AB3F5C06F09D18F4B1B68DB0803F0B8
:10D32C0003038E4A22FA03F37B631EE08A4B1B68CD
:10D33C0003F40073B3F5007F06D1FB6AB3F5006FFD
:10D34C0002D1874B7B6310E0834B1B6803F40033E3
:10D35C00B3F5003F06D1FB6AB3F5206F02D1814BC8
:10D36C007B6302E000237B63EDE1ECE17A4BD3F8C5
:10D37C00E03003F4E043FB62FB6A002B03D1FBF7C4
:10D38C00ABFA7863DFE1744B1B6803F00063B3F115
:10D39C00006F0BD1FB6AB3F5805F07D107F1140363
:10D3AC001846FDF7A7FBBB697B6345E06A4B1B681E
:10D3BC0003F00053B3F1005F0BD1FB6AB3F5005FD0
:10D3CC0007D107F108031846FDF700FDFB687B63E6
:10D3DC0032E0614B1B6803F00203022B0DD1FB6A98
:10D3EC00B3F5405F09D15C4B1B68DB0803F003030A
:10D3FC005A4A22FA03F37B631EE0574B1B6803F473
:10D40C000073B3F5007F06D1FB6AB3F5804F02D1F0
:10D41C00534B7B6310E0504B1B6803F40033B3F5A4
:10D42C00003F06D1FB6AB3F5A04F02D14D4B7B6395
:10D43C0002E000237B6386E185E1474BD3F8E030C3
:10D44C0003F46033FB62FB6A002B03D1FBF72EFA6B
:10D45C00786378E1404B1B6803F00063B3F1006F15
:10D46C000BD1FB6AB3F5004F07D107F11403184633
:10D47C00FDF740FBBB697B6345E0374B1B6803F052
:10D48C000053B3F1005F0BD1FB6AB3F5803F07D1BA
:10D49C0007F108031846FDF799FCFB687B6332E043
:10D4AC002D4B1B6803F00203022B0DD1FB6AB3F565
:10D4BC00C03F09D1284B1B68DB0803F00303274A44
:10D4CC0022FA03F37B631EE0234B1B6803F4007307
:10D4DC00B3F5007F06D1FB6AB3F5003F02D1204BB8
:10D4EC007B6310E01C4B1B6803F40033B3F5003F67
:10D4FC0006D1FB6AB3F5203F02D11A4B7B6302E0E5
:10D50C0000237B631FE11EE1134BD3F8E43003F0DF
:10D51C000303FB62FB6A032B5FD801A252F823F0D2
:10D52C003DD5000845D5000855D5000875D500082F
:10D53C00FBF78AF9786353E007F120031846FDF7EF
:10D54C006DF97B6A7B634BE007F114031846FDF71A
:10D55C00D1FAFB697B6343E0000C02440090D003DA
:10D56C0000093D000024F400794BD3F8E83003F0B7
:10D57C0040433B63764B1B6803F00203022B0CD138
:10D58C003B6B002B09D1724B1B68DB0803F00303C8
:10D59C00704A22FA03F37B631EE06D4B1B6803F4A5
:10D5AC000073B3F5007F06D13B6BB3F1804F02D112
:10D5BC00694B7B6310E0664B1B6803F40033B3F5D7
:10D5CC00003F06D13B6BB3F1004F02D1634B7B6341
:10D5DC0002E000237B6303E002E000237B6300BFD7
:10D5EC00B1E05B4BD3F8E83003F0C003FB62584B5F
:10D5FC00D3F8F03003F00203022B06D1FB6A002BA8
:10D60C0003D14FF400437B631FE0514BD3F8F03050
:10D61C0003F00063B3F1006F06D1FB6A402B03D11A
:10D62C004FF4FA437B6310E0494B1B6803F400731F
:10D63C00B3F5007F06D1FB6A802B03D148F21203AD
:10D64C007B6302E000237B637DE07CE0404BD3F8FE
:10D65C00E83003F03003FB623D4B1B6803F40053CE
:10D66C00B3F5005F05D1FB6A002B02D13C4B7B6309
:10D67C0031E0374B1B6803F00073B3F1007F0AD124
:10D68C00FB6A102B07D107F120031846FDF7C6F8EB
:10D69C007B6A7B631FE02E4BD3F8F03003F0020360
:10D6AC00022B06D1FB6A202B03D14FF400437B6382
:10D6BC0011E0274BD3F8F03003F00063B3F1006FA7
:10D6CC0006D1FB6A302B03D14FF4FA437B6302E0A3
:10D6DC0000237B6337E036E01D4BD3F8E43003F0D6
:10D6EC003003FB62FB6A102B07D107F120031846AD
:10D6FC00FDF794F87B6A7B6325E0154B1B6803F000
:10D70C000053B3F1005F0AD1FB6A202B07D107F15C
:10D71C0008031846FDF75AFBFB687B630FE00C4BC4
:10D72C001B6803F40053B3F5005F05D1FB6A302B83
:10D73C0002D10B4B7B6302E000237B6303E002E02E
:10D74C0000237B6300BF7B6B18463C37BD4690BD06
:10D75C00000C02440090D00300093D000024F400AA
:10D76C00006CDC0280B584B000AF7860484B1B685D
:10D77C00474A23F080631360F7F71EFFF86008E058
:10D78C00F7F71AFF0246FB68D31A022B01D90323C1
:10D79C007AE03F4B1B6803F00063002BF0D13C4B4D
:10D7AC00DB6A23F47C5323F003037A6811687A68EC
:10D7BC00526812020A4336491343CB627B689B685A
:10D7CC00013BC3F308027B68DB68013B5B029BB245
:10D7DC001A437B681B69013B1B0403F4FE031A43C9
:10D7EC007B685B69013B1B0603F0FE43284913432E
:10D7FC00CB63274BDB6A23F00C027B689B692449C3
:10D80C001343CB62224BDB6A23F020027B68DB697B
:10D81C001F491343CB621E4BDA6A7B685B6A1C4957
:10D82C001343CB621A4BDB6A194A23F01003D36201
:10D83C00174B1B6C23F47F4323F0F8037A68126AAE
:10D84C00D200134913430B64114BDB6A104A43F0AB
:10D85C001003D3620E4B1B680D4A43F080631360B8
:10D86C00F7F7AAFEF86008E0F7F7A6FE0246FB6899
:10D87C00D31A022B01D9032306E0054B1B6803F0D6
:10D88C000063002BF0D0002318461037BD4680BD36
:10D89C00000C024480B584B000AF7860484B1B6824
:10D8AC00474A23F080531360F7F786FEF86008E0D0
:10D8BC00F7F782FE0246FB68D31A022B01D9032329
:10D8CC007AE03F4B1B6803F00053002BF0D13C4B2C
:10D8DC001B6B23F47C5323F003037A6811687A687A
:10D8EC00526812020A43364913430B637B689B68E8
:10D8FC00013BC3F308027B68DB68013B5B029BB214
:10D90C001A437B681B69013B1B0403F4FE031A4397
:10D91C007B685B69013B1B0603F0FE4328491343FC
:10D92C004B64274B1B6B23F00C027B689B692449CF
:10D93C0013430B63224B1B6B23F020027B68DB69C8
:10D94C001F4913430B631E4B1A6B7B685B6A1C49A4
:10D95C0013430B631A4B1B6B194A23F0100313630D
:10D96C00174B9B6C23F47F4323F0F8037A68126AFD
:10D97C00D200134913438B64114B1B6B104A43F0B9
:10D98C00100313630E4B1B680D4A43F08053136056
:10D99C00F7F712FEF86008E0F7F70EFE0246FB6898
:10D9AC00D31A022B01D9032306E0054B1B6803F0A5
:10D9BC000053002BF0D0002318461037BD4680BD15
:10D9CC00000C024480B582B000AF78607B68002BFD
:10D9DC0001D1012349E07B6893F83D30DBB2002B89
:10D9EC0006D17B68002283F83C207868F7F738F87A
:10D9FC007B68022283F83D207B681A687B680433BD
:10DA0C001946104600F0C8FA7B68012283F84820BA
:10DA1C007B68012283F83E207B68012283F83F203B
:10DA2C007B68012283F840207B68012283F8412027
:10DA3C007B68012283F842207B68012283F8432013
:10DA4C007B68012283F844207B68012283F84520FF
:10DA5C007B68012283F846207B68012283F84720EB
:10DA6C007B68012283F83D20002318460837BD4609
:10DA7C0080BD80B582B000AF78607B68002B01D18F
:10DA8C00012349E07B6893F83D30DBB2002B06D1D3
:10DA9C007B68002283F83C20786800F041F87B68B2
:10DAAC00022283F83D207B681A687B680433194690
:10DABC00104600F071FA7B68012283F848207B68DD
:10DACC00012283F83E207B68012283F83F207B688B
:10DADC00012283F840207B68012283F841207B6877
:10DAEC00012283F842207B68012283F843207B6863
:10DAFC00012283F844207B68012283F845207B684F
:10DB0C00012283F846207B68012283F847207B683A
:10DB1C00012283F83D20002318460837BD4680BDFE
:10DB2C0080B483B000AF786000BF0C37BD465DF8A1
:10DB3C00047B704780B586B000AFF860B9607A603E
:10DB4C000023FB75FB6893F83C30012B01D10223B9
:10DB5C00FFE0FB68012283F83C207B68142B00F269
:10DB6C00F08001A252F823F0C9DB00084FDD000859
:10DB7C004FDD00084FDD000809DC00084FDD000810
:10DB8C004FDD00084FDD00084BDC00084FDD0008BE
:10DB9C004FDD00084FDD00088BDC00084FDD00086E
:10DBAC004FDD00084FDD0008CDDC00084FDD00081C
:10DBBC004FDD00084FDD00080DDD0008FB681B6819
:10DBCC00B968184600F00EFBFB681B689A69FB6885
:10DBDC001B6842F008029A61FB681B689A69FB6833
:10DBEC001B6822F004029A61FB681B689969BB6888
:10DBFC001A69FB681B680A439A61A5E0FB681B68FD
:10DC0C00B968184600F0B0FBFB681B689A69FB68A2
:10DC1C001B6842F400629A61FB681B689A69FB6896
:10DC2C001B6822F480629A61FB681B689969BB6867
:10DC3C001B691A02FB681B680A439A6184E0FB6843
:10DC4C001B68B968184600F03FFCFB681B68DA6972
:10DC5C00FB681B6842F00802DA61FB681B68DA6932
:10DC6C00FB681B6822F00402DA61FB681B68D96947
:10DC7C00BB681A69FB681B680A43DA6164E0FB68DD
:10DC8C001B68B968184600F0CDFCFB681B68DA69A4
:10DC9C00FB681B6842F40062DA61FB681B68DA6996
:10DCAC00FB681B6822F48062DA61FB681B68D96927
:10DCBC00BB681B691A02FB681B680A43DA6143E004
:10DCCC00FB681B68B968184600F05CFDFB681B68B4
:10DCDC001A6DFB681B6842F008021A65FB681B682A
:10DCEC001A6DFB681B6822F004021A65FB681B683E
:10DCFC00196DBB681A69FB681B680A431A6523E037
:10DD0C00FB681B68B968184600F0BEFDFB681B6811
:10DD1C001A6DFB681B6842F400621A65FB681B688D
:10DD2C001A6DFB681B6822F480621A65FB681B681D
:10DD3C00196DBB681B691A02FB681B680A431A65DC
:10DD4C0002E00123FB7500BFFB68002283F83C2036
:10DD5C00FB7D18461837BD4680BD00BF80B584B02A
:10DD6C0000AF786039600023FB737B6893F83C301C
:10DD7C00012B01D10223FEE07B68012283F83C20B9
:10DD8C007B68022283F83D207B681B689B68BB6024
:10DD9C00BB6823F4441323F07703BB60BB6823F404
:10DDAC007F43BB607B681B68BA689A603B681B68E2
:10DDBC00B3F5001F00F0C980B3F5001F00F2CE8050
:10DDCC006F4A934200F0C1806D4A934200F2C680C4
:10DDDC006C4A934200F0B9806A4A934200F2BE80CA
:10DDEC00694A934200F0B180674A934200F2B680D0
:10DDFC00664A934200F0A980644A934200F2AE80D6
:10DE0C00634A934200F0A180614A934200F2A680DB
:10DE1C00604A934200F099805E4A934200F29E80E1
:10DE2C00B3F1101F00F09180B3F1101F00F2968037
:10DE3C00B3F5801F00F08980B3F5801F00F28E804F
:10DE4C00B3F5005F3ED0B3F5005F00F28780B3F509
:10DE5C00805F00F08680B3F5805F7FD8702B1AD07E
:10DE6C00702B7BD8602B50D0602B77D8502B3CD0AC
:10DE7C00502B73D8402B58D0402B6FD8302B64D0FC
:10DE8C00302B6BD8202B60D0202B67D8002B5CD08C
:10DE9C00102B5AD062E07B6818683B6899683B6825
:10DEAC005A683B68DB6800F0EFFD7B681B689B6879
:10DEBC00BB60BB6843F07703BB607B681B68BA68C8
:10DECC009A604FE07B6818683B6899683B685A68B1
:10DEDC003B68DB6800F0D8FD7B681B689A687B6840
:10DEEC001B6842F480429A603CE07B6818683B688F
:10DEFC0059683B68DB681A4600F04AFD7B681B6872
:10DF0C005021184600F0A3FD2CE07B6818683B6894
:10DF1C0059683B68DB681A4600F069FD7B681B6832
:10DF2C006021184600F093FD1CE07B6818683B6884
:10DF3C0059683B68DB681A4600F02AFD7B681B6851
:10DF4C004021184600F083FD0CE07B681A683B68A2
:10DF5C001B681946104600F07AFD03E00123FB73A1
:10DF6C0000E000BF7B68012283F83D207B68002223
:10DF7C0083F83C20FB7B18461037BD4680BD00BFA4
:10DF8C0070001000600010005000100040001000E5
:10DF9C00300010002000100080B485B000AF786015
:10DFAC0039607B681B68FB607B68784A93422BD096
:10DFBC007B68774A934227D07B68B3F1804F23D09C
:10DFCC007B68B3F1A04F1FD07B68724A93421BD081
:10DFDC007B68714A934217D07B68704A934213D086
:10DFEC007B686F4A93420FD07B686E4A93420BD08A
:10DFFC007B686D4A934207D07B686C4A934203D08E
:10E00C007B686B4A934208D1FB6823F07003FB607A
:10E01C003B685B68FA681343FB607B685B4A93421E
:10E02C005BD07B685A4A934257D07B68B3F1804FE0
:10E03C0053D07B68B3F1A04F4FD07B68554A9342C5
:10E04C004BD07B68544A934247D07B68534A9342E7
:10E05C0043D07B68524A93423FD07B68514A9342EB
:10E06C003BD07B68504A934237D07B684F4A9342EF
:10E07C0033D07B684E4A93422FD07B684D4A9342F3
:10E08C002BD07B684C4A934227D07B684B4A9342F7
:10E09C0023D07B684A4A93421FD07B68494A9342FB
:10E0AC001BD07B68484A934217D07B68474A9342FF
:10E0BC0013D07B68464A93420FD07B68454A934203
:10E0CC000BD07B68444A934207D07B68434A934207
:10E0DC0003D07B68424A934208D1FB6823F4407317
:10E0EC00FB603B68DB68FA681343FB60FB6823F05A
:10E0FC0080023B685B691343FB603B689A687B68F2
:10E10C00DA623B681A687B689A627B681F4A9342A2
:10E11C0023D07B681E4A93421FD07B68234A9342CC
:10E12C001BD07B68224A934217D07B68274A9342C4
:10E13C0013D07B68264A93420FD07B68254A9342C2
:10E14C000BD07B68244A934207D07B68234A9342C6
:10E15C0003D07B68224A934203D13B681A697B68DF
:10E16C001A637B681B6843F004027B681A607B6847
:10E17C0001225A61BFF34F8F00BF7B68FA681A60A7
:10E18C0000BF1437BD465DF8047B7047002C01407E
:10E19C00002C015000040040000400500008004016
:10E1AC0000080050000C0040000C005000340140EE
:10E1BC00003401500018004000180050001C0040B2
:10E1CC00001C005000200040002000500040014086
:10E1DC0000400150004401400044015000480140FF
:10E1EC000048015080B487B000AF786039607B681C
:10E1FC001B6A7B617B681B6A23F001027B681A62D5
:10E20C007B685B683B617B689B69FB60FB6823F404
:10E21C00803323F07003FB60FB6823F00303FB6087
:10E22C003B681B68FA681343FB607B6923F00203AD
:10E23C007B613B689B687A6913437B617B68404ACE
:10E24C00934223D07B683F4A93421FD07B683E4A5F
:10E25C0093421BD07B683D4A934217D07B683C4A63
:10E26C00934213D07B683B4A93420FD07B683A4A67
:10E27C0093420BD07B68394A934207D07B68384A6B
:10E28C00934203D07B68374A93420CD17B6923F0CD
:10E29C0008037B613B68DB687A6913437B617B69AC
:10E2AC0023F004037B617B68254A934223D07B686F
:10E2BC00244A93421FD07B68234A93421BD07B682D
:10E2CC00224A934217D07B68214A934213D07B6831
:10E2DC00204A93420FD07B681F4A93420BD07B6835
:10E2EC001E4A934207D07B681D4A934203D07B6839
:10E2FC001C4A934211D13B6923F480733B613B6907
:10E30C0023F400733B613B685B693A6913433B61DF
:10E31C003B689B693A6913433B617B683A695A6075
:10E32C007B68FA689A613B685A687B685A637B68B9
:10E33C007A691A6200BF1C37BD465DF8047B7047D2
:10E34C00002C0140002C01500034014000340150DD
:10E35C000040014000400150004401400044015085
:10E36C00004801400048015080B487B000AF78608D
:10E37C0039607B681B6A7B617B681B6A23F0100227
:10E38C007B681A627B685B683B617B689B69FB609E
:10E39C00FB6823F0807323F4E043FB60FB6823F4F9
:10E3AC004073FB603B681B681B02FA681343FB60FD
:10E3BC007B6923F020037B613B689B681B017A69B6
:10E3CC0013437B617B68364A93420BD07B68354A9A
:10E3DC00934207D07B68344A934203D07B68334A1C
:10E3EC0093420DD17B6923F080037B613B68DB6832
:10E3FC001B017A6913437B617B6923F040037B61CA
:10E40C007B68274A934223D07B68264A93421FD0CD
:10E41C007B68254A93421BD07B68244A934217D0D1
:10E42C007B68234A934213D07B68224A93420FD0D5
:10E43C007B68214A93420BD07B68204A934207D0D9
:10E44C007B681F4A934203D07B681E4A934213D1C8
:10E45C003B6923F480633B613B6923F400633B61BC
:10E46C003B685B699B003A6913433B613B689B6962
:10E47C009B003A6913433B617B683A695A607B683D
:10E48C00FA689A613B685A687B689A637B687A6918
:10E49C001A6200BF1C37BD465DF8047B704700BF95
:10E4AC00002C0140002C015000340140003401507C
:10E4BC000040014000400150004401400044015024
:10E4CC00004801400048015080B487B000AF78602C
:10E4DC0039607B681B6A7B617B681B6A23F48072E2
:10E4EC007B681A627B685B683B617B68DB69FB60FD
:10E4FC00FB6823F4803323F07003FB60FB6823F08C
:10E50C000303FB603B681B68FA681343FB607B6981
:10E51C0023F400737B613B689B681B027A6913438D
:10E52C007B617B68354A93420BD07B68344A9342BB
:10E53C0007D07B68334A934203D07B68324A9342BC
:10E54C000DD17B6923F400637B613B68DB681B02A4
:10E55C007A6913437B617B6923F480637B617B68FD
:10E56C00264A934223D07B68254A93421FD07B686E
:10E57C00244A93421BD07B68234A934217D07B6872
:10E58C00224A934213D07B68214A93420FD07B6876
:10E59C00204A93420BD07B681F4A934207D07B687A
:10E5AC001E4A934203D07B681D4A934213D13B69A8
:10E5BC0023F480533B613B6923F400533B613B687C
:10E5CC005B691B013A6913433B613B689B691B0107
:10E5DC003A6913433B617B683A695A607B68FA6815
:10E5EC00DA613B685A687B68DA637B687A691A621D
:10E5FC0000BF1C37BD465DF8047B7047002C014002
:10E60C00002C015000340140003401500040014006
:10E61C0000400150004401400044015000480140BA
:10E62C000048015080B487B000AF786039607B68D7
:10E63C001B6A7B617B681B6A23F480527B681A62BD
:10E64C007B685B683B617B68DB69FB60FB6823F084
:10E65C00807323F4E043FB60FB6823F44073FB609E
:10E66C003B681B681B02FA681343FB607B6923F44D
:10E67C0000537B613B689B681B037A6913437B6186
:10E68C007B68364A93420BD07B68354A934207D05D
:10E69C007B68344A934203D07B68334A93420DD152
:10E6AC007B6923F400437B613B68DB681B037A695D
:10E6BC0013437B617B6923F480437B617B68274A2E
:10E6CC00934223D07B68264A93421FD07B68254A0D
:10E6DC0093421BD07B68244A934217D07B68234A11
:10E6EC00934213D07B68224A93420FD07B68214A15
:10E6FC0093420BD07B68204A934207D07B681F4A19
:10E70C00934203D07B681E4A934213D13B6923F496
:10E71C0080433B613B6923F400433B613B685B698D
:10E72C009B013A6913433B613B689B699B013A69C6
:10E73C0013433B617B683A695A607B68FA68DA611B
:10E74C003B685A687B681A647B687A691A6200BFF6
:10E75C001C37BD465DF8047B704700BF002C0140A0
:10E76C00002C0150003401400034015000400140A5
:10E77C000040015000440140004401500048014059
:10E78C000048015080B487B000AF786039607B6876
:10E79C001B6A3B617B681B6A23F480327B681A62BC
:10E7AC007B685B687B617B681B6DFB60FB6823F49B
:10E7BC00803323F07003FB603B681B68FA681343DB
:10E7CC00FB603B6923F400333B613B689B681B0493
:10E7DC003A6913433B617B68214A934223D07B689F
:10E7EC00204A93421FD07B681F4A93421BD07B6800
:10E7FC001E4A934217D07B681D4A934213D07B6804
:10E80C001C4A93420FD07B681B4A93420BD07B6807
:10E81C001A4A934207D07B68194A934203D07B680B
:10E82C00184A934209D17B6923F480337B613B689E
:10E83C005B691B027A6913437B617B687A695A6056
:10E84C007B68FA681A653B685A687B689A647B68CF
:10E85C003A691A6200BF1C37BD465DF8047B7047ED
:10E86C00002C0140002C01500034014000340150B8
:10E87C000040014000400150004401400044015060
:10E88C00004801400048015080B487B000AF786068
:10E89C0039607B681B6A3B617B681B6A23F48012BE
:10E8AC007B681A627B685B687B617B681B6DFB60B5
:10E8BC00FB6823F0807323F4E043FB603B681B6828
:10E8CC001B02FA681343FB603B6923F400133B61A2
:10E8DC003B689B681B053A6913433B617B68224A82
:10E8EC00934223D07B68214A93421FD07B68204AF5
:10E8FC0093421BD07B681F4A934217D07B681E4AF9
:10E90C00934213D07B681D4A93420FD07B681C4AFC
:10E91C0093420BD07B681B4A934207D07B681A4A00
:10E92C00934203D07B68194A934209D17B6923F443
:10E93C0080237B613B685B699B027A6913437B6133
:10E94C007B687A695A607B68FA681A653B685A6812
:10E95C007B68DA647B683A691A6200BF1C37BD4673
:10E96C005DF8047B704700BF002C0140002C015067
:10E97C00003401400034015000400140004001507F
:10E98C00004401400044015000480140004801503F
:10E99C0080B487B000AFF860B9607A60FB681B6A1E
:10E9AC007B61FB681B6A23F00102FB681A62FB683F
:10E9BC009B693B613B6923F0F0033B617B681B0166
:10E9CC003A6913433B617B6923F00A037B617A69E3
:10E9DC00BB6813437B61FB683A699A61FB687A698F
:10E9EC001A6200BF1C37BD465DF8047B704780B4CB
:10E9FC0087B000AFF860B9607A60FB681B6A7B6116
:10EA0C00FB681B6A23F01002FB681A62FB689B69A7
:10EA1C003B613B6923F470433B617B681B033A69A0
:10EA2C0013433B617B6923F0A0037B61BB681B0133
:10EA3C007A6913437B61FB683A699A61FB687A696E
:10EA4C001A6200BF1C37BD465DF8047B704780B46A
:10EA5C0085B000AF786039607B689B68FB60FB68B1
:10EA6C0023F4401323F07003FB603A68FB681343F4
:10EA7C0043F00703FB607B68FA689A6000BF1437A9
:10EA8C00BD465DF8047B704780B487B000AFF8607A
:10EA9C00B9607A603B60FB689B687B617B6923F49F
:10EAAC007F437B613B681A027B681A43BB68134344
:10EABC007A6913437B61FB687A699A6000BF1C37E3
:10EACC00BD465DF8047B704780B485B000AF7860BC
:10EADC0039607B6893F83C30012B01D10223A1E013
:10EAEC007B68012283F83C207B68022283F83D205E
:10EAFC007B681B685B68FB607B681B689B68BB6002
:10EB0C007B681B684A4A93420ED07B681B68494A53
:10EB1C00934209D07B681B68474A934204D07B68B8
:10EB2C001B68464A934208D1FB6823F47003FB60D0
:10EB3C003B685B68FA681343FB60FB6823F0007367
:10EB4C0023F07003FB603B681B68FA681343FB609F
:10EB5C007B681B68FA685A607B681B68344A93426E
:10EB6C004AD07B681B68334A934245D07B681B684C
:10EB7C00B3F1804F40D07B681B68B3F1A04F3BD002
:10EB8C007B681B682E4A934236D07B681B682D4AE3
:10EB9C00934231D07B681B682B4A93422CD07B6804
:10EBAC001B682A4A934227D07B681B68284A9342E9
:10EBBC0022D07B681B68274A93421DD07B681B6858
:10EBCC001D4A934218D07B681B681C4A934213D091
:10EBDC007B681B68204A93420ED07B681B681F4AD7
:10EBEC00934209D07B681B681D4A934204D07B6812
:10EBFC001B681C4A93420CD1BB6823F08003BB609A
:10EC0C003B689B68BA681343BB607B681B68BA6837
:10EC1C009A607B68012283F83D207B68002283F890
:10EC2C003C20002318461437BD465DF8047B704722
:10EC3C00002C0140002C01500034014000340150E4
:10EC4C000004004000040050000800400008005080
:10EC5C00000C0040000C0050001800400018005040
:10EC6C00004001400040015080B485B000AF786096
:10EC7C0039600023FB607B6893F83C30012B01D199
:10EC8C0002237DE07B68012283F83C20FB6823F0A3
:10EC9C00FF023B68DB681343FB60FB6823F44072A4
:10ECAC003B689B681343FB60FB6823F480623B6802
:10ECBC005B681343FB60FB6823F400623B681B68D2
:10ECCC001343FB60FB6823F480523B681B691343BE
:10ECDC00FB60FB6823F400523B685B691343FB60E9
:10ECEC00FB6823F480423B681B6B1343FB60FB689F
:10ECFC0023F470223B689B691B041343FB60FB6885
:10ED0C0023F080523B68DB691343FB607B681B6814
:10ED1C001E4A93420ED07B681B681D4A934209D051
:10ED2C007B681B681B4A934204D07B681B681A4A99
:10ED3C0093421CD1FB6823F470023B689B6A1B0551
:10ED4C001343FB60FB6823F080723B681B6A134320
:10ED5C00FB60FB6823F000723B685B6A1343FB604B
:10ED6C00FB6823F000523B68DB6A1343FB607B6853
:10ED7C001B68FA685A647B68002283F83C200023E5
:10ED8C0018461437BD465DF8047B7047002C0140D3
:10ED9C00002C0150003401400034015080B582B089
:10EDAC0000AF78607B68002B01D1012342E07B68C7
:10EDBC00D3F88830002B06D17B68002283F884209E
:10EDCC007868F5F7ABFE7B682422C3F888207B6853
:10EDDC001B681A687B681B6822F001021A607B684A
:10EDEC009B6A002B02D0786800F07CFD786800F0FC
:10EDFC008BFB0346012B01D101231BE07B681B68B5
:10EE0C005A687B681B6822F490425A607B681B68C6
:10EE1C009A687B681B6822F02A029A607B681B68E0
:10EE2C001A687B681B6842F001021A60786800F06F
:10EE3C00FBFD034618460837BD4680BD80B582B041
:10EE4C0000AF78607B68002B01D101234AE07B681E
:10EE5C00D3F88830002B06D17B68002283F88420FD
:10EE6C007868F5F75BFE7B682422C3F888207B6802
:10EE7C001B681A687B681B6822F001021A607B68A9
:10EE8C009B6A002B02D0786800F02CFD786800F0AB
:10EE9C003BFB0346012B01D1012323E07B681B685C
:10EEAC005A687B681B6822F490425A607B681B6826
:10EEBC009A687B681B6822F022029A607B681B6848
:10EECC009A687B681B6842F008029A607B681B6832
:10EEDC001A687B681B6842F001021A60786800F0BF
:10EEEC00A3FD034618460837BD4680BD80B5AEB0BD
:10EEFC0000AF78607B681B68DB69C7F8B4307B684F
:10EF0C001B681B68C7F8B0307B681B689B68C7F828
:10EF1C00AC30D7F8B42040F60F031340C7F8A83034
:10EF2C00D7F8A830002B1BD1D7F8B43003F020034E
:10EF3C00002B15D0D7F8B03003F02003002B05D1EF
:10EF4C00D7F8AC3003F08053002B09D07B685B6F93
:10EF5C00002B00F0AC827B685B6F78689847A6E268
:10EF6C00D7F8A830002B00F0FD80D7F8AC207A4BF6
:10EF7C001340002B06D1D7F8B020784B1340002B50
:10EF8C0000F0F080D7F8B43003F00103002B11D05F
:10EF9C00D7F8B03003F48073002B0BD07B681B6860
:10EFAC0001221A627B68D3F8903043F001027B682F
:10EFBC00C3F89020D7F8B43003F00203002B11D023
:10EFCC00D7F8AC3003F00103002B0BD07B681B6827
:10EFDC0002221A627B68D3F8903043F004027B68FB
:10EFEC00C3F89020D7F8B43003F00403002B11D0F1
:10EFFC00D7F8AC3003F00103002B0BD07B681B68F7
:10F00C0004221A627B68D3F8903043F002027B68CA
:10F01C00C3F89020D7F8B43003F00803002B17D0B6
:10F02C00D7F8B03003F02003002B05D1D7F8AC2073
:10F03C00494B1340002B0BD07B681B6808221A62CB
:10F04C007B68D3F8903043F008027B68C3F89020BB
:10F05C00D7F8B43003F40063002B12D0D7F8B030DB
:10F06C0003F08063002B0CD07B681B684FF40062AC
:10F07C001A627B68D3F8903043F020027B68C3F8A7
:10F08C0090207B68D3F89030002B00F01282D7F8D8
:10F09C00B43003F02003002B13D0D7F8B03003F0BA
:10F0AC002003002B05D1D7F8AC3003F08053002B94
:10F0BC0007D07B685B6F002B03D07B685B6F786835
:10F0CC0098477B68D3F89030C7F8A4307B681B68EE
:10F0DC009B6803F04003402B05D0D7F8A43003F015
:10F0EC002803002B2ED0786800F0B5FD7B681B68D8
:10F0FC009B6803F04003402B20D17B68D3F8803011
:10F10C00002B17D07B68D3F88030154ADA667B6801
:10F11C00D3F880301846F7F733FD0346002B19D08F
:10F12C007B68D3F88030DB6E7A68D2F8802010468A
:10F13C0098470FE0786800F0D1F90BE0786800F0A0
:10F14C00CDF907E0786800F0C9F97B680022C3F8B4
:10F15C009020AEE100BFACE10100001020010004E2
:10F16C002FFD00087B68DB6E012B40F04281D7F845
:10F17C00B43003F01003002B00F03B81D7F8B03013
:10F18C0003F01003002B00F034817B681B68102205
:10F19C001A627B681B689B6803F04003402B40F0AD
:10F1AC00AA807B68D3F880301B689B6CA7F89230E0
:10F1BC00B7F89230002B00F084807B68B3F85C3099
:10F1CC00B7F892209A427CD27B68B7F89220A3F8C9
:10F1DC005E207B68D3F880301B6D812B60D07B6800
:10F1EC001B687B677B6F53E8003F3B673B6F23F4E7
:10F1FC008073C7F88C307B681B681A46D7F88C3044
:10F20C00C7F88030FA67F96FD7F8802041E80023FF
:10F21C00BB67BB6F002BE2D17B681B6808333B6676
:10F22C003B6E53E8003FFB65FB6D23F00103C7F811
:10F23C0088307B681B680833D7F88820FA66BB6671
:10F24C00B96EFA6E41E800237B667B6E002BE3D12E
:10F25C007B682022C3F88C207B680022DA667B68EE
:10F26C001B68FB64FB6C53E8003FBB64BB6C23F076
:10F27C001003C7F884307B681B681A46D7F88430B3
:10F28C00BB657A65796DBA6D41E800233B653B6DD2
:10F29C00002BE4D17B68D3F880301846F7F7F4FBE9
:10F2AC007B6802221A677B68B3F85C207B68B3F832
:10F2BC005E309BB2D31A9BB21946786800F018F9ED
:10F2CC00F9E07B68B3F85C30B7F892209A4240F0D2
:10F2DC00F2807B68D3F880301B6D812B40F0EB8083
:10F2EC007B6802221A677B68B3F85C301946786831
:10F2FC0000F0FEF8DFE07B68B3F85C207B68B3F8C5
:10F30C005E309BB2D31AA7F8A2307B68B3F85E309C
:10F31C009BB2002B00F0D180B7F8A230002B00F08C
:10F32C00CC807B681B68BB63BB6B53E8003F7B6383
:10F33C007B6B23F49073C7F89C307B681B681A4670
:10F34C00D7F89C307B643A64396C7A6C41E80023C2
:10F35C00FB63FB6B002BE4D17B681B6808337B627F
:10F36C007B6A53E8003F3B623B6A23F0805323F0F7
:10F37C000103C7F898307B681B680833D7F89820CE
:10F38C003A63FB62F96A3A6B41E80023BB62BB6AE1
:10F39C00002BE1D17B682022C3F88C207B680022F3
:10F3AC00DA667B6800225A677B681B683B613B69A5
:10F3BC0053E8003FFB60FB6823F01003C7F8943060
:10F3CC007B681B681A46D7F89430FB61BA61B9693F
:10F3DC00FA6941E800237B617B69002BE4D17B68EF
:10F3EC0002221A67B7F8A2301946786800F080F844
:10F3FC0063E0D7F8B43003F48013002B0ED0D7F8A9
:10F40C00AC3003F48003002B08D07B681B684FF4EE
:10F41C0080121A62786800F0BDFC51E0D7F8B43065
:10F42C0003F08003002B14D0D7F8B03003F0800326
:10F43C00002B05D1D7F8AC3003F40003002B08D017
:10F44C007B689B6F002B3AD07B689B6F78689847E2
:10F45C0035E0D7F8B43003F04003002B09D0D7F8CF
:10F46C00B03003F04003002B03D0786800F067FC49
:10F47C0026E0D7F8B43003F40003002B09D0D7F8FA
:10F48C00B03003F08043002B03D0786800F096FC7A
:10F49C0016E0D7F8B43003F08073002B10D0D7F8F7
:10F4AC00B030002B0CDA786800F07EFC08E000BF6E
:10F4BC0006E000BF04E000BF02E000BF00E000BFB8
:10F4CC00B837BD4680BD00BF80B483B000AF786054
:10F4DC0000BF0C37BD465DF8047B704780B483B029
:10F4EC0000AF786000BF0C37BD465DF8047B7047F9
:10F4FC0080B483B000AF78600B467B8000BF0C37C4
:10F50C00BD465DF8047B70472DE9B04F94B000AF59
:10F51C00F862002387F84730FB6A1A68784B9A42E6
:10F52C00FB6A9A68FB6A1B691A43FB6A5B691A439C
:10F53C00FB6ADB691343FB64FB6A1B681B6871493C
:10F54C001940FB6A1A68FB6C0B431360FB6A1B685F
:10F55C005B6823F44050FB6AD968FB6A1A6840EA7E
:10F56C0001035360FB6A9B69FB64FB6A1A68644B7A
:10F57C009A4209D0FB6A1A68634B9A4204D0FB6A20
:10F58C001A6AFB6C1343FB64FB6A1B689B6823F0D1
:10F59C006E4121F43061FB6A1A68FB6C0B4393607B
:10F5AC00FB6A1B68DB6A23F00F00FB6A596AFB6A73
:10F5BC001A6840EA0103D362FB6A1A68534B9A42F9
:10F5CC0002D10123BB6466E0FB6A1A68504B9A4275
:10F5DC0002D10223BB645EE0FB6A1A684D4B9A426F
:10F5EC0002D10423BB6456E0FB6A1A684A4B9A4268
:10F5FC0002D10823BB644EE0FB6A1A68474B9A425F
:10F60C0002D11023BB6446E0FB6A1A68444B9A4251
:10F61C0002D12023BB643EE0FB6A1A68414B9A423C
:10F62C0002D14023BB6436E0FB6A1A683E4B9A4217
:10F63C0002D18023BB642EE0FB6A1A683B4B9A42D2
:10F64C0003D14FF48073BB6425E0FB6A1A68384B16
:10F65C009A4203D14FF40073BB641CE0FB6A1A6836
:10F66C00344B9A4203D14FF48063BB6413E0FB6AC2
:10F67C001A68314B9A4203D14FF40063BB640AE021
:10F68C00FB6A1A681E4B9A4203D14FF48053BB6439
:10F69C0001E00023BB64FB6A1A68194B9A4205D03F
:10F6AC00FB6A1A68184B9A4240F09480BB6C00229B
:10F6BC003B627A62D7E90801FBF7F4FC38643B6CD7
:10F6CC00002B00F0F780FB6A5B6A1C4A32F813309F
:10F6DC001A463B6CB3FBF2F37B63FB6A5A68134626
:10F6EC005B0013447A6B9A4205D3FB6A5B681B037D
:10F6FC007A6B9A4224D9012387F8473069E000BF1E
:10F70C0000240044F369FFCF00240054003801406A
:10F71C000044004000480040004C004000500040B5
:10F72C000064004000780040007C004000800040F5
:10F73C0000680040006C004000840040A81D0108D7
:10F74C003B6C0022BB61FA61FB6A5B6A644A32F86B
:10F75C0013309BB200223B617A61D7E90423D7E9CD
:10F76C000601F1F7ABF902460B46104619464FF06D
:10F77C0000024FF000030B0243EA10630202F96A25
:10F78C004968490800200C46054612EB040843EB77
:10F79C000509FB6A5B680022BB60FA60D7E90223AB
:10F7AC0040464946F1F78AF902460B461346FB637D
:10F7BC00FB6BB3F5407F08D3FB6BB3F5801F04D212
:10F7CC00FB6A1B68FA6BDA6003E0012387F84730A9
:10F7DC0070E06FE0FB6ADB69B3F5004F3CD1BB6CAA
:10F7EC0000223B607A60D7E90001FBF75BFC3864D0
:10F7FC003B6C002B5ED0FB6A5B6A394A32F81330E3
:10F80C001A463B6CB3FBF2F35A00FB6A5B685B086D
:10F81C001A44FB6A5B68B2FBF3F3FB63FB6B0F2BC5
:10F82C0016D9FB6BB3F5803F12D2FB6B9BB223F066
:10F83C000F037B87FB6B5B089BB203F007039AB249
:10F84C007B8F13437B87FB6A1B687A8FDA6031E00E
:10F85C00012387F847302DE0BB6C00229A46934673
:10F86C0050465946FBF71EFC38643B6C002B21D0EC
:10F87C00FB6A5B6A1A4A32F813301A463B6CB3FBCC
:10F88C00F2F2FB6A5B685B081A44FB6A5B68B2FBCA
:10F89C00F3F3FB63FB6B0F2B09D9FB6BB3F5803FC9
:10F8AC0005D2FB6B9AB2FB6A1B68DA6002E001239B
:10F8BC0087F84730FB6A0122A3F86A20FB6A012211
:10F8CC00A3F86820FB6A00225A67FB6A00229A6739
:10F8DC0097F8473018465037BD46BDE8B08F00BF8B
:10F8EC00A81D010880B483B000AF78607B689B6A68
:10F8FC0003F00803002B0AD07B681B685B6823F4B9
:10F90C0000417B689A6B7B681B680A435A607B6872
:10F91C009B6A03F00103002B0AD07B681B685B68B1
:10F92C0023F400317B68DA6A7B681B680A435A60EF
:10F93C007B689B6A03F00203002B0AD07B681B6870
:10F94C005B6823F480317B681A6B7B681B680A4305
:10F95C005A607B689B6A03F00403002B0AD07B6817
:10F96C001B685B6823F480217B685A6B7B681B687F
:10F97C000A435A607B689B6A03F01003002B0AD081
:10F98C007B681B689B6823F480517B68DA6B7B680F
:10F99C001B680A439A607B689B6A03F02003002B68
:10F9AC000AD07B681B689B6823F400517B681A6C37
:10F9BC007B681B680A439A607B689B6A03F0400370
:10F9CC00002B1AD07B681B685B6823F480117B6862
:10F9DC005A6C7B681B680A435A607B685B6CB3F596
:10F9EC00801F0AD17B681B685B6823F4C0017B68AD
:10F9FC009A6C7B681B680A435A607B689B6A03F0AD
:10FA0C008003002B0AD07B681B685B6823F4002101
:10FA1C007B68DA6C7B681B680A435A6000BF0C3742
:10FA2C00BD465DF8047B704780B598B002AF786036
:10FA3C007B680022C3F89020F5F7BEFD78657B68E3
:10FA4C001B681B6803F00803082B2FD16FF07E4353
:10FA5C0000937B6D00224FF40011786800F08EF853
:10FA6C000346002B22D07B681B68BB63BB6B53E83F
:10FA7C00003F7B637B6B23F080033B657B681B68DB
:10FA8C001A463B6D7B643A64396C7A6C41E800230E
:10FA9C00FB63FB6B002BE6D17B682022C3F888202C
:10FAAC007B68002283F88420032363E07B681B6857
:10FABC001B6803F00403042B49D16FF07E430093C1
:10FACC007B6D00224FF48001786800F057F80346F4
:10FADC00002B3CD07B681B687B627B6A53E8003F41
:10FAEC003B623B6A23F49073FB647B681B681A4689
:10FAFC00FB6C3B63FA62F96A3A6B41E80023BB6228
:10FB0C00BB6A002BE6D17B681B6808333B613B6901
:10FB1C0053E8003FFB60FB6823F00103BB647B6888
:10FB2C001B680833BA6CFA61BB61B969FA6941E8C0
:10FB3C0000237B617B69002BE5D17B682022C3F815
:10FB4C008C207B68002283F88420032312E07B68DE
:10FB5C002022C3F888207B682022C3F88C207B6885
:10FB6C000022DA667B6800221A677B68002283F821
:10FB7C008420002318465837BD4680BD80B584B01C
:10FB8C0000AFF860B9603B601346FB714FE0BB6996
:10FB9C00B3F1FF3F4BD0F5F70FFD02463B68D31A8C
:10FBAC00BA699A4202D3BB69002B01D103234EE000
:10FBBC00FB681B681B6803F00403002B37D0BB6881
:10FBCC00802B34D0BB68402B31D0FB681B68DB69C1
:10FBDC0003F00803082B10D1FB681B6808221A627B
:10FBEC00F86800F038F8FB680822C3F89020FB682E
:10FBFC00002283F88420012329E0FB681B68DB6961
:10FC0C0003F40063B3F5006F11D1FB681B684FF46C
:10FC1C0000621A62F86800F01EF8FB682022C3F834
:10FC2C009020FB68002283F8842003230FE0FB68FC
:10FC3C001B68DA69BB681340BA689A420CBF01238F
:10FC4C000023DBB21A46FB799A42A0D00023184657
:10FC5C001037BD4680BD80B495B000AF78607B682E
:10FC6C001B687B637B6B53E8003F3B633B6B23F46C
:10FC7C009073FB647B681B681A46FB6C3B64FA63ED
:10FC8C00F96B3A6C41E80023BB63BB6B002BE6D1EC
:10FC9C007B681B6808333B623B6A53E8003FFB619F
:10FCAC00FB6923F0805323F00103BB647B681B6862
:10FCBC000833BA6CFA62BB62B96AFA6A41E800238B
:10FCCC007B627B6A002BE3D17B68DB6E012B18D146
:10FCDC007B681B68FB60FB6853E8003FBB60BB683C
:10FCEC0023F010037B647B681B681A467B6CBB613A
:10FCFC007A617969BA6941E800233B613B69002B61
:10FD0C00E6D17B682022C3F88C207B680022DA665F
:10FD1C007B6800225A6700BF5437BD465DF8047BF0
:10FD2C00704780B584B000AF78607B68DB6DFB609A
:10FD3C00F868FFF7D3FB00BF1037BD4680BD80B518
:10FD4C0088B000AF78607B681B68FB60FB6853E889
:10FD5C00003FBB60BB6823F04003FB617B681B6802
:10FD6C001A46FB69BB617A617969BA6941E800237B
:10FD7C003B613B69002BE6D17B682022C3F88820CD
:10FD8C007B6800229A677868FFF79EFB00BF2037DC
:10FD9C00BD4680BD80B483B000AF786000BF0C3727
:10FDAC00BD465DF8047B704780B483B000AF7860CB
:10FDBC0000BF0C37BD465DF8047B704780B483B040
:10FDCC0000AF786000BF0C37BD465DF8047B704710
:10FDDC0080B485B000AF78607B6893F88430012BD9
:10FDEC0001D1022327E07B68012283F884207B6801
:10FDFC002422C3F888207B681B681B68FB607B6827
:10FE0C001B681A687B681B6822F001021A60FB6889
:10FE1C0023F00053FB607B6800225A667B681B68EA
:10FE2C00FA681A607B682022C3F888207B6800225D
:10FE3C0083F88420002318461437BD465DF8047BF4
:10FE4C00704780B584B000AF786039607B6893F8F8
:10FE5C008430012B01D102232DE07B68012283F831
:10FE6C0084207B682422C3F888207B681B681B686D
:10FE7C00FB607B681B681A687B681B6822F00102B8
:10FE8C001A607B681B689B6823F060417B681B6869
:10FE9C003A680A439A60786800F050F87B681B68EF
:10FEAC00FA681A607B682022C3F888207B680022DD
:10FEBC0083F88420002318461037BD4680BD80B5DA
:10FECC0084B000AF786039607B6893F88430012B84
:10FEDC0001D102232DE07B68012283F884207B680A
:10FEEC002422C3F888207B681B681B68FB607B6836
:10FEFC001B681A687B681B6822F001021A607B6819
:10FF0C001B689B6823F060617B681B683A680A4336
:10FF1C009A60786800F012F87B681B68FA681A60BF
:10FF2C007B682022C3F888207B68002283F8842019
:10FF3C00002318461037BD4680BD000080B485B044
:10FF4C0000AF78607B685B6E002B08D17B68012268
:10FF5C00A3F86A207B680122A3F8682031E008230B
:10FF6C00FB730823BB737B681B689B685B0EDBB25F
:10FF7C0003F007037B737B681B689B685B0FDBB22A
:10FF8C0003F007033B73BB7B3A7B11498A5C02FB92
:10FF9C0003F33A7B0F498A5C93FBF2F39AB27B68CA
:10FFAC00A3F86A20FB7B7A7B09498A5C02FB03F38A
:10FFBC007A7B08498A5C93FBF2F39AB27B68A3F8CC
:10FFCC00682000BF1437BD465DF8047B704700BF46
:10FFDC00C01D0108C81D010880B48BB000AFF860CB
:10FFEC00B9607A60FB681A68BB687B617B6993FABD
:04FFFC00A3F33B61CF
:020000040801F1
:100000003B69BB61BB69002B01D1202303E0BB69C5
:10001000B3FA83F3DBB25B00032101FA03F3DB43A2
:100020001A40BB683B623B6A93FAA3F3FB61FB692E
:100030007B627B6A002B01D1202303E07B6AB3FA49
:1000400083F3DBB25B00796801FA03F31A43FB68C0
:100050001A6000BF2C37BD465DF8047B704780B442
:1000600085B000AFF860B9607A60FB685A68BB6819
:10007000DB431A40BB68796801FB03F31A43FB6852
:100080005A6000BF1437BD465DF8047B704780B4EA
:100090008BB000AFF860B9607A60FB689A68BB68A3
:1000A0007B617B6993FAA3F33B613B69BB61BB69ED
:1000B000002B01D1202303E0BB69B3FA83F3DBB249
:1000C0005B00032101FA03F3DB431A40BB683B6288
:1000D0003B6A93FAA3F3FB61FB697B627B6A002BAB
:1000E00001D1202303E07B6AB3FA83F3DBB25B0028
:1000F000796801FA03F31A43FB689A6000BF2C3752
:10010000BD465DF8047B704780B48BB000AFF860EB
:10011000B9607A60FB68DA68BB687B617B6993FAD7
:10012000A3F33B613B69BB61BB69002B01D1202379
:1001300003E0BB69B3FA83F3DBB25B00032101FA8E
:1001400003F3DB431A40BB683B623B6A93FAA3F3B9
:10015000FB61FB697B627B6A002B01D1202303E0FA
:100160007B6AB3FA83F3DBB25B00796801FA03F3CD
:100170001A43FB68DA6000BF2C37BD465DF8047B8C
:10018000704780B48BB000AFF860B9607A60FB68EC
:100190001A6ABB687B617B6993FAA3F33B613B6995
:1001A000BB61BB69002B01D1202303E0BB69B3FA1B
:1001B00083F3DBB29B000F2101FA03F3DB431A4008
:1001C000BB683B623B6A93FAA3F3FB61FB697B620A
:1001D0007B6A002B01D1202303E07B6AB3FA83F30F
:1001E000DBB29B00796801FA03F31A43FB681A62D9
:1001F00000BF2C37BD465DF8047B704780B48BB0E0
:1002000000AFF860B9607A60FB685A6ABB681B0A85
:100210007B617B6993FAA3F33B613B69BB61BB697B
:10022000002B01D1202303E0BB69B3FA83F3DBB2D7
:100230009B000F2101FA03F3DB431A40BB681B0A42
:100240003B623B6A93FAA3F3FB61FB697B627B6AC7
:10025000002B01D1202303E07B6AB3FA83F3DBB2E6
:100260009B00796801FA03F31A43FB685A6200BFE6
:100270002C37BD465DF8047B704780B58AB000AF6F
:10028000786039603B681B68BB61BB6993FAA3F374
:100290007B617B69FB61FB69002B01D1202303E0BB
:1002A000FB69B3FA83F3DBB27B6258E03B681A6800
:1002B00001217B6A01FA03F313403B623B6A002B86
:1002C0004AD03B685B68012B03D03B685B68022B1C
:1002D0000ED13B689B681A46396A7868FFF7D7FEEB
:1002E0003B6819683B68DB681A467868FFF7B7FE19
:1002F0003B681B691A46396A7868FFF705FF3B6857
:100300005B68022B21D13B6AFB60FB6893FAA3F385
:10031000BB60BB683B613B69002B01D1202303E03C
:100320003B69B3FA83F3DBB2072B07D83B685B6901
:100330001A46396A7868FFF724FF06E03B685B6974
:100340001A46396A7868FFF759FF3B685B681A46B6
:10035000396A7868FFF746FE7B6A01337B623B6847
:100360001A687B6A22FA03F3002B9FD100231846F8
:100370002837BD4680BD80B483B000AF78607B680D
:100380001B6803F00103012B01D1012300E00023CE
:1003900018460C37BD465DF8047B704780B483B0C7
:1003A00000AF786039607B681B6823F480523B683B
:1003B0001A437B681A6000BF0C37BD465DF8047BAA
:1003C000704780B483B000AF78607B68DB6803F06F
:1003D000805318460C37BD465DF8047B704780B4E7
:1003E00083B000AF786039607B683A681A6400BFF8
:1003F0000C37BD465DF8047B7047000080B586B0C1
:1004000000AF786039600123FB757868FFF7B3FFB0
:100410000346002B69D17B689A68364B13403A68D3
:1004200091693A68126A11433A6892680A431A431A
:100430007B689A603B685B693B613B685B68FB601B
:100440007868FFF7BEFFB8603B69B3F1806F12D1E7
:10045000BB68002B03D1FB68B3F5800F06D0BB68E7
:10046000B3F1805F07D1FB68002B04D14FF48051BA
:100470007868FFF793FF7B68DB6823F01F5323F452
:10048000C0233A6851693A68D26811433A681269E0
:1004900011433A68D26911433A68526811433A6885
:1004A000126802F4C0220A431A437B68DA607B6850
:1004B0001B6823F400623B681B6803F400631A4363
:1004C0007B681A603B681B6AB3F5800F05D13B68F7
:1004D0005B6A19467868FFF782FF7B681B6D23F023
:1004E00001027B681A650023FB75FB7D18461837EF
:1004F000BD4680BDE0FFBF0F80B483B000AF786021
:1005000039607B683A689A6200BF0C37BD465DF877
:10051000047B704780B483B000AF786039607B683B
:100520003A68DA6200BF0C37BD465DF8047B70475D
:1005300080B483B000AF786039607B683A681A6332
:1005400000BF0C37BD465DF8047B704780B483B0B4
:1005500000AF786039607B683A685A6300BF0C3737
:10056000BD465DF8047B704780B483B000AF78600F
:1005700039607B683A689A6300BF0C37BD465DF806
:10058000047B704780B483B000AF786039607B68CB
:100590003A68DA6300BF0C37BD465DF8047B7047EC
:1005A00080B483B000AF786039607B683A681A64C1
:1005B00000BF0C37BD465DF8047B704780B483B044
:1005C00000AF786039607B689B6C1B0D1B053A6837
:1005D0001A437B689A6400BF0C37BD465DF8047B04
:1005E000704780B483B000AF786039607B683A6848
:1005F000DA6400BF0C37BD465DF8047B704780B4F9
:1006000083B000AF78607B685B6943F001027B6870
:100610005A6100BF0C37BD465DF8047B704700008F
:1006200080B584B000AF786039607B681B68FB6080
:100630007B68714A93422BD07B68704A934227D0E3
:100640007B68B3F1804F23D07B68B3F1A04F1FD0FC
:100650007B686B4A93421BD07B686A4A934217D0EF
:100660007B68694A934213D07B68684A93420FD0F3
:100670007B68674A93420BD07B68664A934207D0F7
:100680007B68654A934203D07B68644A934206D1F3
:10069000FB6823F070023B685B681343FB607B6878
:1006A000554A93425BD07B68544A934257D07B684B
:1006B000B3F1804F53D07B68B3F1A04F4FD07B682C
:1006C0004F4A93424BD07B684E4A934247D07B6857
:1006D0004D4A934243D07B684C4A93423FD07B685B
:1006E0004B4A93423BD07B684A4A934237D07B685F
:1006F000494A934233D07B68484A93422FD07B6863
:10070000474A93422BD07B68464A934227D07B6866
:10071000454A934223D07B68444A93421FD07B686A
:10072000434A93421BD07B68424A934217D07B686E
:10073000414A934213D07B68404A93420FD07B6872
:100740003F4A93420BD07B683E4A934207D07B6876
:100750003D4A934203D07B683C4A934206D1FB68F2
:1007600023F440723B68DB681343FB607B68FA68E4
:100770001A603B689B6819467868FFF7CBFE3B68B8
:100780001B8819467868FFF7B7FE7B681A4A9342C0
:1007900023D07B68194A93421FD07B681E4A93423C
:1007A0001BD07B681D4A934217D07B68224A934234
:1007B00013D07B68214A93420FD07B68204A934232
:1007C0000BD07B681F4A934207D07B681E4A934236
:1007D00003D07B681D4A934205D13B681B691946CB
:1007E0007868FFF7A5FE7868FFF709FF0023184631
:1007F0001037BD4680BD00BF002C0140002C0150C9
:1008000000040040000400500008004000080050B0
:10081000000C0040000C0050003401400034015036
:100820000018004000180050001C0040001C005040
:1008300000200040002000500040014000400150D6
:10084000004401400044015000480140004801506C
:1008500080B586B000AFF860B9607A600123FB759F
:10086000BB68B3F5801F45D0BB68B3F5801F48D87F
:10087000BB68B3F5803F36D0BB68B3F5803F40D846
:10088000BB68B3F5805F27D0BB68B3F5805F38D80D
:10089000BB68B3F5807F18D0BB68B3F5807F30D8D4
:1008A000BB68012B03D0BB68102B07D029E0796807
:1008B000F86800F0B1F80346FB7523E07968F86842
:1008C00000F048F90346FB751CE07968F86800F011
:1008D000E3F90346FB7515E07968F86800F07EFAE5
:1008E0000346FB750EE07968F86800F019FB0346D3
:1008F000FB7507E07968F86800F094FB0346FB7528
:1009000000E000BFFB7D18461837BD4680BD0000E3
:1009100080B485B000AF786039600023FB60FB686D
:1009200023F0FF033A68127B1343FB60FB6823F458
:1009300040723B689B681343FB60FB6823F4806252
:100940003B685B681343FB60FB6823F400623B6811
:100950001B681343FB60FB6823F480533A68D28919
:100960001343FB60FB6823F400523B681B6913438D
:10097000FB60FB6823F480423B68DB6A1343FB6047
:10098000FB6823F470223B685B691343FB60FB68E0
:1009900023F080523B689B691343FB607B681A4AD3
:1009A00093420BD07B68194A934207D07B68184A60
:1009B000934203D07B68174A93421BD1FB6823F410
:1009C00070023B685B6A1343FB60FB6823F0807234
:1009D0003B68DB691343FB60FB6823F000723B68F4
:1009E0001B6A1343FB60FB6823F000523B689B6A61
:1009F0001343FB607B68FA685A6400231846143777
:100A0000BD465DF8047B7047002C0140002C01506E
:100A1000003401400034015080B586B000AF7860EA
:100A200039607B681B6A23F001027B681A627B686D
:100A30001B6A7B617B685B683B617B689B69FB60D1
:100A4000FB6823F00303FB60FB6823F4803323F08F
:100A500070033A6812681343FB607B6923F002025B
:100A60003B681B6913437B617B6923F001023B6890
:100A70005B6813437B617B682C4A934223D07B687D
:100A80002B4A93421FD07B682A4A93421BD07B6833
:100A9000294A934217D07B68284A934213D07B6837
:100AA000274A93420FD07B68264A93420BD07B683B
:100AB000254A934207D07B68244A934203D07B683F
:100AC000234A93421ED17B6923F008023B685B698D
:100AD0009B0013437B617B6923F004023B689B68A6
:100AE0009B0013437B613B6923F480723B689B69E5
:100AF00013433B613B6923F400723B68DB695B0095
:100B000013433B617B683A695A607B68FA689A6173
:100B10003B68DB6819467868FFF718FD7B687A69DF
:100B20001A62002318461837BD4680BD002C0140CC
:100B3000002C0150003401400034015000400140BD
:100B40000040015000440140004401500048014071
:100B50000048015080B586B000AF786039607B688E
:100B60001B6A23F010027B681A627B681B6A7B6138
:100B70007B685B683B617B689B69FB60FB6823F477
:100B80004073FB60FB6823F0807323F4E0433A6812
:100B9000126812021343FB607B6923F020023B685A
:100BA0001B691B0113437B617B6923F010023B68C7
:100BB0005B681B0113437B617B682D4A934223D002
:100BC0007B682C4A93421FD07B682B4A93421BD0F0
:100BD0007B682A4A934217D07B68294A934213D0F4
:100BE0007B68284A93420FD07B68274A93420BD0F8
:100BF0007B68264A934207D07B68254A934203D0FC
:100C00007B68244A93421FD17B6923F080023B68B2
:100C10005B699B0113437B617B6923F040023B6866
:100C20009B689B0113437B613B6923F480623B68B3
:100C30009B699B0013433B613B6923F400623B6863
:100C4000DB69DB0013433B617B683A695A607B6870
:100C5000FA689A613B68DB6819467868FFF784FC9C
:100C60007B687A691A62002318461837BD4680BD32
:100C7000002C0140002C0150003401400034015090
:100C80000040014000400150004401400044015038
:100C9000004801400048015080B586B000AF786040
:100CA00039607B681B6A23F480727B681A627B68F8
:100CB0001B6A7B617B685B683B617B68DB69FB600F
:100CC000FB6823F00303FB60FB6823F4803323F00D
:100CD00070033A6812681343FB607B6923F4007267
:100CE0003B681B691B0213437B617B6923F48072A1
:100CF0003B685B681B0213437B617B682D4A934210
:100D000023D07B682C4A93421FD07B682B4A9342A6
:100D10001BD07B682A4A934217D07B68294A9342AA
:100D200013D07B68284A93420FD07B68274A9342AE
:100D30000BD07B68264A934207D07B68254A9342B2
:100D400003D07B68244A93421FD17B6923F400625D
:100D50003B685B699B0213437B617B6923F4806280
:100D60003B689B689B0213437B613B6923F4805281
:100D70003B689B691B0113433B613B6923F40052B1
:100D80003B68DB695B0113433B617B683A695A60EE
:100D90007B68FA68DA613B68DB6819467868FFF7B8
:100DA000F1FB7B687A691A62002318461837BD4642
:100DB00080BD00BF002C0140002C015000340140D8
:100DC0000034015000400140004001500044014007
:100DD00000440150004801400048015080B586B0F1
:100DE00000AF786039607B681B6A23F480527B68AF
:100DF0001A627B681B6A7B617B685B683B617B680E
:100E0000DB69FB60FB6823F44073FB60FB6823F045
:100E1000807323F4E0433A68126812021343FB60C4
:100E20007B6923F400523B681B691B0313437B61FE
:100E30007B6923F480523B685B681B0313437B612F
:100E40007B682D4A934223D07B682C4A93421FD063
:100E50007B682B4A93421BD07B682A4A934217D067
:100E60007B68294A934213D07B68284A93420FD06B
:100E70007B68274A93420BD07B68264A934207D06F
:100E80007B68254A934203D07B68244A93421FD152
:100E90007B6923F400423B685B699B0313437B61DE
:100EA0007B6923F480423B689B689B0313437B610F
:100EB0003B6923F480423B689B699B0113433B6180
:100EC0003B6923F400423B68DB69DB0113433B6170
:100ED0007B683A695A607B68FA68DA613B68DB686C
:100EE00019467868FFF75CFB7B687A691A62002311
:100EF00018461837BD4680BD002C0140002C01501B
:100F000000340140003401500040014000400150D5
:100F10000044014000440150004801400048015095
:100F200080B584B000AF786039607B681B6A23F4B9
:100F300080327B681A627B681B6AFB607B681B6D72
:100F4000BB60BB6823F4803323F070033A681268F7
:100F50001343BB60FB6823F400323B681B691B042E
:100F60001343FB60FB6823F480323B685B681B041F
:100F70001343FB607B68214A934223D07B68204A5D
:100F800093421FD07B681F4A93421BD07B681E4A46
:100F9000934217D07B681D4A934213D07B681C4A4A
:100FA00093420FD07B681B4A93420BD07B681A4A4E
:100FB000934207D07B68194A934203D07B68184A52
:100FC000934209D17B685B6823F480323B689B695C
:100FD0001B021A437B685A607B68BA681A653B68D3
:100FE000DB6819467868FFF7E9FA7B68FA681A62E5
:100FF000002318461037BD4680BD00BF002C0140BD
:10100000002C0150003401400034015000400140E8
:10101000004001500044014000440150004801409C
:101020000048015080B584B000AF786039607B68BB
:101030001B6A23F480127B681A627B681B6AFB6060
:101040007B681B6DBB60BB6823F0807323F4E043B7
:101050003A68126812021343BB60FB6823F4001263
:101060003B681B691B051343FB60FB6823F480127C
:101070003B685B681B051343FB607B68204A934217
:1010800023D07B681F4A93421FD07B681E4A93423D
:101090001BD07B681D4A934217D07B681C4A934241
:1010A00013D07B681B4A93420FD07B681A4A934245
:1010B0000BD07B68194A934207D07B68184A934249
:1010C00003D07B68174A934209D17B685B6823F49D
:1010D00080223B689B699B021A437B685A607B684D
:1010E000BA681A653B68DB6819467868FFF779FAD1
:1010F0007B68FA681A62002318461037BD4680BD27
:10110000002C0140002C01500034014000340150FB
:1011100000400140004001500044014000440150A3
:10112000004801400048015080B483B000AF7860AF
:101130007B681B6C23F000427B681A647B681B6C25
:1011400043F001027B681A64002318460C37BD4641
:101150005DF8047B704784B080B584B000AF7860E0
:1011600007F11C0080E80E007B68002B01D10123F1
:1011700008E07868FFF7D8FF0346FB737B6800221E
:101180005A64FB7B18461037BD46BDE8804004B06A
:10119000704780B485B000AF78604BF68073FB6019
:1011A0007B681A6CFB68DB431A407B681A64002377
:1011B00018461437BD465DF8047B704780B483B091
:1011C00000AF78600B46FB70FB78002B06D17B6884
:1011D0001B6C23F000427B681A640BE0FB78012B48
:1011E00006D17B681B6C43F000427B681A6401E007
:1011F000012300E0002318460C37BD465DF8047B50
:10120000704784B080B584B000AF786007F11C00EF
:1012100080E80E007B6801221A647B681B6C23F057
:1012200001027B681A6400217868FFF7C7FF034654
:10123000FB737B6800225A64FB7B18461037BD465F
:10124000BDE8804004B0704780B483B000AF7860E0
:101250007B689B6D23F400427B689A6500231846E7
:101260000C37BD465DF8047B704702440346934249
:1012700000D1704703F8011BF9E70000014B186823
:10128000704700BF1000002070B50D4D00260D4CBA
:10129000641BA410A64209D10B4D00260B4C00F094
:1012A00053FD641BA410A64205D170BD55F8043B44
:1012B00001369847EEE755F8043B01369847F2E7C8
:1012C000281E0108281E0108281E01082C1E0108DE
:1012D00000F062B808B52DED048BB0EE608AB0EE78
:1012E000409A00F0F7F8F0EE408AB4EE488AF1EE4A
:1012F00010FA3ED6B5EE409AF1EE10FA12D1B5EEE4
:10130000408AF1EE10FA39D0B0EE480A00F039F810
:1013100078B3B5EEC08AF1EE10FA2AD5FFF7AEFF2A
:10132000222314E000F02DF898B9B0EE490A00F03D
:1013300028F870B1B0EE480A00F023F848B1F4EE96
:10134000688AF1EE10FAE9D7FFF798FF21230360CE
:101350000FE0F5EE408AF1EE10FA0AD1B0EE490A3C
:1013600000F00FF828B1B0EE480A00F00AF80028A3
:10137000D4D1B0EE680ABDEC048B08BDF7EE008A4C
:10138000F7E710EE103A23F00040B0F1FF4FACBF8A
:10139000002001207047000010EE902AF0EE407A05
:1013A00022F00041B1F1FF4F10B506D810EE100A3F
:1013B00020F00043B3F1FF4F04D977EEA07AB0EEEE
:1013C000670A10BDB2F17E5F03D1BDE8104000F0A6
:1013D00051BB941704F0020444EAD0743BB9022CC8
:1013E0005CD0032C9FED327A47FE007AE7E739B9EB
:1013F0000028DFED307A9FED307A67FE277ADEE74E
:10140000B1F1FF4F10D1B3F1FF4F04F1FF3407D119
:10141000022C46D8294B03EB8403D3ED007ACEE7A8
:10142000022C41D8264BF6E7B3F1FF4FE0D05B1A10
:10143000B3F1F45F4FEAE3511ADA002A01DA3C31E2
:1014400019DB87EEA00A00F0E9FB00F013FBF0EED9
:10145000407A012C12D0022C17D0002CAFD09FED77
:10146000197A77EE877A9FED187A77EEC77AA6E732
:10147000DFED117AEDE7DFED157AEAE717EE903A46
:1014800003F1004307EE903A99E79FED0E7A77EE6D
:10149000877A9FED0D7A77EE677A90E7DFED0A7A2B
:1014A0008DE7DFED0B7A8AE7DFED087A87E700BF8B
:1014B000DB0F49C0DB0FC9BFDB0FC93FDC1D0108D3
:1014C000D01D01082EBDBB33DB0F494000000000DA
:1014D000DB0F493F2DE9F84310EE904A10EE106AF9
:1014E00034F000492DED028BB0EE408AF0EE608AB8
:1014F0000CD186F48006760016F5000F40F2758256
:1015000038EE280ABDEC028BBDE8F88326F00048CF
:10151000B8F1FF4F02D8B9F1FF4F08D9B6F17E5F9D
:10152000EED184F48004640014F5000FE6E7002E89
:101530001FDAB9F1974F80F06182B9F17E5F2ED347
:101540004FEAE953C3F1960349FA03F505FA03F3A9
:101550004B4522D105F00105C5F10205B9F17E5FC9
:101560001ED1002C80F24782F7EE007A87EE880ABF
:10157000C8E7B9F1FF4F10D1B8F17E5F00F03582B6
:1015800005D9002C9FEDC20A28FE800ABAE7002C7C
:1015900080F22E82B1EE680AB4E70025DEE700256E
:1015A000B4F1804F02D128EE080AABE7B4F17C5FBA
:1015B00040F02982002EC0F22682B0EE480ABDEC2F
:1015C000028BBDE8F84300F0BBBB012D9AD1B1EE10
:1015D000400A97E7F00F013855EA000304D138EECE
:1015E000488A88EE080A8DE7B9F19A4F6CD9A94B61
:1015F000984508D8002C0BDA0020BDEC028BBDE822
:10160000F84300F097BBA44B984508D9002CF3DCB5
:101610000020BDEC028BBDE8F84300F085BBF7EE7F
:10162000007ADFED9E6A30EE670AF5EE007A20EE72
:10163000007AE0EE676AF6EE007AE6EEC07ADFED59
:10164000986A27EE277ADFED977A67EEC77A9FEDE3
:10165000967AE0EE077AB0EE677AA0EE267A17EE79
:10166000103A6FF30B0307EE103AB0EE476AA0EEA4
:10167000666A77EEC67A013DF7EE006ABFEE008A31
:101680006FF30B04054367EEA80A08FE268A06EEF0
:10169000904A38EEE66A67EE267AE6EE070A30EE02
:1016A000A77A17EE101A002921F0004340F3DC80DE
:1016B000B3F1864F40F2C980B5EEC08AF1EE10FA60
:1016C0004CBF0120002098E716F0FF4F05BFDFED6B
:1016D000777A6FF01703002360EE277A08BF17EEC2
:1016E000907AFA15C7F316077F3A47F07E511A44ED
:1016F0006F4B9F4206DD6F4B9F4240F3A480013247
:10170000A1F5000100266C4B07EE101AF7EE006AF7
:10171000491003EB860341F00051D3ED005A01F567
:101720008021664B75EE877A37EE656A01EB46518C
:10173000C6EEA74A07EE901A77EEE55A37EE657ABD
:10174000DFED5F5A26EE245A15EE107A1F4006EEA2
:10175000907AA6EEE76A65EE057AA6EEC76A9FED77
:10176000597AE7EE875A9FED587A26EE246A67EE9B
:10177000A74AA5EEA77ADFED495AE7EE275A9FED73
:10178000537AA5EEA77ADFED525AE7EE275A35EEE7
:10179000267AF0EE087A27EE067AA4EEA57AF0EE25
:1017A000675AE6EEA65A75EE875A15EE901A19405A
:1017B00005EE901A75EEE77AE6EEE67A77EE677A4E
:1017C00067EE857AE6EE257AB0EE676AA6EEA56A40
:1017D00016EE101A194006EE101A3E49B0EE467A7F
:1017E00001EB8601A6EEE57ADFED3B5A77EEC77A8C
:1017F0009FED3A7A67EE877A9FED397AE6EE077ABF
:1018000091ED007A77EE877A07EE102A354AF8EEE6
:10181000C76AB0EE677A02EB860292ED005AA6EE36
:10182000257A37EE057A37EE267A17EE102A1A4017
:1018300007EE102A77EE666A76EEC56AE6EE656A0E
:1018400077EEE67A17E701265DE751D1DFED266AEC
:1018500037EE677A70EEA66AF4EEC76AF1EE10FA18
:101860003FF72AAF862347E0204A934207D9B5EED7
:10187000C08AF1EE10FA4CBF01200020C9E637D132
:1018800037EE677AB4EEE07AF1EE10FAEADBEEE7D3
:1018900000000000F3FF7F3F0700803FABAAAA3E95
:1018A00000AAB83F3BAAB83F70A5EC360000804BB9
:1018B00071C41C00D6B35D00F81D010800F0FFFFE5
:1018C00055326C3E42F1533E05A38B3EB76DDB3E75
:1018D0009A99193FE81D01080038763F4F38763F46
:1018E000A0C39D36F01D01083CAA38330000164302
:1018F000B3F17C5F74D9DB157E3B4FF40000534A93
:10190000002940FA03F00844C0F3C753A3F17F0352
:1019100042FA03F2C3F1170302EA0002C0F3160011
:1019200040F4000007EE102A40FA03F077EEC77A81
:10193000B8BF404277EEA06A9FED457A9FED456AB9
:10194000B7EE000A16EE903A6FF30B0306EE903AEC
:1019500076EEE77A70EEE70ADFED3F7A66EEA77A79
:10196000E0EE877AB0EE677AA6EE867AF0EE475A16
:10197000E6EEC65A9FED396A67EE076A77EEE57ABA
:10198000DFED375AA6EEA56ADFED365AE7EE277A85
:10199000E6EE265A9FED346AA5EEA66ADFED335ACD
:1019A000E6EE265AB0EE476AA5EEE66AF0EE006A69
:1019B00067EE065A36EE666AC5EE866A76EEE77A16
:1019C00077EEC77A30EE670A10EE103A03EBC05399
:1019D000B3F5000F06DA00F029F920EE080A91E5C8
:1019E0000020A7E700EE103AF7E7B7EE000A89E516
:1019F0009FED1F0A86E5B0EE480A83E5B9F1FF4F77
:101A00003FF4BAAD0225B0EE480A474600F006F9A9
:101A100026F04043B3F17E5F03D0B8F1000F7FF4AE
:101A2000D9AD002CBCBFF7EE007A87EE800A002EFD
:101A3000BFF668ADA8F17E5858EA05087FF4C5AD39
:101A400070EE407A87EEA70A5CE500BF000080FFD9
:101A50001872313F0072313F8CBEBF350EEADDB5E2
:101A60004CBB313355B38A38610B36BBABAA2A3E27
:101A70000000000038B510EE105AF0EE407A25F064
:101A80000044B4F1A14F0FD3B4F1FF4F04D970EE6D
:101A9000007AB0EE670A38BD002DDFED4D7A9FED7C
:101AA0004D7A77FE277AF4E74B4B9C4210D8B4F17D
:101AB000445F0AD29FED497AF7EE006A30EE077A6A
:101AC000B4EEE67AF1EE10FAE3DC4FF0FF3313E008
:101AD00000F0A4F8424B9C424FD8A3F5D0039C429F
:101AE00041D8F0EE007A0023BFEE007AA0EE277A0C
:101AF00030EE270AC7EE007A9FED3A7A5A1CDFEDE6
:101B00003A5A9FED3A5A27EEA76A66EE066AE6EE63
:101B1000875A9FED377AA5EEA67ADFED365AE7EEC3
:101B2000265A9FED357AA5EEA67ADFED345AE7EE18
:101B3000265A9FED337AA6EE875A9FED327AA5EEAC
:101B4000267A9FED315AA7EE265A9FED307AA5EE00
:101B5000267A27EE267AA5EE867A27EE877A21D195
:101B600077EEC77A95E7F7EE007A012330EE677AD1
:101B700030EE270AC7EE007ABEE7254B9C420BD811
:101B8000F7EE087A0223B7EE007A70EE676AA0EEED
:101B9000277AC6EE877AAFE7BFEE007A0323C7EE57
:101BA000007AA9E71B4A002D1B4902EB830201EBD7
:101BB0008303D3ED006A37EE667A37EE677AD2EDAB
:101BC000007A77EEC77AB8BFF1EE677A61E700BFB7
:101BD000DB0FC9BFDB0FC93FFFFFDF3ECAF2497110
:101BE000FFFF973FD769853C59DA4B3D6BF16EBDDE
:101BF000356B883D6E2EBA3D2549123EABAAAA3EF2
:101C000021A215BD95879DBD388EE3BDCDCC4CBEC0
:101C1000FFFF1B40101E0108001E010810EE103AC5
:101C200023F0004300EE103A7047000010EE103A27
:101C300033F000422AD0B2F1FF4F02D330EE000A57
:101C4000704713F0FF4F22D1234BDFED247A9842E7
:101C500020EE270A16DB10EE103AC3F3C752193AEA
:101C60004CF25031884214DDDFED1D7A10EE103A4F
:101C7000DFED1C6AB0EE677A002B67FEA67A27EECE
:101C8000870A7047DFED187A27EE800A7047D20D79
:101C9000E6E71044FE28E7DC002806DD23F0FF43DA
:101CA00043EAC05300EE103A704710F1160F09DAFC
:101CB000DFED0D7A10EE103ADFED0C6AB0EE677AC8
:101CC000002BDAE7193023F0FF439FED090A43EABE
:101CD000C05307EE903AD7E7B03CFFFF0000004C3E
:101CE000CAF24971CAF249F16042A20D6042A28D66
:101CF0000000003310B52DED028BB0EE408A044693
:101D0000FFF7BCFA0460B0EE480ABDEC028B10BDD0
:101D100030B1F1EE407A27EE800A2220FFF7EABFC9
:101D2000F0EE407AF7E700009FED010AFFF7F0BF01
:101D3000000000109FED010AFFF7EABF00000070ED
:101D4000B1EEC00A70470000F8B500BFF8BC08BC8F
:101D50009E467047F8B500BFF8BC08BC9E46704769
:101D600000000000040404043838000000000800EB
:101D70000000080000080000000008000000080043
:101D80000000000000020406080A0C0E10140000F7
:101D9000000000000000000001020304060708091B
:101DA000000000000102030401000200040006001C
:101DB00008000A000C001000200040008000000114
:101DC00001010103070100000804020408010101E8
:101DD00000000080DB0F4940DB0F49C0DB0F49BF2B
:101DE000E4CB1640E4CB16C000000000DCCFD135B8
:101DF0000000000000C0153F0000803F0000C03F11
:101E00006937AC3168212233B40F14336821A2330F
:101E10003863ED3EDA0F493F5E987B3FDA0FC93FEA
:081E2000D8ECFE7F0100000078
:041E2800710200083B
:041E2C004D0200085B
:101E300080E6C5470090D0031000000001000000BC
:101E4000140000200000000068090020D0090020D4
:101E5000380A002000000000000000000000000020
:101E60000000000000000000000000000000000072
:101E70000000000000000000000000000000000062
:101E80000000000000000000000000000000000052
:04000005080054019A
:00000001FF
