S02B000048575F46435F56345F53544D33324835363352475F49434D34323637305F424D503538302E7372659F
S3150800000000000A20015400087952000881520008AD
S315080000108952000891520008995200085D54000858
S31508000020000000000000000000000000A1520008C7
S31508000030AF52000800000000BD520008CB5200086D
S315080000405D5400085D5400085D5400085D540008BE
S315080000505D5400085D5400085D5400085D540008AE
S315080000605D5400085D5400085D5400085D5400089E
S315080000705D5400085D5400085D5400085D5400088E
S315080000805D5400085D5400085D5400085D5400087E
S315080000905D5400085D5400085D5400085D5400086E
S315080000A05D5400085D5400085D5400085D5400085E
S315080000B05D5400085D5400085D5400085D5400084E
S315080000C05D5400085D5400085D5400085D5400083E
S315080000D0000000005D5400085D5400085D540008E7
S315080000E05D5400085D5400085D5400085D5400081E
S315080000F05D5400085D5400085D5400085D5400080E
S315080001005D5400085D5400085D5400085D540008FD
S315080001105D5400085D5400085D5400085D540008ED
S315080001205D5400085D540008D9520008ED520008D5
S315080001305D5400085D5400085D5400085D540008CD
S315080001405D5400085D5400085D5400085D540008BD
S315080001505D5400085D5400085D5400085D540008AD
S315080001605D5400085D5400085D5400085D5400089D
S315080001705D5400085D5400085D5400085D5400088D
S315080001805D5400085D5400085D5400085D5400087D
S315080001905D5400085D5400085D5400085D5400086D
S315080001A05D5400085D5400085D5400085D5400085D
S315080001B05D5400085D5400085D5400085D5400084D
S315080001C05D5400085D5400085D5400085D5400083D
S315080001D05D5400085D5400085D5400085D5400082D
S315080001E05D5400085D5400085D5400085D5400081D
S315080001F05D5400085D5400085D5400085D5400080D
S315080002005D5400085D5400085D54000800000000B5
S31508000210000000005D540008000000005D5400085E
S315080002205D5400085D5400085D5400085D540008DC
S315080002305D5400085D5400085D5400085D540008CC
S311080002405D5400085D5400085D54000879
S3150800024C10B5054C237833B9044B13B10448AFF3F6
S3150800025C00800123237010BD600000200000000000
S3150800026C481D010808B5034B1BB103490348AFF3F6
S3150800027C008008BD0000000064000020481D01082D
S3150800028C81F0004102E000BF83F0004330B54FEA2D
S3150800029C41044FEA430594EA050F08BF90EA020F9A
S315080002AC1FBF54EA000C55EA020C7FEA645C7FEA2D
S315080002BC655C00F0E2804FEA5454D4EB5555B8BF50
S315080002CC6D420CDD2C4480EA020281EA030382EAC1
S315080002DC000083EA010180EA020281EA0303362D53
S315080002EC88BF30BD11F0004F4FEA01314FF4801C26
S315080002FC4CEA113102D0404261EB410113F0004F38
S3150800030C4FEA03334CEA133302D0524263EB4303EE
S3150800031C94EA050F00F0A780A4F10104D5F1200E8C
S3150800032C0DDB02FA0EFC22FA05F2801841F10001E7
S3150800033C03FA0EF2801843FA05F359410EE0A5F1BB
S3150800034C20050EF1200E012A03FA0EFC28BF4CF0EC
S3150800035C020C43FA05F3C01851EBE37101F00045A2
S3150800036C07D54FF0000EDCF1000C7EEB00006EEBAF
S3150800037C0101B1F5801F1BD3B1F5001F0CD3490839
S3150800038C5FEA30004FEA3C0C04F101044FEA445290
S3150800039C12F5800F80F09A80BCF1004F08BF5FEA17
S315080003AC500C50F1000041EB045141EA050130BDF7
S315080003BC5FEA4C0C404141EB0101013C28BFB1F509
S315080003CC801FE9D291F0000F04BF01460020B1FA54
S315080003DC81F308BF2033A3F10B03B3F120020CDA27
S315080003EC0C3208DD02F1140CC2F10C0201FA0CF005
S315080003FC21FA02F10CE002F11402D8BFC2F1200C6A
S3150800040C01FA02F120FA0CFCDCBF41EA0C0190401F
S3150800041CE41AA2BF01EB0451294330BD6FEA040468
S3150800042C1F3C1CDA0C340EDC04F11404C4F1200253
S3150800043C20FA04F001FA02F340EA030021FA04F365
S3150800044C45EA030130BDC4F10C04C4F1200220FABC
S3150800045C02F001FA04F340EA0300294630BD21FAFA
S3150800046C04F0294630BD94F0000F83F4801306BFC0
S3150800047C81F480110134013D4EE77FEA645C18BFB4
S3150800048C7FEA655C29D094EA050F08BF90EA020F4B
S3150800049C05D054EA000C04BF1946104630BD91EA43
S315080004AC030F1EBF0021002030BD5FEA545C05D146
S315080004BC4000494128BF41F0004130BD14F5800485
S315080004CC3CBF01F5801130BD01F0004545F0FE41F9
S315080004DC41F470014FF0000030BD7FEA645C1ABF2E
S315080004EC194610467FEA655C1CBF0B46024650EA65
S315080004FC013406BF52EA033591EA030F41F4002191
S3150800050C30BD00BF90F0000F04BF0021704730B516
S3150800051C4FF4806404F132044FF000054FF00001EB
S3150800052C50E700BF90F0000F04BF0021704730B5AC
S3150800053C4FF4806404F1320410F0004548BF404281
S3150800054C4FF000013EE700BF42004FEAE2014FEAD6
S3150800055C31014FEA02701FBF12F07F4393F07F4FB1
S3150800056C81F06051704732F07F4208BF704793F0B4
S3150800057C7F4F04BF41F40021704730B54FF46074C7
S3150800058C01F0004521F000411CE700BF50EA0102CA
S3150800059C08BF704730B54FF000050AE050EA010273
S315080005AC08BF704730B511F0004502D5404261EBE3
S315080005BC41014FF4806404F132045FEA915C3FF424
S315080005CCD8AE4FF003025FEADC0C18BF03325FEAC1
S315080005DCDC0C18BF033202EBDC02C2F1200300FA72
S315080005EC03FC20FA02F001FA03FE40EA0E0021FA97
S315080005FC02F11444BDE600BF70B54FF0FF0C4CF485
S3150800060CE06C1CEA11541DBF1CEA135594EA0C0F36
S3150800061C95EA0C0F00F0DEF82C4481EA030621EA71
S3150800062C4C5123EA4C5350EA013518BF52EA0335AC
S3150800063C41F4801143F4801338D0A0FB02CE4FF05E
S3150800064C0005E1FB02E506F00042E0FB03E54FF08E
S3150800065C0006E1FB03569CF0000F18BF4EF0010E86
S3150800066CA4F1FF04B6F5007F64F5407404D25FEA82
S3150800067C4E0E6D4146EB060642EAC62141EA555135
S3150800068C4FEAC52040EA5E504FEACE2EB4F1FD0C77
S3150800069C88BFBCF5E06F1ED8BEF1004F08BF5FEAF5
S315080006AC500E50F1000041EB045170BD06F00046A7
S315080006BC46EA010140EA020081EA0301B4EB5C0454
S315080006CCC2BFD4EB0C0541EA045170BD41F480114C
S315080006DC4FF0000E013C00F3AB8014F1360FDEBF71
S315080006EC002001F0004170BDC4F10004203C35DA4D
S315080006FC0C341BDC04F11404C4F1200500FA05F3D0
S3150800070C20FA04F001FA05F240EA020001F0004270
S3150800071C21F0004110EBD37021FA04F642EB0601E6
S3150800072C5EEA430E08BF20EAD37070BDC4F10C0410
S3150800073CC4F1200500FA04F320FA05F001FA04F2D4
S3150800074C40EA020001F0004110EBD37041F10001C0
S3150800075C5EEA430E08BF20EAD37070BDC4F12005CB
S3150800076C00FA05F24EEA020E20FA04F301FA05F233
S3150800077C43EA020321FA04F001F0004121FA04F2DB
S3150800078C20EA020000EBD3705EEA430E08BF20EAAB
S3150800079CD37070BD94F0000F0FD101F000464000E5
S315080007AC41EB010111F4801F08BF013CF7D041EA67
S315080007BC060195F0000F18BF704703F0004652006B
S315080007CC43EB030313F4801F08BF013DF7D043EA3C
S315080007DC0603704794EA0C0F0CEA135518BF95EAF2
S315080007EC0C0F0CD050EA410618BF52EA4306D1D179
S315080007FC81EA030101F000414FF0000070BD50EA98
S3150800080C410606BF1046194652EA430619D094EA21
S3150800081C0C0F02D150EA013613D195EA0C0F05D10B
S3150800082C52EA03361CBF104619460AD181EA03015F
S3150800083C01F0004141F0FE4141F470014FF0000017
S3150800084C70BD41F0FE4141F4780170BD70B54FF0B2
S3150800085CFF0C4CF4E06C1CEA11541DBF1CEA135532
S3150800086C94EA0C0F95EA0C0F00F0A7F8A4EB050414
S3150800087C81EA030E52EA03354FEA013100F088800B
S3150800088C4FEA03334FF0805545EA131343EA1263D4
S3150800089C4FEA022245EA111545EA10654FEA002689
S315080008AC0EF000419D4208BF964244F1FD0404F542
S315080008BC407402D25B084FEA3202B61A65EB03059E
S315080008CC5B084FEA32024FF480104FF4002CB6EB5B
S315080008DC020E75EB030E22BFB61A754640EA0C00DB
S315080008EC5B084FEA3202B6EB020E75EB030E22BF1B
S315080008FCB61A754640EA5C005B084FEA3202B6EB5C
S3150800090C020E75EB030E22BFB61A754640EA9C001A
S3150800091C5B084FEA3202B6EB020E75EB030E22BFEA
S3150800092CB61A754640EADC0055EA060E18D04FEAA8
S3150800093C051545EA16754FEA06164FEAC30343EA48
S3150800094C52734FEAC2025FEA1C1CC0D111F4801F15
S3150800095C0BD141EA00014FF000004FF0004CB6E70E
S3150800096C11F4801F04BF01430020B4F1FD0C88BFAD
S3150800097CBCF5E06F3FF6AFAEB5EB030C04BFB6EBB8
S3150800098C020C5FEA500C50F1000041EB045170BDAB
S3150800099C0EF0004E4EEA113114EB5C04C2BFD4EBD8
S315080009AC0C0541EA045170BD41F480114FF0000E5C
S315080009BC013C90E645EA060E8DE60CEA135594EAD8
S315080009CC0C0F08BF95EA0C0F3FF43BAF94EA0C0FDB
S315080009DC0AD150EA01347FF434AF95EA0C0F7FF450
S315080009EC25AF104619462CE795EA0C0F06D152EAA4
S315080009FC03353FF4FDAE1046194622E750EA410688
S31508000A0C18BF52EA43067FF4C5AE50EA41047FF498
S31508000A1C0DAF52EA43057FF4EBAE12E74FEA4102FB
S31508000A2CB2F1E04324BFB3F5001CDCF1FE5C0DD932
S31508000A3C01F0004C4FEAC0024CEA5070B2F1004F7C
S31508000A4C40EB830008BF20F00100704711F0804F7F
S31508000A5C21D113F13872BCBF01F00040704741F444
S31508000A6C80114FEA5252C2F11802C2F1200C10FA48
S31508000A7C0CF320FA02F018BF40F001004FEAC1232C
S31508000A8C4FEAD32303FA0CFC40EA0C0023FA02F3D0
S31508000A9C4FEA4303CCE77FEA625307D150EA0133A6
S31508000AAC1EBF4FF0FE4040F44000704701F0004076
S31508000ABC40F0FE4040F40000704700BF53B94AB9F5
S31508000ACC002908BF00281CBF4FF0FF314FF0FF303C
S31508000ADC00F0B0B9ADF1080C6DE904CE00F006F8DB
S31508000AECDDF804E0DDE9022304B070472DE9F04F88
S31508000AFC099D884604468E46002B4AD18A421746DB
S31508000B0C5FD9B2FA82F64EB1C6F1200301FA06FE97
S31508000B1CB740B44020FA03F343EA0E0E4FEA1748DF
S31508000B2C1FFA87FC230CBEFBF8F108FB11EE01FB40
S31508000B3C0CF243EA0E439A4207D9FB1801F1FF302F
S31508000B4C02D29A4200F2548101469B1AA2B2B3FB16
S31508000B5CF8F008FB103300FB0CFC42EA0342944500
S31508000B6C0BD9BA1800F1FF332CBF01240024944585
S31508000B7C02D9002C00F03F81184640EA0140A2EB4E
S31508000B8C0C0200211DB1F2400023C5E90023BDE883
S31508000B9CF08F8B4205D90DB1C5E900010021084635
S31508000BACF5E7B3FA83F100294ED14345C0F012811B
S31508000BBC824240F20F810846002DE8D0C5E9004E66
S31508000BCCE5E7002A00F0AC80B2FA82F6002E40F077
S31508000BDCBB808B1A4FEA124EBCB20121020C80B2B2
S31508000BECB3FBFEFC0EFB1C3342EA034304FB0CF27C
S31508000BFC9A420ED9FB180CF1FF382CBF4FF001099D
S31508000C0C4FF000099A4203D9B9F1000F00F0EC80B5
S31508000C1CC4469B1AB3FBFEF80EFB183304FB08F408
S31508000C2C40EA034294420BD9BA1808F1FF332CBF99
S31508000C3C01200020944202D9002800F0D180984661
S31508000C4C121B48EA0C409DE7C1F120068B4008FAB6
S31508000C5C01F400FA01F922FA06F728FA06F88A408E
S31508000C6C1F4320FA06F3380C23431FFA87FC1C0C87
S31508000C7CB8FBF0FE00FB1E8844EA08440EFB0CF891
S31508000C8CA0450ED93C190EF1FF3A2CBF4FF0010BBB
S31508000C9C4FF0000BA04503D9BBF1000F00F0B8804C
S31508000CACD646A4EB08041FFA83F8B4FBF0F300FB52
S31508000CBC134403FB0CFC48EA0444A4450ED93C191E
S31508000CCC03F1FF302CBF4FF001084FF00008A44584
S31508000CDC03D9B8F1000F00F09F80034643EA0E4093
S31508000CECA4EB0C04A0FB02EC64457346E04602D365
S31508000CFC07D1F14505D2BEEB02036CEB070C0138A4
S31508000D0CE0465DB1B9EB030264EB080404FA06F697
S31508000D1C22FA01F3CC401E43C5E90064002136E7EC
S31508000D2CB1FBF2FC010C144680B2964641EA084126
S31508000D3C2026904640EA01431046B1FBF2F1A3EB9C
S31508000D4C080341EA0C414BE7B740C6F1200301FA08
S31508000D5C06F221FA03F84FEA174E20FA03F3BCB24F
S31508000D6CB0401343020C190C80B2B8FBFEF90EFB0B
S31508000D7C198841EA084109FB04F8884551D97918BC
S31508000D8C09F1FF3C2CBF4FF0010A4FF0000A8845C9
S31508000D9C02D9BAF1000F31D0A1EB0801B1FBFEF96B
S31508000DAC09FB04F80EFB19119BB243EA01434345B0
S31508000DBC35D2FB1809F1FF312CBF4FF0010A4FF061
S31508000DCC000A4345BBD2BAF1000FB8D1A9F102010A
S31508000DDC3B44B4E7841A68EB030201209646EBE61B
S31508000DEC3A44A8F102082BE7ACF1020C3B4410E795
S31508000DFC02393B44A9E63A440238BEE6A7EB080892
S31508000E0CA9F1020C4144B1FBFEF909FB04F8C9E748
S31508000E1CAEF1020E3C4444E7023B3C445EE74946CD
S31508000E2C8DE7A1EB0801CC46B1FBFEF909FB04F8EA
S31508000E3CB8E700BF704700BF80B584B000AF7860D4
S31508000E4C0023BB737968012000F0FEF90346FB7397
S31508000E5C97F90F30002B1FD17B685B697A6852684B
S31508000E6C114640F6B830984707F10E017B68012207
S31508000E7C402000F043F80346FB7397F90F30002B1C
S31508000E8C0AD1BB7B322B07D1BA7B7B681A70786880
S31508000E9C00F014FA0346FB7397F90F30184610370F
S31508000EACBD4680BD90B587B000AFB9607A603B602F
S31508000EBC0346FB73386800F0A3F90346FB7597F9EC
S31508000ECC1730002B12D1BB68002B0FD07B68002B78
S31508000EDC0CD03B681C693B685B68F87B7A68B96818
S31508000EECA04703461A463B681A7201E0FF23FB75B6
S31508000EFC97F9173018461C37BD4690BD90B587B084
S31508000F0C00AFB9607A603B600346FB73386800F043
S31508000F1C77F90346FB7597F91730002B17D1BB6881
S31508000F2C002B14D03B685B78012B03D0FB7B63F05A
S31508000F3C7F03FB733B68DC683B685B68F87B7A6805
S31508000F4CB968A04703461A463B681A7201E0FF23A4
S31508000F5CFB7597F9173018461C37BD4690BD00002F
S31508000F6C80B584B000AF78603960386800F048F90D
S31508000F7C0346FB7397F90F30002B55D17B685B78CA
S31508000F8CBB73BB7B042B47D801A252F823F000BFD6
S31508000F9CB10F0008D30F000825100008F50F00083C
S31508000FAC17100008386800F049FA0346FB7397F9DE
S31508000FBC0F30002B33D1BB7B3968184600F00CFA7E
S31508000FCC0346FB732BE0386800F038FA0346FB73CC
S31508000FDC97F90F30002B24D1BB7B3968184600F0E3
S31508000FECFBF90346FB731CE0386800F027FA034646
S31508000FFCFB7397F90F30002B15D1BB7B3968184654
S3150800100C00F0EAF90346FB730DE03968002000F09E
S3150800101C1BF90346FB7307E0FD23FB7304E000BFD3
S3150800102C02E000BF00E000BF97F90F3018461037F2
S3150800103CBD4680BD80B584B000AF7860396038682D
S3150800104C00F0DEF80346FB7397F90F30002B54D1EA
S3150800105C7B685B79BB73BB7B013B032B4AD801A22C
S3150800106C52F823F081100008A1100008C1100008DE
S3150800107CE11000087B6800229A707B680122DA70FE
S3150800108C7B6801221A713968786800F05DFA0346A4
S3150800109CFB7332E07B6800229A707B680422DA7054
S315080010AC7B6807221A713968786800F04DFA03468E
S315080010BCFB7322E07B6805229A707B681722DA702C
S315080010CC7B6829221A713968786800F03DFA03465C
S315080010DCFB7312E07B6800229A707B680722DA7031
S315080010EC7B680D221A713968786800F02DFA034668
S315080010FCFB7302E0FD23FB7300BF97F90F3018460C
S3150800110C1037BD4680BD00BF80B588B000AF78608B
S3150800111C396007F1140300221A605A6007F11401AA
S3150800112C3B6808224220FFF7E9FE0346FB7797F94E
S3150800113C1F30002B5ED13B7DDB08DBB23B757B7D1C
S3150800114C5BB29BB25B019BB2BB833B7D1AB2BB8B7A
S3150800115C13431BB2BB81BB7DDB08DBB2BB75FB7DC6
S3150800116C5BB29BB25B019BB2BB83BB7D1AB2BB8BDA
S3150800117C13431BB2FB813B7E5B08DBB23B767B7E63
S3150800118C5BB29BB2DB019BB2BB833B7E1AB2BB8BB9
S3150800119C13431BB23B82BB7E9B08DBB2BB76FB7E42
S315080011AC1BB29B011AB2BB7E1BB213431BB29BB27A
S315080011BC7B82B7F90C30798A3A68184600F0E9F957
S315080011CC03461A467B681A80B7F90E30798A3A684C
S315080011DC184600F070FA03461A467B685A80B7F927
S315080011EC1030798A3A68184600F0F6FA03461A4619
S315080011FC7B689A8097F91F3018462037BD4680BD04
S3150800120C80B485B000AF78607B68002B0FD07B6804
S3150800121CDB68002B0BD07B681B69002B07D07B681F
S3150800122C5B69002B03D07B685B68002B02D1FF231C
S3150800123CFB7301E00023FB7397F90F30184614373C
S3150800124CBD465DF8047B704780B584B000AF034695
S3150800125C3960FB710023BB7307F10E013B68012251
S3150800126C4B20FFF74BFE0346FB7397F90F30002B09
S3150800127C1ED1BB7B5BB223F001035AB297F9073038
S3150800128C03F001035BB213435BB2DBB2BB7307F12A
S3150800129C0E013B6801224B20FFF704FE0346FB7345
S315080012AC97F90F30002B03D13B68FA7983F82A207B
S315080012BC97F90F3018461037BD4680BD80B588B0F3
S315080012CC00AF786000233B8300237B6107F108039A
S315080012DC00221A605A601A810023BB8307F1180191
S315080012EC7B6802225D20FFF709FE0346FB7797F918
S315080012FC1F30002B6AD107F114017B680422622087
S3150800130CFFF7FCFD0346FB7797F91F30002B5DD1E1
S3150800131C07F108017B680A226820FFF7EFFD0346F0
S3150800132CFB7797F91F30002B50D13B7E5AB27B685E
S3150800133C1A767B7E5AB27B685A76BB7D5AB27B6824
S3150800134C9A76FB7D5AB27B68DA76FB7A1B02BB83EC
S3150800135CBB7A1A46BB8B13439AB27B689A837B7A01
S3150800136C1B02BB833B7A1A46BB8B13439BB21AB23E
S3150800137C7B68DA83FB7B1B02BB83BB7B1A46BB8B66
S3150800138C13439BB21AB27B681A847B7D1B02BB8300
S3150800139C3B7D1A46BB8B13439BB21AB27B685A84A5
S315080013AC7A7C7B6883F824203B7C5AB27B6883F86A
S315080013BC25207B7B1B029BB203F4FE43BB833B7B42
S315080013CC1A46BB8B13439AB27B68DA8497F91F309B
S315080013DC18462037BD4680BD80B584B000AF03469D
S315080013EC3960FB7107F10E013B6801224C20FFF7AF
S315080013FC85FD0346FB7397F90F30002B18D1BB7B81
S3150800140C5BB223F006035AB297F907305B005BB25E
S3150800141C03F006035BB213435BB2DBB2BB7307F193
S3150800142C0E013B6801224C20FFF73CFD0346FB737B
S3150800143C97F90F3018461037BD4680BD80B584B075
S3150800144C00AF78607868FFF7DBFE0346FB7397F905
S3150800145C0F30002B12D17B6893F82A30002B0DD154
S3150800146C79680120FFF7F0FE0346FB737B685B691E
S3150800147C7A685268114640F6B830984797F90F3093
S3150800148C18461037BD4680BD80B584B000AF78606D
S3150800149C39607B68DB78BB7307F10E013B68012268
S315080014AC5120FFF7FFFC0346FB7397F90F301846DC
S315080014BC1037BD4680BD80B584B000AF7860396002
S315080014CC7B681B79BB7307F10E013B68012252201E
S315080014DCFFF7E8FC0346FB7397F90F3018461037ED
S315080014ECBD4680BD80B584B000AF7860396007F121
S315080014FC0E013B6801224C20FFF700FD0346FB73E7
S3150800150C97F90F30002B19D1BB7B5BB223F038034C
S3150800151C5AB27B689B785BB2DB005BB203F038038C
S3150800152C5BB213435BB2DBB2BB7307F10E013B68CC
S3150800153C01224C20FFF7B6FC0346FB7397F90F30D4
S3150800154C18461037BD4680BD80B584B000AF7860AC
S3150800155C396039687868FFF7C5FF0346FB7397F956
S3150800156C0F30002B0FD139687868FFF78DFF0346CB
S3150800157CFB7397F90F30002B05D139687868FFF79C
S3150800158C9AFF0346FB7397F90F3018461037BD467A
S3150800159C80BD80B48FB000AF03463A60FB800B4623
S315080015ACBB800023BB86B7F9063013F5805F77D06E
S315080015BCBB88002B02D0BB88BB8609E03B68DB8C5A
S315080015CC002B03D03B68DB8CBB8601E00023BB8673
S315080015DCBB8E002B60D03B68DB8C9B033B63BB8EBE
S315080015EC3A6B92FBF3F39BB2A3F58043FB85FB8D19
S315080015FCFB86B7F93630B7F9362002FB03F3BB6224
S3150800160C3B6893F925301A46BB6A002B00DA7F3300
S3150800161CDB1102FB03F37B623B6893F82430DB0196
S3150800162C3B62B7F936203B6A02FB03F3FB617A6A25
S3150800163CFB691344002B01DA03F2FF135B1203F563
S3150800164C8013BB613B6893F91A30A0337B61BB6985
S3150800165C7A6902FB03F3002B01DA03F6FF731B13FB
S3150800166C3B61B7F906203B6902FB03F3FB60FB6899
S3150800167C002B02DA03F5FF531F335B13FB86B7F90E
S3150800168C36203B6893F91830DB001344002B00DA3C
S3150800169C0F331B11FB8606E04FF40043FB8602E072
S315080016AC4FF40043FB86B7F9363018463C37BD462F
S315080016BC5DF8047B704780B48DB000AF03463A6082
S315080016CCFB800B46BB800023BB85B7F9063013F5A8
S315080016DC805F75D0BB88002B02D0BB88BB8509E020
S315080016EC3B68DB8C002B03D03B68DB8CBB8501E0AD
S315080016FC0023BB85BB8D002B5ED03B68DB8C9A0325
S3150800170CBB8D92FBF3F3BB62BB6A9BB2A3F580431A
S3150800171CFB84FB8CFB85B7F92E30B7F92E2002FB20
S3150800172C03F33B623B6893F925301A463B6A002B58
S3150800173C00DA7F33DB1102FB03F3FB613B6893F89A
S3150800174C2430DB01BB61B7F92E30BA6903FB02F210
S3150800175CFB691344002B01DA03F2FF135B127B615E
S3150800176C3B6893F91B30A0333B617B6903F5801307
S3150800177C3A6902FB03F3002B01DA03F6FF731B131A
S3150800178CFB60B7F90620FB6802FB03F3BB60BB687A
S3150800179C002B02DA03F5FF531F335B13FB85B7F9EE
S315080017AC2E203B6893F91930DB001344002B00DA22
S315080017BC0F331B11FB8506E04FF40043FB8502E053
S315080017CC4FF40043FB85B7F92E3018463437BD461F
S315080017DC5DF8047B7047000080B489B000AF0346FF
S315080017EC3A60FB800B46BB80B7F9063013F5804F81
S315080017FC62D03B68B3F91E30002B5AD03B689B8BE2
S3150800180C002B56D0BB88002B53D03B68DB8C002BA7
S3150800181C4FD03B68DB8CBA88D31A9BB27B833B6868
S3150800182CB3F920301A46B7F91A3002FB03F3002B2A
S3150800183C00DA03339B107B61B7F906303A68B2F9C4
S3150800184C22209B1ADB033B613B689B8B1A46B7F934
S3150800185C04305B0002FB03F3FB60FB6803F50043F3
S3150800186C002B02DA03F57F43FF331B147B813A699D
S3150800187C7B69D21A3B68B3F91E301946B7F90A3098
S3150800188C0B4492FBF3F3FB61FB69B3F5004F03DBE7
S3150800189C47F6FF73FB6105E0FB6913F5004F01DCA6
S315080018AC0A4BFB61FB69002B00DA0F331B11FB613A
S315080018BC04E0074BFB6101E0054BFB61FB691BB2BE
S315080018CC18462437BD465DF8047B70470180FFFF38
S315080018DC0080FFFF80B584B000AF78600023FB73EF
S315080018EC786800F049FB0346FB7397F90F30002B19
S315080018FC36D17B6800221A707B685B7D002B08D179
S3150800190C07F10E017B680122012000F02FF803462F
S3150800191CFB7397F90F30002B22D107F10D017B6869
S3150800192C0122012000F022F80346FB7397F90F30C9
S3150800193C002B15D17B7B002B05D0786800F05CFB5F
S3150800194C0346FB7301E0FC23FB7397F90F30002B5E
S3150800195C06D17B7B7968184600F030FB0346FB738F
S3150800196C97F90F3018461037BD4680BD90B587B02D
S3150800197C00AFB9607A603B600346FB730023FB75C6
S3150800198C386800F0F9FA0346FB7597F91730002BFF
S3150800199C1ED1BB68002B1BD03B685B7D002B03D18B
S315080019ACFB7B63F07F03FB733B689C683B685B6857
S315080019BCF87B7A68B968A04703461A463B681A75D5
S315080019CC3B6893F91430002B04D0FE23FB7501E019
S315080019DCFF23FB7597F9173018461C37BD4690BD83
S315080019EC90B587B000AFB9607A603B600346FB736D
S315080019FC0023FB750023BB75386800F0BDFA034657
S31508001A0CFB7597F91730002B40D1BB68002B3DD0DE
S31508001A1C3B685B7D002B1DD13B68DC68FA7BBB7D84
S31508001A2C1344D8B2BB7DBA68D1183B685B680122EF
S31508001A3CA04703461A463B681A75BB7D0133BB752E
S31508001A4CBB7D7A689A4219D93B6893F91430002BF6
S31508001A5CE2D013E03B685B7D012B03D03B685B7DD2
S31508001A6C022B0BD13B68DC683B685B68F87B7A68B1
S31508001A7CB968A04703461A463B681A753B6893F93A
S31508001A8C1430002B04D0FE23FB7501E0FF23FB75F5
S31508001A9C97F9173018461C37BD4690BD80B584B0EB
S31508001AAC00AF786039600023FB737B68002B3FD04E
S31508001ABC07F10C013B6801223720FFF757FF034655
S31508001ACCFB7397F90F30002B34D13B7B03F00303E0
S31508001ADCBB73BB7B032B28D801A252F823F000BF9B
S31508001AECFD1A00081F1B0008271B00082F1B0008DF
S31508001AFC3B7BDB097B737B7B002B06D139687868CB
S31508001B0C00F0A1FA0346FB7314E07B6800221A70F6
S31508001B1C10E07B6801221A700CE07B6802221A70AE
S31508001B2C08E07B6803221A7004E0F923FB7301E0D2
S31508001B3CFF23FB7397F90F3018461037BD4680BD47
S31508001B4C80B584B000AF03463960FB710023FB7384
S31508001B5C07F10E0339681846FFF7A0FF0346FB7317
S31508001B6C97F90F30002B37D1BB7B002B11D0396876
S31508001B7C002000F026FB0346FB7397F90F30002B69
S31508001B8C07D13B681B693A685268114640F6C4107F
S31508001B9C984797F90F30002B1ED1FB79042B09D0E7
S31508001BAC042B15DC002B16D0002B11DB013B022B6A
S31508001BBC0ED805E0386800F095FA0346FB730BE07F
S31508001BCCFB793968184600F0FCFA0346FB7303E008
S31508001BDCF923FB7300E000BF97F90F30184610374E
S31508001BECBD4680BD80B58AB000AFF860B9607A6032
S31508001BFC002387F8273007F1100300221A609A8011
S31508001C0CFB68002B02D0BB68002B03D1FF2387F897
S31508001C1C273054E007F110017B6806221D20FFF7D8
S31508001C2CA5FE034687F8273097F92730002B46D1AF
S31508001C3CBB7C1A047B7C1B0213433A7C1343FB6163
S31508001C4CFB6903F40003002B04D0FB6943F07F43C4
S31508001C5C3B6201E0FB693B62386AFEF763FC4FF0B6
S31508001C6C00021A4BFEF7F2FD02460B4610461946C1
S31508001C7CFEF7D4FE0246FB685A60BB689B78012BBC
S31508001C8C19D17B7D1A043B7D1B021343FA7C134343
S31508001C9CBB61B869FEF736FC4FF000020C4BFEF739
S31508001CACD5FD02460B4610461946FEF7B7FE024608
S31508001CBCFB681A6003E0FB684FF000021A6097F99C
S31508001CCC273018462837BD4680BD00BF0000F040B7
S31508001CDC0000504080B584B000AF786039600023AE
S31508001CECFB737B68002B2BD007F10C013B68022297
S31508001CFC3620FFF73BFE0346FB7397F90F30002B94
S31508001D0C20D13B7B03F00703DAB27B681A703B7B66
S31508001D1CDB10DBB203F00703DAB27B685A703B7B45
S31508001D2C9B11DBB203F00103DAB27B689A707B7BFA
S31508001D3C9B10DBB203F01F03DAB27B68DA7001E0A2
S31508001D4CFF23FB7397F90F3018461037BD4680BD35
S31508001D5C80B584B000AF786039600023FB7300232C
S31508001D6CBB817B68002B65D07B68DB78172B04D886
S31508001D7C386800F05DFA0346FB7397F90F30002BB1
S31508001D8C5AD107F10C013B6802223620FFF7EEFD0B
S31508001D9C0346FB7397F90F30002B4DD13B7B5BB297
S31508001DAC23F007035AB27B681B785BB203F0070370
S31508001DBC5BB213435BB2DBB23B733B7B5BB223F088
S31508001DCC38035AB27B685B785BB2DB005BB203F014
S31508001DDC38035BB213435BB2DBB23B733B7B5BB240
S31508001DEC23F040035AB27B689B785BB29B015BB2CB
S31508001DFC03F040035BB213435BB2DBB23B737B7BF2
S31508001E0C5BB223F07C035AB27B68DB785BB29B002F
S31508001E1C5BB203F07C035BB213435BB2DBB27B733E
S31508001E2C07F10C013B6802223620FFF7D9FD034661
S31508001E3CFB7301E0FF23FB7397F90F301846103735
S31508001E4CBD4680BD80B584B000AF7860396000238C
S31508001E5CFB737B68002B33D007F10C013B6802221D
S31508001E6C3020FFF783FD0346FB7397F90F30002BE1
S31508001E7C28D13B7BDB10DBB203F00103DAB27B68BB
S31508001E8C9A703B7B5B11DBB203F00103DAB27B6819
S31508001E9CDA703B7B9B10DBB203F00103DAB27B688A
S31508001EAC1A717B7B03F00703DAB27B681A707B7BAB
S31508001EBCDB10DBB203F00703DAB27B685A7001E079
S31508001ECCFF23FB7397F90F3018461037BD4680BDB4
S31508001EDC80B584B000AF786039600023FB737B68EB
S31508001EEC002B41D07B681B78002B03D17B685B7871
S31508001EFC002B04D0386800F09BF90346FB7397F95E
S31508001F0C0F30002B32D107F10E0339681846FFF74C
S31508001F1CC5FD0346FB7397F90F30002B26D1BB7B07
S31508001F2C002B05D039680020FFF70AFE0346FB7321
S31508001F3C97F90F30002B05D13968786800F099F9B4
S31508001F4C0346FB7397F90F30002B0FD1BB7B002B85
S31508001F5C0CD0BB7B042B09D0BB7B39681846FFF722
S31508001F6CEFFD0346FB7301E0FF23FB7397F90F3074
S31508001F7C18461037BD4680BD80B485B000AF786072
S31508001F8C0023FB737B68002B0BD07B689B68002BAC
S31508001F9C07D07B68DB68002B03D07B681B69002B9A
S31508001FAC02D1FF23FB7301E00023FB7397F90F3073
S31508001FBC18461437BD465DF8047B704780B485B067
S31508001FCC00AF03463960FB710023FB73FB79502B7A
S31508001FDC02D0FB79512B05D13B68FA791A7000238C
S31508001FECFB7301E0FD23FB7397F90F301846143782
S31508001FFCBD465DF8047B704780B584B000AF786049
S3150800200C0023FB7307F10E037968184600F0A7F94D
S3150800201C0346FB7397F90F30002B0ED1BB7B03F0ED
S3150800202C0203002B07D0BB7B03F00403002B02D161
S3150800203C0023FB7301E0FB23FB7397F90F3018465B
S3150800204C1037BD4680BD80B586B000AF7860396064
S3150800205C0023FB750023BB7507F1100300221A60D9
S3150800206C1A710023FB6007F116013B680122182040
S3150800207CFFF77CFC0346FB7597F91730002B18D134
S3150800208CBB7D03F00303DBB2BB7507F10C033968A0
S3150800209C1846FFF71FFE0346FB7597F91730002BFA
S315080020AC07D107F1100339681846FFF7CBFE03462C
S315080020BCFB7597F91730002B0ED1FB7B182B0BD918
S315080020CCBB7D002B08D13B7C002B05D17B7C002BE0
S315080020DC02D17B6804221A7097F9173018461837FC
S315080020ECBD4680BD80B584B000AF78600023FB7315
S315080020FC07F10E017B6801223720FFF737FC0346F0
S3150800210CFB7397F90F30002B55D1BB7B03F07F037C
S3150800211CDBB2BB73BB7B5BB223F07C035BB243F0D5
S3150800212C70035BB2DBB2BB7307F10E017B6801224D
S3150800213C3720FFF755FC0346FB7397F90F30002B36
S3150800214C1AD107F10E017B6801223120FFF70EFC2C
S3150800215C0346FB7397F90F30002B0DD1BB7B23F08D
S3150800216C3F03DBB2BB7307F10E017B6801223120FA
S3150800217CFFF736FC0346FB7397F90F30002B1AD181
S3150800218C07F10E017B6801221820FFF7EFFB0346C7
S3150800219CFB7397F90F30002B0DD1BB7B23F0030390
S315080021ACDBB2BB7307F10E017B6801221820FFF71F
S315080021BC17FC0346FB7397F90F3018461037BD46C4
S315080021CC80BD80B584B000AF03463960FB7100232F
S315080021DCFB7307F10E013B6801223720FFF7C6FB9C
S315080021EC0346FB7397F90F30002B1BD1BB7B63F0AF
S315080021FC7F03DBB2BB73BB7B5BB223F003035AB220
S3150800220C97F9073003F003035BB213435BB2DBB2F7
S3150800221CBB7307F10E013B6801223720FFF7E0FB81
S3150800222C0346FB7397F90F3018461037BD4680BD29
S3150800223C80B584B000AF78600023FB7307F10E03FA
S3150800224C79681846FFF72AFC0346FB7397F90F3093
S3150800225C002B08D1BB7B042B05D179680020FFF72E
S3150800226C6FFC0346FB7397F90F3018461037BD46BB
S3150800227C80BD80B584B000AF786039600023FB73ED
S3150800228C07F10C013B6802223020FFF76FFB03466F
S3150800229CFB7397F90F30002B5BD13B7B5BB223F0BA
S315080022AC08035AB27B689B785BB2DB005BB203F01F
S315080022BC08035BB213435BB2DBB23B733B7B5BB28B
S315080022CC23F020035AB27B68DB785BB25B015BB206
S315080022DC03F020035BB213435BB2DBB23B733B7B6D
S315080022EC5BB223F004035AB27B681B795BB29B0082
S315080022FC5BB203F004035BB213435BB2DBB23B7312
S3150800230C7B7B5BB223F007035AB27B681B785BB204
S3150800231C03F007035BB213435BB2DBB27B737B7BC5
S3150800232C5BB223F038035AB27B685B785BB2DB008E
S3150800233C5BB203F038035BB213435BB2DBB27B735D
S3150800234C07F10C013B6802223020FFF749FB0346D4
S3150800235CFB7397F90F3018461037BD4680BD80B50C
S3150800236C84B000AF786039600023FB737B68002B60
S3150800237C08D03B68012279682820FFF7F7FA03464C
S3150800238CFB7301E0FF23FB7397F90F3018461037E0
S3150800239CBD4680BD80B483B000AF78607B681B688F
S315080023AC43F001027B681A6000BF0C37BD465DF826
S315080023BC047B704780B483B000AF78607B681B6879
S315080023CC23F001027B681A6000BF0C37BD465DF826
S315080023DC047B704780B483B000AF786039607B6843
S315080023EC5B681B0C1B043A681A437B685A6000BF6F
S315080023FC0C37BD465DF8047B704780B483B000AFDC
S3150800240C78607B681B6843F400727B681A6000BFAF
S3150800241C0C37BD465DF8047B704780B483B000AFBB
S3150800242C786039607B68DB6823F460123B681A4372
S3150800243C7B68DA6000BF0C37BD465DF8047B7047D5
S3150800244C80B483B000AF786039607B689B6823F4EE
S3150800245CF0723B681A437B689A6000BF0C37BD461E
S3150800246C5DF8047B704780B483B000AF78607B68F6
S3150800247CDB6843F080427B68DA6000BF0C37BD46E8
S3150800248C5DF8047B704780B483B000AF78607B68D6
S3150800249CDB6823F080427B68DA6000BF0C37BD46E8
S315080024AC5DF8047B704780B483B000AF78607B68B6
S315080024BC5B6903F00103012B01D1012300E0002322
S315080024CC18460C37BD465DF8047B704780B483B05C
S315080024DC00AF78607B685B6903F00203022B01D1BD
S315080024EC012300E0002318460C37BD465DF8047B33
S315080024FC704780B483B000AF78607B685B6903F083
S3150800250C0803082B01D1012300E0002318460C37D9
S3150800251CBD465DF8047B704780B483B000AF786025
S3150800252C7B689B6943F008027B689A6100BF0C378D
S3150800253CBD465DF8047B704780B483B000AF786005
S3150800254C7B689B6943F010027B689A6100BF0C3765
S3150800255CBD465DF8047B704780B483B000AF7860E5
S3150800256C7B689B6943F020027B689A6100BF0C3735
S3150800257CBD465DF8047B704780B483B000AF7860C5
S3150800258C7B689B6943F040027B689A6100BF0C37F5
S3150800259CBD465DF8047B704780B483B000AF7860A5
S315080025AC7B689B6943F400727B689A6100BF0C37A1
S315080025BCBD465DF8047B704780B483B000AF786085
S315080025CC7B689B6943F480727B689A6100BF0C3701
S315080025DCBD465DF8047B704780B483B000AF786065
S315080025EC7B689B6943F400627B689A6100BF0C3771
S315080025FCBD465DF8047B704780B483B000AF786045
S3150800260C7B6830331B78DBB218460C37BD465DF851
S3150800261C047B704780B483B000AF78600B46FB70C0
S3150800262C7B682033FA781A7000BF0C37BD465DF804
S3150800263C047B704780B483B000AF78607B681B68F6
S3150800264C23F080027B681A6000BF0C37BD465DF824
S3150800265C047B704780B485B000AF786039603B68FE
S3150800266C012B2ED03B68042B29D03B68102B24D089
S3150800267C3B68402B1FD03B68B3F5807F19D03B686D
S3150800268CB3F5806F13D03B68B3F5805F0DD03B680C
S3150800269CB3F5804F07D03B68B3F5803F01D10823CB
S315080026AC10E009230EE007230CE006230AE00523B5
S315080026BC08E0042306E0032304E0022302E00123D6
S315080026CC00E00023FB737B6818331946FB7B0B4A27
S315080026DCD35C0B44BB60BB681A68FB7B0849CB5CB4
S315080026EC194604238B40DB431A40BB681A6000BFAB
S315080026FC1437BD465DF8047B704700BF601D0108A2
S3150800270C6C1D010880B485B000AF786039603B68F1
S3150800271C012B2ED03B68042B29D03B68102B24D0D8
S3150800272C3B68402B1FD03B68B3F5807F19D03B68BC
S3150800273CB3F5806F13D03B68B3F5805F0DD03B685B
S3150800274CB3F5804F07D03B68B3F5803F01D108231A
S3150800275C10E009230EE007230CE006230AE0052304
S3150800276C08E0042306E0032304E0022302E0012325
S3150800277C00E00023FB737B6818331946FB7B0A4A77
S3150800278CD35C0B44BB60BB681A68FB7B0749CB5C04
S3150800279C194608238B401A43BB681A6000BF1437C6
S315080027ACBD465DF8047B7047601D01086C1D010869
S315080027BC80B487B000AFF860B9607A60BB68012B4B
S315080027CC2ED0BB68042B29D0BB68102B24D0BB6831
S315080027DC402B1FD0BB68B3F5807F19D0BB68B3F507
S315080027EC806F13D0BB68B3F5805F0DD0BB68B3F5AB
S315080027FC804F07D0BB68B3F5803F01D1082310E0A2
S3150800280C09230EE007230CE006230AE0052308E05B
S3150800281C042306E0032304E0022302E0012300E07C
S3150800282C0023FB75FB6818331946FB7D0E4AD35CEF
S3150800283C0B443B613B691A68FB7D0C49CB5C19461A
S3150800284C03238B40DB431A407B681B0CF97D074836
S3150800285C415C8B401A433B691A6000BF1C37BD4666
S3150800286C5DF8047B704700BF601D0108781D0108E0
S3150800287C80B487B000AFF860B9607A60BB68012B8A
S3150800288C2ED0BB68042B29D0BB68102B24D0BB6870
S3150800289C402B1FD0BB68B3F5807F19D0BB68B3F546
S315080028AC806F13D0BB68B3F5805F0DD0BB68B3F5EA
S315080028BC804F07D0BB68B3F5803F01D1082310E0E1
S315080028CC09230EE007230CE006230AE0052308E09B
S315080028DC042306E0032304E0022302E0012300E0BC
S315080028EC0023FB75FB6818331946FB7D0E4AD35C2F
S315080028FC0B443B613B691A68FB7D0C49CB5C19465A
S3150800290C0C238B40DB431A407B681B0CF97D07486C
S3150800291C415C8B401A433B691A6000BF1C37BD46A5
S3150800292C5DF8047B704700BF601D0108781D01081F
S3150800293C80B487B000AFF860B9607A60BB68012BC9
S3150800294C2ED0BB68042B29D0BB68102B24D0BB68AF
S3150800295C402B1FD0BB68B3F5807F19D0BB68B3F585
S3150800296C806F13D0BB68B3F5805F0DD0BB68B3F529
S3150800297C804F07D0BB68B3F5803F01D1082310E020
S3150800298C09230EE007230CE006230AE0052308E0DA
S3150800299C042306E0032304E0022302E0012300E0FB
S315080029AC0023FB75FB6818331946FB7D0E4AD35C6E
S315080029BC0B443B613B691A68FB7D0C49CB5C194699
S315080029CCF0238B40DB431A407B681B0CF97D0748C8
S315080029DC415C8B401A433B691A6000BF1C37BD46E5
S315080029EC5DF8047B704700BF601D0108781D01085F
S315080029FC80B487B000AFF860B9607A60BB68012B09
S31508002A0C2ED0BB68042B29D0BB68102B24D0BB68EE
S31508002A1C402B1FD0BB68B3F5807F19D0BB68B3F5C4
S31508002A2C806F13D0BB68B3F5805F0DD0BB68B3F568
S31508002A3C804F07D0BB68B3F5803F01D1082310E05F
S31508002A4C09230EE007230CE006230AE0052308E019
S31508002A5C042306E0032304E0022302E0012300E03A
S31508002A6C0023FB75FB681A6AFB7D0B49CB5C194680
S31508002A7C0A238B40DB431A40FB7D0749CB5C19467E
S31508002A8C7B688B401A43FB681A6200BF1C37BD462D
S31508002A9C5DF8047B704700BF841D010880B483B0C1
S31508002AAC00AF786039607B689B6823F4A03323F009
S31508002ABC07033A681A437B689A6000BF0C37BD4611
S31508002ACC5DF8047B704780B483B000AF78603960DA
S31508002ADC7B685B6823F0007323F070033A681A432B
S31508002AEC7B685A6000BF0C37BD465DF8047B70479F
S31508002AFC80B483B000AF786039607B685B6823F478
S31508002B0C70023B681A437B685A6000BF0C37BD4697
S31508002B1C5DF8047B704780B483B000AF78607B683F
S31508002B2C9B6823F080027B689A6000BF0C37BD4611
S31508002B3C5DF8047B704780B483B000AF7860396069
S31508002B4C7B683A689A6100BF0C37BD465DF8047B12
S31508002B5C704780B483B000AF786039607B683A6898
S31508002B6C9A6200BF0C37BD465DF8047B70470000BF
S31508002B7C80B485B000AF78600A4BD3F88C2009492D
S31508002B8C7B681343C1F88C30064BD3F88C207B68D2
S31508002B9C1340FB60FB6800BF1437BD465DF8047B29
S31508002BAC704700BF000C024480B485B000AF786053
S31508002BBC0A4BD3F89C2009497B681343C1F89C300F
S31508002BCC064BD3F89C207B681340FB60FB6800BF60
S31508002BDC1437BD465DF8047B704700BF000C0244F1
S31508002BEC80B485B000AF78600A4BD3F8A4200949A5
S31508002BFC7B681343C1F8A430064BD3F8A4207B6832
S31508002C0C1340FB60FB6800BF1437BD465DF8047BB8
S31508002C1C704700BF000C024480B500AF0B48FFF7A5
S31508002C2C7BFC0A48FFF788FC0848FFF795FC074821
S31508002C3CFFF7A2FC0548FFF7BFFC0448FFF7ACFCFE
S31508002C4C0248FFF7C9FC00BF80BD00BF0030014039
S31508002C5C80B500AF04210548FFF76DFF0448FFF760
S31508002C6CA9FBFFF7D9FF00BF80BD00BF00040242D5
S31508002C7C0030014080B582B000AF78600B48FFF792
S31508002C8C99FBFFF7C9FF79680848FFF7A3FB0421EE
S31508002C9C0748FFF75EFF0548FFF77CFB0348FFF77D
S31508002CACACFB002318460837BD4680BD00300140F2
S31508002CBC0004024280B584B000AF03463960FB714C
S31508002CCC1F4BFB600BE0FB68013BFB60FB68002BB2
S31508002CDC05D11C4B01221A704FF0FF332BE01A4812
S31508002CECFFF7F4FB0346002BEDD0FB791946164883
S31508002CFCFFF790FC124BFB600BE0FB68013BFB609B
S31508002D0CFB68002B05D10F4B02221A704FF0FF33CC
S31508002D1C11E00D48FFF7C7FB0346002BEDD00A4818
S31508002D2CFFF76AFC03461A463B681A703B681A7822
S31508002D3C064B1A70002318461037BD4680BD00BFD7
S31508002D4CA08601001A090020003001401B0900204A
S31508002D5C80B582B000AF144B7B600DE07B68013BFD
S31508002D6C7B607B68002B07D1104B03221A70FFF788
S31508002D7C6FFF4FF0FF3313E00D48FFF7BAFB03461E
S31508002D8C002BEBD004210B48FFF7D5FE0848FFF7BC
S31508002D9CC3FB0748FFF7D0FB0548FFF70BFB0023DF
S31508002DAC18460837BD4680BDA08601001A090020C2
S31508002DBC003001400004024280B586B000AFB9600D
S31508002DCC7A603B600346FB73BB68002B02D07B68BA
S31508002DDC002B02D14FF0FF3335E07B6801331846E0
S31508002DECFFF748FF0346002B02D04FF0FF332AE0CB
S31508002DFC07F11302FB7B11461846FFF75BFF0346E8
S31508002E0C002B04D0FFF724FF4FF0FF331BE0002301
S31508002E1C7B6111E0BA687B69134419460020FFF7F9
S31508002E2C49FF0346002B04D0FFF712FF4FF0FF3380
S31508002E3C09E07B6901337B617A697B689A42E9D33D
S31508002E4CFFF786FF034618461837BD4680BD80B582
S31508002E5C86B000AFB9607A603B600346FB73BB680B
S31508002E6C002B02D07B68002B02D14FF0FF3338E0E1
S31508002E7C7B6801331846FFF7FDFE0346002B02D08C
S31508002E8C4FF0FF332DE007F11302FB7B1146184672
S31508002E9CFFF710FF0346002B04D0FFF7D9FE4FF0BF
S31508002EACFF331EE000237B6114E0BA687B69134488
S31508002EBC1B7807F1130211461846FFF7FBFE03466B
S31508002ECC002B04D0FFF7C4FE4FF0FF3309E07B69F3
S31508002EDC01337B617A697B689A42E6D3FFF738FF40
S31508002EEC034618461837BD4680BD000080B582B02B
S31508002EFC00AF786039607B68002B09D07B6803F2D9
S31508002F0CE733054AA2FB03239B09184602F060FB2C
S31508002F1C00BF0837BD4680BDD34D621080B584B05E
S31508002F2C00AF07F1080300221A601A710421414800
S31508002F3CFFF701FE404B00225A753F4B3F4A9A60F9
S31508002F4C3D4B3F4ADA603C4B3E4A1A613A4B0022EB
S31508002F5C5A603948FEF7BEFC0346FB7397F90F30E7
S31508002F6C13F1050F18D10023FB71F91D324B012201
S31508002F7C0120FEF7FBFC0346FB7397F90F30002B79
S31508002F8C0AD1FB79502B02D0FB79512B04D1FA7953
S31508002F9C294B1A700023FB7397F90F30002B02D0BC
S31508002FAC97F90F3041E024490020FEF7C9FD034686
S31508002FBCFB7397F90F30002B02D097F90F3034E0DA
S31508002FCC214B01229A70204B06221A701E4B0222A4
S31508002FDC5A701D4B0F22DA7017491B48FEF7B8FEBC
S31508002FEC0346FB7397F90F30002B02D097F90F3075
S31508002FFC1BE001233B7201237B720123BB72012365
S3150800300CFB7207F108030C491846FEF761FF0346E5
S3150800301CFB7397F90F30002B02D097F90F3004E0A9
S3150800302C05490120FEF78CFD034618461037BD46A8
S3150800303C80BD00BF00040242FC080020C52D000814
S3150800304C5B2E0008F92E00081409002080B586B0FE
S3150800305C00AF7860396007F10C030B4A0B49184628
S3150800306CFEF7C0FD0346FB7597F91730002B05D103
S3150800307C3A697B681A60FA683B681A6097F91730E0
S3150800308C18461837BD4680BDFC08002014090020D8
S3150800309C80B500AF4FF480510448FFF74CFD044847
S315080030ACFFF788F9FFF7B8FD00BF80BD00040242A0
S315080030BC0030014080B582B000AF78607B68002B89
S315080030CC03D07B68B3F5803F02D36FF0030321E08E
S315080030DC1248FFF76FF9FFF79FFD79680F48FFF75E
S315080030EC79F904210E48FFF726FD10210D48FFF744
S315080030FC22FD4FF400710C48FFF71DFD4FF480516B
S3150800310C0748FFF726FD0548FFF744F90348FFF77C
S3150800311C74F9002318460837BD4680BD00300140B7
S3150800312C00040242000002420008024280B582B046
S3150800313C00AF134B7B600AE07B68013B7B607B68C6
S3150800314C002B04D1FFF7A4FF6FF0030314E00D481E
S3150800315CFFF7CFF90346002BEED04FF480510A48FF
S3150800316CFFF7E9FC0748FFF7D7F90648FFF7E4F934
S3150800317C0448FFF71FF9002318460837BD4680BDDB
S3150800318CA0860100003001400004024280B586B0DA
S3150800319C00AFB9607A603B600346FB73BB68002BD3
S315080031AC02D07B68002B02D14FF0FF3335E07B68E9
S315080031BC01331846FFF77EFF0346002B02D06FF04B
S315080031CC03032AE007F11302FB7B11461846FFF7A7
S315080031DC71FD0346002B04D0FFF75AFF6FF003036B
S315080031EC1BE000237B6111E0BA687B69134419461E
S315080031FC0020FFF75FFD0346002B04D0FFF748FFBE
S3150800320C6FF0030309E07B6901337B617A697B689C
S3150800321C9A42E9D3FFF78AFF034618461837BD4684
S3150800322C80BD80B586B000AFB9607A603B60034656
S3150800323CFB73BB68002B02D07B68002B02D14FF0C6
S3150800324CFF3338E07B6801331846FFF733FF034634
S3150800325C002B02D06FF003032DE007F11302FB7B62
S3150800326C11461846FFF726FD0346002B04D0FFF738
S3150800327C0FFF6FF003031EE000237B6114E0BA68AE
S3150800328C7B6913441B7807F1130211461846FFF79E
S3150800329C11FD0346002B04D0FFF7FAFE6FF003036B
S315080032AC09E07B6901337B617A697B689A42E6D3CC
S315080032BCFFF73CFF034618461837BD4680BD00008D
S315080032CC80B586B000AF3B1D00221A605A609A6022
S315080032DCDA601A744FF480511E48FFF72CFC1E4B0B
S315080032EC00225A701C4B1D4ADA601B4B1C4A1A6189
S315080032FC194B1C4A5A61184B174A5A601648FDF75F
S3150800330C9BFD0346FB7597F91730002B03D1124B1F
S3150800331C1B78322B02D06FF0010317E002237B7265
S3150800332C3B1D0D491846FDF785FE0346FB7597F9B7
S3150800333C1730002B02D097F9173007E000237B7162
S3150800334C3B1D05491846FDF70BFE0346184618376C
S3150800335CBD4680BD000402422809002099310008A8
S3150800336C2F320008F92E000880B586B000AFF86039
S3150800337CB9607A6007F110030D491846FDF7C4FECB
S3150800338C0346FB7597F91730002B0BD1B7F91020AC
S3150800339CFB681A80B7F91220BB681A80B7F9142093
S315080033AC7B681A8097F9173018461837BD4680BDC2
S315080033BC2809002080B500AF1E4BB3F9003013F571
S315080033CC004F35D01C4BB3F9003013F5004F2FD0F6
S315080033DC194BB3F9003007EE903AF8EEE77A154B2D
S315080033ECB3F9003007EE103AB8EEC77AF0EE470A92
S315080033FCB0EE670A0DF066FFF0EE407A9FED0F7A95
S3150800340C67EE877A0E4BC3ED007A0D4BD3ED007A37
S3150800341CF5EEC07AF1EE10FA00D409E0084BD3EDBC
S3150800342C007A9FED087A77EE877A054BC3ED007A1A
S3150800343C00BF80BD5609002058090020E12E6542C0
S3150800344C5C0900200000B44380B500AF02F002F816
S3150800345C00F0CCF800F040F901F034F900F014FA59
S3150800346C00F078FA00F028FB00F0D6FB00F09EFC82
S3150800347C00F020FD00F0C0FD00F0DEFE00F028FF95
S3150800348C00F0BEFF01F008F801F052F801F0E8F878
S3150800349C00F04EF900F0B2F900F01EFE00F064FFE1
S315080034AC01F092F800F04AFA04213E48FFF743FB74
S315080034BC4FF480513B48FFF73EFB10213A48FFF783
S315080034CC3AFB4FF400713948FFF735FB642002F0DC
S315080034DC7FF8374B00221A70FFF720FD03461A4671
S315080034EC344B1A70FFF7ECFE03461A46324B1A7029
S315080034FC314B1B785BB2002B01D001F065F92D4BD3
S3150800350C1B785BB2002B01D001F05EF9192002F092
S3150800351C5FF82A492A48FFF799FD03461A46294BAC
S3150800352C1A70284B1B785BB2002B1AD1234B93EDE0
S3150800353C007A254BD3ED007AC7EE276ADFED230A0E
S3150800354CB0EE660A0DF0C0FEF0EE407AB7EE007AE1
S3150800355C77EE677A9FED1E7A67EE877A1D4BC3ED79
S3150800356C007A1D4B1B780133DAB21B4B1A701A4BB7
S3150800357C1B78042B12D9184B00221A70174A1849B3
S3150800358C1848FFF7F1FE03461A46174B1A70164BE6
S3150800359C1B785BB2002B01D1FFF70CFF142002F04D
S315080035AC17F8B6E70004024200000242000802427D
S315080035BC1A090020180900205409002020090020A7
S315080035CC1C0900201909002000000020AFDC423E2F
S315080035DC002A2D4724090020600900205A090020DA
S315080035EC58090020560900205509002080B59CB0C2
S315080035FC00AF07F120035022002118460DF02FFECC
S3150800360C07F1080300221A605A609A60DA601A6198
S3150800361C5A612F4B1B692E4A43F0300313612C4B0E
S3150800362C1B6903F030037B607B6800BF284B5B6922
S3150800363C03F00803082BF9D129233B624FF4803396
S3150800364C7B624FF08063BB634FF480537B64022329
S3150800365CBB640323FB6401233B651E237B650223A2
S3150800366CBB650423FB6502233B660C237B660023A0
S3150800367CBB660023FB6607F12003184604F0C8F95D
S3150800368C0346002B01D001F09FF81F23BB600323D0
S3150800369CFB6000233B6100237B610023BB61002395
S315080036ACFB6107F108030521184604F0E9FD0346FA
S315080036BC002B01D001F088F8064B1B6823F0300369
S315080036CC044A43F02003136000BF7037BD4680BD23
S315080036DC000802440020024080B5C2B000AF07F5CE
S315080036EC8473A3F5847318464FF484731A46002121
S315080036FC0DF0B5FD07F58473A3F584714FF0807250
S3150800370C4FF00003C1E9002307F58473A3F584730E
S3150800371C00229A653B46184605F0F4F80346002B3A
S3150800372C01D001F051F800BF07F58477BD4680BD7E
S3150800373C80B588B000AF3B462022002118460DF014
S3150800374C8EFD2B4B2B4A1A60294B4FF400225A60DC
S3150800375C274B00229A60264B0022DA60244B002263
S3150800376C1A61234B04225A61214B00221A76204BEC
S3150800377C00225A761E4B0122DA611D4B002283F871
S3150800378C20201B4B00229A62194B0022DA62184B36
S3150800379C002283F83420164B00221A63144B00229D
S315080037AC9A63134B002283F83C20114802F030F937
S315080037BC0346002B01D001F007F80F4B3B6006239C
S315080037CC7B600023BB607F23FB6004233B610023E3
S315080037DC7B613B461946064802F06EFA0346002BF7
S315080037EC01D000F0F1FF00BF2037BD4680BD00BFF9
S315080037FC7C000020008002420020903680B500AF85
S3150800380C1F4B204A1A601E4B00225A601C4B002282
S3150800381C9A601B4B0022DA60194B00221A74184B5B
S3150800382C00225A74164B00229A74154B10225A61B0
S3150800383C134B01229A61124B0122DA61104B0122B9
S3150800384C1A620F4B01225A620D4B01229A620C4BDB
S3150800385C0122DA620A4B01221A63094B00225A63C7
S3150800386C074B00229A63064B0022DA63044803F0DE
S3150800387C71FC0346002B01D000F0A6FF00BF80BDEB
S3150800388CE400002000A4004080B582B000AF284BAD
S3150800389CD3F88830264A43F00103C2F88830244B03
S315080038ACD3F8883003F001037B607B68214B224AEE
S315080038BC1A60204B4FF400725A601E4B00229A6015
S315080038CC1C4B4FF40072DA601A4B00221A61194B22
S315080038DC00225A61174B00229A61164B0022DA61B4
S315080038EC144B00221A62134B01225A62114B012205
S315080038FC9A62104B0022DA620E4B00221A630D4BA9
S3150800390C00225A630B4802F07DFF0346002B01D0B8
S3150800391C00F05AFF1021074803F05BF90346002B09
S3150800392C01D000F051FF00BF0837BD4680BD00BF6F
S3150800393C000C0244480100205000024080B500AF3C
S3150800394C03F022FF0346002B01D000F03DFF00BF19
S3150800395C80BD000080B5D2B000AF07F59073282261
S3150800396C002118460DF07BFC07F5847300221A60BB
S3150800397C5A609A60DA601A615A6107F5A473A3F55E
S3150800398CA47318464FF484731A4600210DF067FC8D
S3150800399C07F5A473A3F5A4714FF000624FF000036A
S315080039ACC1E9002307F5A473A3F5A4730422C3F88D
S315080039BCE0203B46184604F0A5FF0346002B01D031
S315080039CC00F002FF4FF48050FFF70AF90120FFF7C9
S315080039DCCFF80220FFF7CCF8C023C7F8083102232A
S315080039ECC7F80C310023C7F810310023C7F8143177
S315080039FC0023C7F818310523C7F81C3107F584735B
S31508003A0C19462A480CF033FC0823C7F80831022358
S31508003A1CC7F80C310023C7F810310023C7F8143146
S31508003A2C0023C7F818310523C7F81C3107F584732A
S31508003A3C19461F480CF01BFC0023C7F820314FF41D
S31508003A4C8003C7F824310723C7F828314FF00073D1
S31508003A5CC7F82C314FF08073C7F830314FF08063BC
S31508003A6CC7F834314FF00053C7F838310023C7F87C
S31508003A7C3C310023C7F840310723C7F8443107F512
S31508003A8C907319460B480CF0B3FC00210948FEF755
S31508003A9CC4FC0848FEF7F7FC00210648FEF7D0FCE4
S31508003AAC00BF07F5A477BD4680BD00BF00000242E3
S31508003ABC000402420030014080B5D2B000AF07F5D1
S31508003ACC90732822002118460DF0C9FB07F584735C
S31508003ADC00221A605A609A60DA601A615A6107F510
S31508003AECA473A3F5A47318464FF484731A460021DD
S31508003AFC0DF0B5FB07F5A473A3F5A4714FF080522E
S31508003B0C4FF00003C1E9002307F5A473A3F5A473CA
S31508003B1C2022C3F8E4203B46184604F0F3FE03467D
S31508003B2C002B01D000F050FE4FF48040FFF73CF814
S31508003B3C0420FFF71DF80220FFF71AF80623C7F82A
S31508003B4C08310223C7F80C310023C7F810310023BB
S31508003B5CC7F814310023C7F818310523C7F81C31E8
S31508003B6C07F58473194629480CF081FB4FF48063DA
S31508003B7CC7F808310223C7F80C310023C7F81031EF
S31508003B8C0023C7F814310023C7F818310523C7F8E2
S31508003B9C1C3107F5847319461D480CF068FB002385
S31508003BACC7F820314FF48003C7F824310723C7F828
S31508003BBC28310023C7F82C310023C7F830314FF0D1
S31508003BCC8063C7F834314FF04053C7F838310023B7
S31508003BDCC7F83C310023C7F840310723C7F84431EE
S31508003BEC07F5907319460B480CF002FC002109489E
S31508003BFCFEF713FC0748FEF736FC00210548FEF7CE
S31508003C0C1FFC00BF07F5A477BD4680BD000802421D
S31508003C1C000402420038004080B5A0B000AF07F19E
S31508003C2C6C0300221A605A609A60DA601A6107F10E
S31508003C3C4C032022002118460DF011FB07F11C033A
S31508003C4C3022002118460DF00AFB3B1D00221A6093
S31508003C5C5A609A60DA601A615A614FF40060FEF78E
S31508003C6CBFFF3B23A7F86C3000233B6742F6EB6398
S31508003C7C7B670023BB670023FB6707F16C031946B8
S31508003C8C48480CF0C7FC4748FEF7D4FC00214548C9
S31508003C9CFEF704FF01214348FEF734FD6023FB645D
S31508003CAC00233B6500237B650023BB650023FB656E
S31508003CBC00233B6600237B660023BB6607F14C0397
S31508003CCC1A46012137480CF0BDFD01213548FEF78F
S31508003CDCC1FC10213348FEF715FD07F14C031A46B3
S31508003CEC102130480CF0AEFD10212E48FEF7B2FC20
S31508003CFC4FF480712B48FEF705FD07F14C031A4665
S31508003D0C4FF4807127480CF09DFD4FF480712548BF
S31508003D1CFEF7A0FC00212348FEF7D5FE002121481A
S31508003D2CFEF7E6FE1F48FEF7F6FE0023FB610023AE
S31508003D3C3B6200237B62002387F8283000237B85AF
S31508003D4C4FF40053FB6200233B6300237B63002381
S31508003D5CBB634FF00073FB6300233B6400237B6457
S31508003D6C0023BB6407F11C0319460E480CF0CAFD68
S31508003D7C0120FEF7FDFE4FF4E0637B600223BB6077
S31508003D8C0023FB6000233B6100237B610123BB619D
S31508003D9C3B1D194604480CF06AFA00BF8037BD462D
S31508003DAC80BD00BF002C01400000024280B58CB0DB
S31508003DBC00AF07F11C0300221A605A609A60DA6099
S31508003DCC1A613B1D00221A605A609A60DA601A6101
S31508003DDC5A610120FEF7E8FE0120FEF7C9FE2223F0
S31508003DEC7B600223BB600023FB6000233B6100233E
S31508003DFC7B610123BB613B1D19462D480CF037FA34
S31508003E0C3B23BB8300233B624FF0FF337B620023CB
S31508003E1CBB6207F11C0319464FF080400CF0FAFB05
S31508003E2C4FF08040FEF706FC00214FF08040FEF76D
S31508003E3C35FE00214FF08040FEF745FE4FF08040DE
S31508003E4CFEF769FE4FF4803201214FF08040FEF7F1
S31508003E5CAFFC002201214FF08040FEF709FD00223D
S31508003E6C01214FF08040FEF763FD002201214FF03F
S31508003E7C8040FEF7BDFD4FF4803210214FF0804094
S31508003E8CFEF796FC002210214FF08040FEF7F0FC5E
S31508003E9C002210214FF08040FEF74AFD0022102127
S31508003EAC4FF08040FEF7A4FD00BF3037BD4680BDFD
S31508003EBC0000024280B594B000AF07F13C03002223
S31508003ECC1A605A609A60DA601A6107F11C0320229C
S31508003EDC002118460DF0C3F93B1D00221A605A60E2
S31508003EEC9A60DA601A615A610220FEF75DFE3B237E
S31508003EFCBB8700233B6442F6EB637B640023BB64FD
S31508003F0C07F13C0319463A480CF084FB3848FEF78F
S31508003F1C91FB00213648FEF7C1FD01213448FEF716
S31508003F2CF1FB6023FB6100233B6200237B620023C9
S31508003F3CBB620023FB6207F11C031A4601212C48BD
S31508003F4C0CF080FC01212A48FEF784FB1021284836
S31508003F5CFEF7D8FB07F11C031A46102124480CF06F
S31508003F6C71FC10212248FEF775FB4FF4807120482E
S31508003F7CFEF7C8FB07F11C031A464FF480711C4860
S31508003F8C0CF060FC4FF480711948FEF763FB4FF494
S31508003F9C80511748FEF7B6FB07F11C031A464FF477
S31508003FAC805113480CF04EFC4FF480511048FEF724
S31508003FBC51FB00210E48FEF786FD0D48FEF7ABFDBA
S31508003FCC0220FEF7D5FD33237B600223BB6000235A
S31508003FDCFB6000233B6100237B610223BB613B1D15
S31508003FEC194604480CF043F900BF5037BD4680BD4E
S31508003FFC000400400004024280B594B000AF07F1FB
S3150800400C3C0300221A605A609A60DA601A6107F15A
S3150800401C1C032022002118460DF021F93B1D002215
S3150800402C1A605A609A60DA601A615A610420FEF7BF
S3150800403CBBFD3B23BB8700233B6441F6E6337B641D
S3150800404C0023BB6407F13C03194621480CF0E2FA3D
S3150800405C1F48FEF7EFFA00211D48FEF71FFD012148
S3150800406C1B48FEF74FFB6023FB6100233B620023D2
S3150800407C7B620023BB620023FB6207F11C031A4612
S3150800408C012113480CF0DEFB01211148FEF7E2FA78
S3150800409C00210F48FEF717FD0D48FEF73CFD0220E0
S315080040ACFEF766FD40237B600223BB600023FB60A2
S315080040BC00233B6100237B610223BB613B1D194630
S315080040CC04480CF0D4F800BF5037BD4680BD00BF7D
S315080040DC000800400004024280B59CB000AF07F10E
S315080040EC600300221A605A609A60DA6007F154037A
S315080040FC00221A605A609A6007F1380300221A6087
S3150800410C5A609A60DA601A615A619A613B1D3422C8
S3150800411C002118460DF0A3F8454B464A1A60444B45
S3150800412C3B225A60424B00229A60414B42F6EB62A4
S3150800413CDA603F4B00221A613D4B00225A613C4B18
S3150800414C00229A613A4809F03DFC0346002B01D03F
S3150800415C00F03AFB4FF480533B6607F160031946AF
S3150800416C334809F0FBFD0346002B01D000F02CFB6D
S3150800417C2F4809F07EFC0346002B01D000F024FBE7
S3150800418C00237B650023BB650023FB6507F15403FD
S3150800419C194627480AF098FC0346002B01D000F074
S315080041AC13FB6023BB630023FB6300233B640023E0
S315080041BC7B640023BB640023FB6400233B6507F187
S315080041CC3803082219461A4809F0B4FC0346002B92
S315080041DC01D000F0F9FA00237B600023BB600023B2
S315080041ECFB6000233B6100237B614FF40053BB61EA
S315080041FC0023FB6100233B6200237B624FF00073B4
S3150800420CBB620023FB6200233B6300237B633B1DDD
S3150800421C194607480AF028FD0346002B01D000F082
S3150800422CD3FA034800F03EFC00BF7037BD4680BD8C
S3150800423CC00100200034014080B500AF224B234A50
S3150800424C1A60214B4FF4E1325A601F4B00229A60D8
S3150800425C1D4B0022DA601C4B00221A611A4B0C22E9
S3150800426C5A61194B00229A61174B0022DA61164BD8
S3150800427C00221A62144B00225A62134B00229A62CD
S3150800428C11480AF08BFD0346002B01D000F09CFA6E
S3150800429C00210D480BF0D5FD0346002B01D000F08C
S315080042AC93FA002108480BF00AFE0346002B01D0AE
S315080042BC00F08AFA04480BF08BFD0346002B01D05C
S315080042CC00F082FA00BF80BD0C020020004C0040B2
S315080042DC80B500AF224B234A1A60214B4FF4E132CA
S315080042EC5A601F4B00229A601D4B0022DA601C4B49
S315080042FC00221A611A4B0C225A61194B00229A6138
S3150800430C174B0022DA61164B00221A62144B002254
S3150800431C5A62134B00229A6211480AF08FFD034623
S3150800432C002B01D000F050FA00210D480BF089FD46
S3150800433C0346002B01D000F047FA002108480BF081
S3150800434CBEFD0346002B01D000F03EFA04480BF0E4
S3150800435C3FFD0346002B01D000F036FA00BF80BDA6
S3150800436CA00200200050004080B500AF224B234A23
S3150800437C1A60214B4FF4E1325A601F4B00229A60A7
S3150800438C1D4B0022DA601C4B00221A611A4B0C22B8
S3150800439C5A61194B00229A61174B0022DA61164BA7
S315080043AC00221A62144B00225A62134B00229A629C
S315080043BC11480AF043FD0346002B01D000F004FA1D
S315080043CC00210D480BF03DFD0346002B01D000F0F3
S315080043DCFBF9002108480BF072FD0346002B01D0AF
S315080043EC00F0F2F904480BF0F3FC0346002B01D05D
S315080043FC00F0EAF900BF80BD3403002000780040C5
S3150800440C80B500AF224B234A1A60214B4FF4E13298
S3150800441C5A601F4B00229A601D4B0022DA601C4B17
S3150800442C00221A611A4B0C225A61194B00229A6106
S3150800443C174B0022DA61164B00221A62144B002223
S3150800444C5A62134B00229A6211480AF0A7FC0346DB
S3150800445C002B01D000F0B8F900210D480BF0F1FC47
S3150800446C0346002B01D000F0AFF9002108480BF0E9
S3150800447C26FD0346002B01D000F0A6F904480BF0E4
S3150800448CA7FC0346002B01D000F09EF900BF80BDA7
S3150800449CC80300200038014080B500AF224B234AE0
S315080044AC1A60214B4FF4E1325A601F4B00229A6076
S315080044BC1D4B0022DA601C4B00221A611A4B0C2287
S315080044CC5A61194B00229A61174B0022DA61164B76
S315080044DC00221A62144B00225A62134B00229A626B
S315080044EC11480AF0ABFC0346002B01D000F06CF91E
S315080044FC00210D480BF0A5FC0346002B01D000F05B
S3150800450C63F9002108480BF0DAFC0346002B01D0AE
S3150800451C00F05AF904480BF05BFC0346002B01D05B
S3150800452C00F052F900BF80BD5C0400200044004036
S3150800453C80B500AF224B234A1A60214B4FF4E13267
S3150800454C5A601F4B00229A601D4B0022DA601C4BE6
S3150800455C00221A611A4B0C225A61194B00229A61D5
S3150800456C174B0022DA61164B00221A62144B0022F2
S3150800457C5A62134B00229A6211480AF00FFC034642
S3150800458C002B01D000F020F900210D480BF059FC46
S3150800459C0346002B01D000F017F9002108480BF050
S315080045AC8EFC0346002B01D000F00EF904480BF0E4
S315080045BC0FFC0346002B01D000F006F900BF80BDA6
S315080045CCF00400200048004080B500AF224B234A77
S315080045DC1A60214B4FF4E1325A601F4B00229A6045
S315080045EC1D4B0022DA601C4B00221A611A4B0C2256
S315080045FC5A61194B00229A61174B0022DA61164B45
S3150800460C00221A62144B00225A62134B00229A6239
S3150800461C11480AF0C3FB0346002B01D000F0D4F86E
S3150800462C00210D480BF00DFC0346002B01D000F0C1
S3150800463CCBF8002108480BF042FC0346002B01D0AE
S3150800464C00F0C2F804480BF0C3FB0346002B01D05C
S3150800465C00F0BAF800BF80BD840500200064004055
S3150800466C80B500AF154B164A1A60144B08221A71FE
S3150800467C124B0222DA71114B02225A720F4B00228C
S3150800468C9A720E4B0022DA720C4B00221A730B4BE1
S3150800469C00225A73094B00229A73084B0022DA73CC
S315080046AC064B00221A74054803F07EF80346002BC5
S315080046BC01D000F089F800BF80BD00BF18060020A5
S315080046CC0060014080B586B000AF3B4600221A60F8
S315080046DC5A609A60DA601A615A610420FEF748FA41
S315080046EC8020FEF745FA0120FEF742FA0220FEF773
S315080046FC3FFA0820FEF73CFA4FF442412E48FEF7E3
S3150800470C28FA10212D48FEF724FA43F204012C4806
S3150800471CFEF71FFA04212B48FEF71BFA42F2200378
S3150800472C3B6000237B6000233B613B4619462248CD
S3150800473C0BF09DFD4FF442433B6001237B60002345
S3150800474CBB600023FB6000233B613B4619461A48B5
S3150800475C0BF08DFD10233B6001237B600023BB60AF
S3150800476C0023FB6000233B613B46194613480BF0BC
S3150800477C7EFD43F204033B6001237B600023BB6090
S3150800478C0023FB6000233B613B4619460C480BF0A3
S3150800479C6EFD04233B6001237B600023BB60002372
S315080047ACFB6000233B613B46194606480BF05FFD50
S315080047BC00BF1837BD4680BD000802420000024201
S315080047CC00040242000C024280B400AF72B600BF6D
S315080047DC00BFFDE780B400AF00BFBD465DF8047BA3
S315080047EC7047000080B5CEB000AF07F59C73A3F5F3
S315080047FC9A73186007F5927300221A605A609A60C9
S3150800480CDA601A6107F59C73A3F5907318464FF492
S3150800481C84731A4600210CF022FD07F59C73A3F548
S3150800482C9A731B681B68434A93427DD107F59C73A0
S3150800483CA3F590714FF400124FF00003C1E9002361
S3150800484C07F59C73A3F590730022C3F8D42007F1DF
S3150800485C1803184604F056F80346002B01D0FFF748
S3150800486CB3FF354BD3F88C30334A43F48063C2F824
S3150800487C8C30314BD3F88C3003F4806207F59C737B
S3150800488CA3F592731A6007F59C73A3F592731B68CC
S3150800489C294BD3F88C30284A43F00403C2F88C30E1
S315080048AC254BD3F88C3003F0040207F59C73A3F55B
S315080048BC94731A6007F59C73A3F594731B681E4BC7
S315080048CCD3F88C301C4A43F00103C2F88C301A4BCF
S315080048DCD3F88C3003F0010207F59C73A3F5967395
S315080048EC1A6007F59C73A3F596731B680923C7F81A
S315080048FC24310323C7F828310023C7F82C3107F5D0
S3150800490C927319460D4802F0E1FD0823C7F82431C5
S3150800491C0323C7F828310023C7F82C3107F59273FF
S3150800492C1946074802F0D2FD00BF07F59C77BD462D
S3150800493C80BD00BF00800242000C024400080242FF
S3150800494C0000024280B5CCB000AF07F59873A3F50A
S3150800495C9673186007F58E7300221A605A609A606F
S3150800496CDA601A6107F59873A3F5907318464FF435
S3150800497C84731A4600210CF072FC07F59873A3F59C
S3150800498C96731B681B68334A93425ED107F5987376
S3150800499CA3F590714FF000024FF00403C1E9002310
S315080049AC07F59873A3F590730022C3F8BC2007F19A
S315080049BC1003184603F0A6FF0346002B01D0FFF799
S315080049CC03FF254BD3F8A030234A43F40073C2F8EF
S315080049DCA030214BD3F8A03003F4007207F5987376
S315080049ECA3F592731A6007F59873A3F592731B686F
S315080049FC194BD3F88C30184A43F00203C2F88C30A2
S31508004A0C154BD3F88C3003F0020207F59873A3F50F
S31508004A1C94731A6007F59873A3F594731B684FF48F
S31508004A2CC073C7F81C310223C7F820310023C7F816
S31508004A3C24310023C7F828310923C7F82C3107F588
S31508004A4C8E731946054802F041FD00BF07F59877A5
S31508004A5CBD4680BD00A40040000C0244000402427E
S31508004A6C80B485B000AF78607B681B680B4A9342AC
S31508004A7C0ED10B4BD3F8A430094A43F40053C2F8B1
S31508004A8CA430074BD3F8A43003F40053FB60FB683F
S31508004A9C00BF1437BD465DF8047B704700340140EF
S31508004AAC000C024480B588B000AF786007F10C039F
S31508004ABC00221A605A609A60DA601A617B681B6871
S31508004ACC134A93421FD1134BD3F88C30114A43F037
S31508004ADC0403C2F88C300F4BD3F88C3003F0040364
S31508004AECBB60BB684FF48073FB6002233B610023F9
S31508004AFC7B610023BB610323FB6107F10C03194699
S31508004B0C054802F0E3FC00BF2037BD4680BD00BF58
S31508004B1C00340140000C02440008024280B5DAB0A9
S31508004B2C00AF07F5B473A3F5B273186007F5AA734B
S31508004B3C00221A605A609A60DA601A6107F5B47333
S31508004B4CA3F5907318464FF484731A4600210CF09B
S31508004B5C86FB07F5B473A3F5B2731B681B68AF4ADB
S31508004B6C934240F08B8007F5B473A3F590714FF020
S31508004B7C08024FF00003C1E9002307F5B473A3F547
S31508004B8C907300229A6607F14803184603F0BAFE9A
S31508004B9C0346002B01D0FFF717FEA14BD3F89C3028
S31508004BAC9F4A43F40023C2F89C309D4BD3F89C30A3
S31508004BBC03F4002207F5B473A3F592731A6007F58C
S31508004BCCB473A3F592731B68954BD3F88C30944A3F
S31508004BDC43F00103C2F88C30914BD3F88C3003F0B8
S31508004BEC010207F5B473A3F594731A6007F5B47349
S31508004BFCA3F594731B688A4BD3F88C30884A43F018
S31508004C0C0403C2F88C30864BD3F88C3003F00402BC
S31508004C1C07F5B473A3F596731A6007F5B473A3F581
S31508004C2C96731B680123C7F854310223C7F8583109
S31508004C3C0023C7F85C310023C7F860310823C7F88E
S31508004C4C643107F5AA731946764802F03FFC4FF40F
S31508004C5C0063C7F854310223C7F858310023C7F844
S31508004C6C5C310023C7F860310823C7F8643107F5AF
S31508004C7CAA7319466C4802F029FC88E207F5B47346
S31508004C8CA3F5B2731B681B68684A93425ED107F595
S31508004C9CB473A3F590714FF010024FF00003C1E9FD
S31508004CAC002307F5B473A3F590730022DA6607F1AF
S31508004CBC4803184603F026FE0346002B01D0FFF7DF
S31508004CCC83FD574BD3F89C30554A43F48013C2F8EE
S31508004CDC9C30534BD3F89C3003F4801207F5B4730D
S31508004CECA3F598731A6007F5B473A3F598731B6844
S31508004CFC4B4BD3F88C304A4A43F00403C2F88C3039
S31508004D0C474BD3F88C3003F0040207F5B473A3F5BC
S31508004D1C9A731A6007F5B473A3F59A731B684FF464
S31508004D2C8053C7F854311223C7F858310023C7F8F3
S31508004D3C5C310023C7F860310823C7F8643107F5DE
S31508004D4CAA731946384802F0C1FB20E207F5B4737A
S31508004D5CA3F5B2731B681B68354A93426AD107F5EB
S31508004D6CB473A3F590714FF040024FF00003C1E9FC
S31508004D7C002307F5B473A3F5907300225A6707F15D
S31508004D8C4803184603F0BEFD0346002B01D0FFF777
S31508004D9C1BFD234BD3F89C30214A43F08043C2F8C1
S31508004DAC9C301F4BD3F89C3003F0804207F5B47344
S31508004DBCA3F59C731A6007F5B473A3F59C731B686B
S31508004DCC174BD3F88C30164A43F00103C2F88C30D3
S31508004DDC134BD3F88C3003F0010207F5B473A3F523
S31508004DEC9E731A6007F5B473A3F59E731B684FF48C
S31508004DFC0043C7F854311223C7F858310023C7F8B3
S31508004E0C5C310023C7F860310B23C7F8643107F50A
S31508004E1CAA731946034802F059FBB8E1004C004046
S31508004E2C000C0244000002420008024200500040F6
S31508004E3C0078004007F5B473A3F5B2731B681B68BA
S31508004E4CD54A934266D107F5B473A3F590714FF022
S31508004E5C01024FF00003C1E9002307F5B473A3F56B
S31508004E6C90730022DA6507F14803184603F04AFDE9
S31508004E7C0346002B01D0FFF7A7FCC84BD3F8A43088
S31508004E8CC64A43F48043C2F8A430C44BD3F8A430C2
S31508004E9C03F4804207F5B473A3F5A0731A6007F5FB
S31508004EACB473A3F5A0731B68BC4BD3F88C30BB4A00
S31508004EBC43F00203C2F88C30B84BD3F88C3003F0AD
S31508004ECC020207F5B473A3F5A2731A6007F5B47357
S31508004EDCA3F5A2731B684FF44043C7F85431022359
S31508004EECC7F858310023C7F85C310023C7F860317E
S31508004EFC0423C7F8643107F5AA731946A84802F0C3
S31508004F0CE5FA002200213A2001F0A4FB3A2001F030
S31508004F1CBBFB3CE107F5B473A3F5B2731B681B68BE
S31508004F2CA04A934265D107F5B473A3F590714FF077
S31508004F3C02024FF00003C1E9002307F5B473A3F589
S31508004F4C907300221A6607F14803184603F0DAFC38
S31508004F5C0346002B01D0FFF737FC904BD3F89C3057
S31508004F6C8E4A43F40033C2F89C308C4BD3F89C30F1
S31508004F7C03F4003207F5B473A3F5A4731A6007F5A6
S31508004F8CB473A3F5A4731B68844BD3F88C30834A8B
S31508004F9C43F00103C2F88C30804BD3F88C3003F005
S31508004FAC010207F5B473A3F5A6731A6007F5B47373
S31508004FBCA3F5A6731B680423C7F854311223C7F844
S31508004FCC58310023C7F85C310023C7F86031072332
S31508004FDCC7F8643107F5AA731946734802F076FACE
S31508004FEC002200213B2001F035FB3B2001F04CFB55
S31508004FFCCDE007F5B473A3F5B2731B681B686B4A4F
S3150800500C93425ED107F5B473A3F590714FF0040281
S3150800501C4FF00003C1E9002307F5B473A3F59073A9
S3150800502C00225A6607F14803184603F06BFC034640
S3150800503C002B01D0FFF7C8FB584BD3F89C30574AC6
S3150800504C43F48023C2F89C30544BD3F89C3003F4B9
S3150800505C802207F5B473A3F5A8731A6007F5B47321
S3150800506CA3F5A8731B684D4BD3F88C304B4A43F009
S3150800507C0403C2F88C30494BD3F88C3003F0040285
S3150800508C07F5B473A3F5AA731A6007F5B473A3F5F9
S3150800509CAA731B684FF48263C7F854310223C7F806
S315080050AC58310023C7F85C310023C7F86031072351
S315080050BCC7F8643107F5AA7319463D4802F006FA93
S315080050CC65E007F5B473A3F5B2731B681B68394A18
S315080050DC93425CD107F5B473A3F590714FF0200297
S315080050EC4FF00003C1E9002307F5B473A3F59073D9
S315080050FC00221A6707F14803184603F003FC034617
S3150800510C002B01D0FFF760FB244BD3F89C30234AC5
S3150800511C43F00073C2F89C30204BD3F89C3003F054
S3150800512C007207F5B473A3F5AC731A6007F5B4737C
S3150800513CA3F5AC731B68194BD3F88C30174A43F09C
S3150800514C0403C2F88C30154BD3F88C3003F00402E8
S3150800515C07F5B473A3F5AE731A6007F5B473A3F524
S3150800516CAE731B68C023C7F854310223C7F85831ED
S3150800517C0023C7F85C310023C7F860310723C7F84A
S3150800518C643107F5AA731946094802F09FF900BF5E
S3150800519C07F5B477BD4680BD00380140000C0244C3
S315080051AC000402420044004000000242004800404D
S315080051BC000802420064004080B5C6B000AF07F58F
S315080051CC8C73A3F58A73186007F58C73A3F584732F
S315080051DC18464FF484731A4600210CF040F807F56C
S315080051EC8C73A3F58A731B681B681E4A934233D1CA
S315080051FC07F58C73A3F584714FF000024FF010037A
S3150800520CC1E9002307F58C73A3F584733022C3F820
S3150800521C002107F11003184603F074FB0346002B14
S3150800522C01D0FFF7D1FA02F0E3FB0F4BD3F8A43009
S3150800523C0D4A43F08073C2F8A4300B4BD3F8A43054
S3150800524C03F0807207F58C73A3F586731A6007F55D
S3150800525C8C73A3F586731B6800BF07F58C77BD4660
S3150800526C80BD00BF00600140000C024480B400AF52
S3150800527C00BFFDE780B400AF00BFFDE780B400AF08
S3150800528C00BFFDE780B400AF00BFFDE780B400AFF8
S3150800529C00BFFDE780B400AF00BFBD465DF8047BD8
S315080052AC704780B400AF00BFBD465DF8047B7047FD
S315080052BC80B400AF00BFBD465DF8047B704780B56F
S315080052CC00AF00F065F900BF80BD000080B500AFE7
S315080052DC024809F00BFE00BF80BD00BFC8030020C2
S315080052EC80B500AF024809F001FE00BF80BD00BFC3
S315080052FC5C04002080B483B000AF374BD3F88830F9
S3150800530C354A43F47003C2F88830344B1B6803F0F3
S3150800531C1803324A43F001031360304B0022DA615A
S3150800532C2E4B00221A622D4B1A682C492C4B134013
S3150800533C0B602A4B00229A62284B0022DA62274B12
S3150800534C00221A63254B274A5A63244B00229A6378
S3150800535C224B244ADA63214B00221A641F4B214A3A
S3150800536C5A641E4B00229A641C4B1B681B4A23F476
S3150800537C80231360194B00221A65174B4FF00062F5
S3150800538C9A60194B9B6903F060437B607B68B3F1A9
S3150800539C604F03D07B68B3F1404F17D1124BDB69D2
S315080053AC03F00103002B05D00F4B104ADA600E4BA5
S315080053BC0F4ADA600C4BDB690B4A43F00203D361E4
S315080053CC094BDB69084A43F00103D36100BF0C376C
S315080053DCBD465DF8047B704700ED00E0000C024406
S315080053ECFBEAE2EA80020101002002403B2A190886
S315080053FC7F6E5D4CDFF83CD00F4880F30A88FFF7C8
S3150800540C79FF0E480E490F4A002302E0D458C450BF
S3150800541C0433C4188C42F9D30B4A0C4C002301E014
S3150800542C13600432A242FBD30BF028FFFEF70CF8EC
S3150800543CFEE7000000000A2000FC092000000020FE
S3150800544C60000020301E010860000020A00A002021
S3150800545CFEE7000080B500AF032001F0F0F803F07A
S3150800546CC7F802460C4B1B6A03F00F030B49CB5CBF
S3150800547C22FA03F30A4A1360042001F035F90F20C7
S3150800548C00F010F80346002B01D0012302E0FFF7C9
S3150800549CA1F90023184680BD000C0244901D010892
S315080054AC0400002080B584B000AF78600023FB6050
S315080054BC334B1B78002B01D101235CE0314B1B6865
S315080054CC03F00403042B0CD12F4B1A682C4B1B78B6
S315080054DC19464FF47A73B3FBF1F3B2FBF3F3FB60A3
S315080054EC37E001F059F9B860BB68022B23D0BB68CA
S315080054FC022B2DD8BB68002B03D0BB68012B0DD013
S3150800550C26E0214B1A681E4B1B7819464FF4FA53A2
S3150800551CB3FBF1F3B2FBF3F3FB601AE0184B1B7801
S3150800552C1A464FF47A73B3FBF2F34FF4FA42B2FB12
S3150800553CF3F3FB600DE0124B1B781A464FF47A73A3
S3150800554CB3FBF2F34FF40042B2FBF3F3FB6000E05B
S3150800555C00BFF86801F0A6F80346002B01D001231A
S3150800556C09E0002279684FF0FF3001F073F8074A1A
S3150800557C7B681360002318461037BD4680BD00BFF4
S3150800558C0C00002010E000E00400002008000020B9
S3150800559C80B400AF064B1B781A46064B1B6813449F
S315080055AC044A136000BFBD465DF8047B704700BF14
S315080055BC0C0000206409002080B400AF034B1B6864
S315080055CC1846BD465DF8047B704700BF6409002089
S315080055DC80B584B000AF7860FFF7EEFFB8607B68E3
S315080055ECFB60FB68B3F1FF3F05D00A4B1B781A46E4
S315080055FCFB681344FB6000BFFFF7DEFF0246BB687F
S3150800560CD31AFA689A42F7D800BF00BF1037BD46BE
S3150800561C80BD00BF0C00002080B483B000AF78605A
S3150800562C39607B689B6823F47C123B681A437B6859
S3150800563C9A6000BF0C37BD465DF8047B704780B492
S3150800564C83B000AF786039607B689B6823F0E072A2
S3150800565C3B681A437B689A6000BF0C37BD465DF8F9
S3150800566C047B704780B483B000AF78607B689B6816
S3150800567C03F0E07318460C37BD465DF8047B70479B
S3150800568C80B483B000AF7860064BD3F8C830054AAF
S3150800569C43F00103C2F8C83000BF0C37BD465DF8AD
S315080056AC047B70470081024280B483B000AF7860F7
S315080056BC7B68D3F8C83043F001027B68C3F8C8206E
S315080056CC00BF0C37BD465DF8047B704780B487B0C5
S315080056DC00AFF860B9607A603B60FB6860331A46C5
S315080056ECBB689B0013447B617B691A68084B1340A3
S315080056FC7A6802F0F8413A680A43134343F00042C9
S3150800570C7B691A6000BF1C37BD465DF8047B704781
S3150800571C00F0FF0380B485B000AF786039607B6811
S3150800572C60331A463B689B001344FB60FB681B6896
S3150800573C03F0F84318461437BD465DF8047B7047EA
S3150800574C80B487B000AFF860B9607A60FB686033E4
S3150800575C1A46BB689B0013447B617B691B6823F064
S3150800576C00427B681A437B691A6000BF1C37BD462A
S3150800577C5DF8047B704780B487B000AFF860B960F9
S3150800578C7A60FB6860331A46BB689B0013447B61DE
S3150800579C7B691B6823F080727B681A437B691A60E5
S315080057AC00BF1C37BD465DF8047B704780B487B0D4
S315080057BC00AFF860B9607A60FB6860331A46BB685C
S315080057CC9B0013447B617B691B6823F000727B6822
S315080057DC1A437B691A6000BF1C37BD465DF8047B0B
S315080057EC704780B483B000AF786039607B685B69BA
S315080057FC23F000423B681A437B685A6100BF0C379A
S3150800580CBD465DF8047B704780B487B000AFF8607E
S3150800581CB9607A60FB6830331A46BB681B0A9B0072
S3150800582C03F00C0313447B617B691A68BB6803F0AD
S3150800583C1F031F2101FA03F3DB431A407B689B0EF7
S3150800584C03F01F01BB6803F01F0301FA03F31A43A5
S3150800585C7B691A6000BF1C37BD465DF8047B704730
S3150800586C80B487B000AFF860B9607A60FB6814330F
S3150800587C1A46BB685B0E9B0003F0040313447B615A
S3150800588C7B691A68BB681B0D03F01F03072101FA15
S3150800589C03F3DB431A40BB681B0D03F01F0379683F
S315080058AC01FA03F31A437B691A6000BF1C37BD461D
S315080058BC5DF8047B7047000080B485B000AFF860D3
S315080058CCB9607A60FB68D3F8B020BB68C3F31303DE
S315080058DCDB431A407B6803F018030849D940BB68B8
S315080058EC0B40C3F313031A43FB68C3F8B02000BF7D
S315080058FC1437BD465DF8047B704700BFFFFF0F00E9
S3150800590C80B483B000AF78607B689B6823F0204333
S3150800591C23F03F037A68936000BF0C37BD465DF8E9
S3150800592C047B704780B483B000AF78607B689B6853
S3150800593C03F00053B3F1005F01D1012300E000230B
S3150800594C18460C37BD465DF8047B704780B483B0A7
S3150800595C00AF78607B689B6823F0104323F03F0305
S3150800596C43F080527B689A6000BF0C37BD465DF8E1
S3150800597C047B704780B483B000AF78607B689B6803
S3150800598C03F08053B3F1805F01D1012300E00023BB
S3150800599C18460C37BD465DF8047B704780B483B057
S315080059AC00AF78607B689B6803F00103012B01D17B
S315080059BC012300E0002318460C37BD465DF8047B2E
S315080059CC704780B483B000AF78607B689B6803F03F
S315080059DC0403042B01D1012300E0002318460C37DD
S315080059ECBD465DF8047B704780B483B000AF786021
S315080059FC7B689B6803F00803082B01D1012300E0A0
S31508005A0C002318460C37BD465DF8047B704700002A
S31508005A1C90B589B000AF78600023FB770023FB6054
S31508005A2C7B68002B01D1012336E17B681B69002BAF
S31508005A3C7B689B6D002B09D17868FEF7D3FE7B68D3
S31508005A4C0022DA657B68002283F854207B681B6881
S31508005A5C1846FFF767FF0346002B04D07B681B68C4
S31508005A6C1846FFF74DFF7B681B681846FFF782FF41
S31508005A7C0346002B15D17B681B681846FFF766FF93
S31508005A8C874B1B689B09874AA2FB03239B09013397
S31508005A9C5B00FB6002E0FB68013BFB60FB68002BCC
S31508005AACF9D17B681B681846FFF764FF0346002B81
S31508005ABC0DD17B689B6D43F010027B689A657B68F9
S31508005ACCDB6D43F001027B68DA650123FB777B68A3
S31508005ADC1B681846FFF775FF78617B689B6D03F0AA
S31508005AEC1003002B40F0CF807B69002B40F0CB8055
S31508005AFC7B689B6D23F4817343F002027B689A657D
S31508005B0C7B681B681846FFF749FF0346002B10D124
S31508005B1C6548FFF743FF04466448FFF73FFF034613
S31508005B2C2343002B05D17B685B6819466048FFF751
S31508005B3C73FD7B685B7E5A037B689B6B1A437B6899
S31508005B4CDB681A437B689B681A437B6893F820309A
S31508005B5C1B041343BB617B6893F82030012B06D1D9
S31508005B6C7B685B6A013B5B04BA691343BB617B6860
S31508005B7C9B6A002B09D07B689B6A03F478727B6856
S31508005B8CDB6A1343BA691343BB617B681B68DA6823
S31508005B9C484B13407A681268B9690B43D3607B6823
S31508005BAC1B681B6923F040617B681A6B7B681B6852
S31508005BBC0A431A617B681B681846FFF715FF38619C
S31508005BCC7B69002B3DD13B69002B3AD17B681B7E48
S31508005BDC9A037B6893F834305B001343BB617B688C
S31508005BEC1B68DB6823F4804323F002037A68126887
S31508005BFCB9690B43D3607B6893F83C30012B18D1F9
S31508005C0C7B681B681B6923F4FF6323F004037A681B
S31508005C1C116C7A68526C11437A68926C11437A68E3
S31508005C2CD26C0A431A437B681B6842F001021A615C
S31508005C3C07E07B681B681A697B681B6822F00102FF
S31508005C4C1A617B681B69012B0CD17B681B681B6B63
S31508005C5C23F00F017B68DB695A1E7B681B680A43B5
S31508005C6C1A6307E07B681B681A6B7B681B6822F053
S31508005C7C0F021A637B689B6D23F0030343F0010242
S31508005C8C7B689A6507E07B689B6D43F010027B681E
S31508005C9C9A650123FB77FB7F18462437BD4690BDD2
S31508005CAC04000020632D3E0500800242008102425A
S31508005CBC008302420740F0FF80B5B6B000AF7860AB
S31508005CCC3960002387F8D7300023FB607B6893F88C
S31508005CDC5430012B01D10223EBE37B68012283F8B4
S31508005CEC54207B681B681846FFF76BFE0346002B8F
S31508005CFC40F0D0833B681B68012B09D03B681B68B6
S31508005D0CB04A934209D13B68DB68AF4A934204D147
S31508005D1C7B681B681846FFF7C7FC7B6818683B68E6
S31508005D2C59683B681B681A46FFF76EFD7B681B684B
S31508005D3C1846FFF746FEC7F8D0007B681B6818465E
S31508005D4CFFF752FEC7F8CC00D7F8D030002B40F03E
S31508005D5CDD81D7F8CC30002B40F0D8813B689B68A6
S31508005D6CB3F1004F0FD17B6818683B681B6800229B
S31508005D7C1946FFF775FD7B681B684FF000411846FE
S31508005D8CFFF72FFD0EE07B6818683B6819683B68BF
S31508005D9C9B681A46FFF764FD7B681B68002118464A
S31508005DACFFF71FFD3B685A697B681B68DB68DB08D5
S31508005DBC03F003035B0002FA03F3C7F8C8303B6829
S31508005DCC1B69042B22D07B6818683B6819693B68E9
S31508005DDC1A68D7F8C830FFF779FC7B6818683B68EF
S31508005DEC19693B689B691A46FFF7C5FC7B681868F6
S31508005DFC3B6819693B681B7F012B02D14FF0007376
S31508005E0C00E000231A46FFF7D1FC7FE17B681B688C
S31508005E1C00211846FFF77EFC0346C3F31303002B39
S31508005E2C0AD17B681B6800211846FFF773FC0346EA
S31508005E3C9B0E03F01F021EE07B681B6800211846A8
S31508005E4CFFF768FC0346C7F8BC30D7F8BC3093FAA2
S31508005E5CA3F3C7F8C030D7F8C030C7F8B830D7F8AE
S31508005E6CB830002B01D1202304E0D7F8B830B3FAA8
S31508005E7C83F3DBB21A463B681B68C3F31303002B88
S31508005E8C05D13B681B689B0E03F01F0318E03B68A3
S31508005E9C1B68C7F8B030D7F8B03093FAA3F3C7F835
S31508005EACAC30D7F8AC30C7F8B430D7F8B430002BD0
S31508005EBC01D1202304E0D7F8B430B3FA83F3DBB26C
S31508005ECC9A4206D17B681B68002200211846FFF708
S31508005EDC37FC7B681B6801211846FFF71BFC034639
S31508005EECC3F31303002B0AD17B681B6801211846E0
S31508005EFCFFF710FC03469B0E03F01F021EE07B689F
S31508005F0C1B6801211846FFF705FC0346C7F8A430A1
S31508005F1CD7F8A43093FAA3F3C7F8A030D7F8A03073
S31508005F2CC7F8A830D7F8A830002B01D1202304E0F5
S31508005F3CD7F8A830B3FA83F3DBB21A463B681B686A
S31508005F4CC3F31303002B05D13B681B689B0E03F0A8
S31508005F5C1F0318E03B681B68C7F89830D7F89830C9
S31508005F6C93FAA3F3C7F89430D7F89430C7F89C3053
S31508005F7CD7F89C30002B01D1202304E0D7F89C30AD
S31508005F8CB3FA83F3DBB29A4206D17B681B6800220C
S31508005F9C01211846FFF7D4FB7B681B6802211846BB
S31508005FACFFF7B8FB0346C3F31303002B0ED17B682C
S31508005FBC1B6802211846FFF7ADFB03469B0E03F040
S31508005FCC1F0222E00200300400007F407B681B6839
S31508005FDC02211846FFF79EFB0346C7F88C30D7F804
S31508005FEC8C3093FAA3F3C7F88830D7F88830C7F8FB
S31508005FFC9030D7F89030002B01D1202304E0D7F845
S3150800600C9030B3FA83F3DBB21A463B681B68C3F3CA
S3150800601C1303002B05D13B681B689B0E03F01F036B
S3150800602C16E03B681B68C7F88030D7F8803093FABF
S3150800603CA3F3FB67FB6FC7F88430D7F88430002BC3
S3150800604C01D1202304E0D7F88430B3FA83F3DBB20A
S3150800605C9A4206D17B681B68002202211846FFF774
S3150800606C6FFB7B681B6803211846FFF753FB034637
S3150800607CC3F31303002B0AD17B681B68032118464C
S3150800608CFFF748FB03469B0E03F01F0217E07B68DD
S3150800609C1B6803211846FFF73DFB03467B677B6F9E
S315080060AC93FAA3F33B673B6FBB67BB6F002B01D11E
S315080060BC202303E0BB6FB3FA83F3DBB21A463B68C3
S315080060CC1B68C3F31303002B05D13B681B689B0E97
S315080060DC03F01F0311E03B681B68BB66BB6E93FAA3
S315080060ECA3F37B667B6EFB66FB6E002B01D120232C
S315080060FC03E0FB6EB3FA83F3DBB29A4206D17B68F4
S3150800610C1B68002203211846FFF71AFB7B681B68DD
S3150800611C1846FFF743FC0346002B40F03F817B688B
S3150800612C18683B6819683B68DB681A46FFF7C4FBB6
S3150800613C3B68DB688E4A934240F030817B6818686E
S3150800614C3B681B68C3F31303002B0BD13B681B6816
S3150800615C9B0E013303F01F03092B94BF0123002365
S3150800616CDBB219E03B681B68FB65FB6D93FAA3F37E
S3150800617CBB65BB6D3B663B6E002B01D1202303E050
S3150800618C3B6EB3FA83F3DBB2013303F01F03092B1F
S3150800619C94BF01230023DBB2002B79D03B681B6824
S315080061ACC3F31303002B07D13B681B689B0E013303
S315080061BC9B0603F0F84215E03B681B683B653B6D94
S315080061CC93FAA3F3FB64FB6C7B657B6D002B01D107
S315080061DC202303E07B6DB3FA83F3DBB201339B0612
S315080061EC03F0F8423B681B68C3F31303002B09D171
S315080061FC3B681B689B0E013303F01F03012101FA50
S3150800620C03F317E03B681B687B647B6C93FAA3F378
S3150800621C3B643B6CBB64BB6C002B01D1202303E0B5
S3150800622CBB6CB3FA83F3DBB2013303F01F03012112
S3150800623C01FA03F342EA03013B681B68C3F3130331
S3150800624C002B0AD13B681B689B0E013303F01F0217
S3150800625C13465B0013441B0518E03B681B68BB63BD
S3150800626CBB6B93FAA3F37B637B6BFB63FB6B002B18
S3150800627C01D1202303E0FB6BB3FA83F3DBB20133C2
S3150800628C03F01F0213465B0013441B050B4380E007
S3150800629C3B681B68C3F31303002B07D13B681B68C9
S315080062AC9B0E01339B0603F0F84215E03B681B680E
S315080062BCFB62FB6A93FAA3F3BB62BB6A3B633B6B59
S315080062CC002B01D1202303E03B6BB3FA83F3DBB23B
S315080062DC01339B0603F0F8423B681B68C3F31303B0
S315080062EC002B09D13B681B689B0E013303F01F0377
S315080062FC012101FA03F317E03B681B683B623B6A12
S3150800630C93FAA3F3FB61FB697B627B6A002B01D1D1
S3150800631C202303E07B6AB3FA83F3DBB2013303F081
S3150800632C1F03012101FA03F342EA03013B681B68C8
S3150800633CC3F31303002B0DD13B681B689B0E01336B
S3150800634C03F01F0213465B0013441E3B1B0543F068
S3150800635C00731DE03B681B687B617B6993FAA3F3AA
S3150800636C3B613B69BB61BB69002B03D1202305E06C
S3150800637C00007F40BB69B3FA83F3DBB2013303F049
S3150800638C1F0213465B0013441E3B1B0543F00073A8
S3150800639C0B433A6892681946FFF762FA3B681A6823
S315080063AC464B1340002B7ED04548FFF75BF9C7F8E0
S315080063BCC4003B681B68434A934224D1D7F8C430BF
S315080063CC03F40003002B1ED17B681B683E4A9342DC
S315080063DC69D1D7F8C43043F4000319463848FFF797
S315080063EC2EF93A4B1B689B09394AA2FB03239B09D6
S315080063FC01335B00FB6002E0FB68013BFB60FB685A
S3150800640C002BF9D14FE03B681B68324A934213D1F3
S3150800641CD7F8C43003F08073002B0DD17B681B684A
S3150800642C2D4A93423FD1D7F8C43043F080731946AE
S3150800643C2348FFF704F936E03B681B68274A934262
S3150800644C13D1D7F8C43003F48003002B0DD17B6825
S3150800645C1B681D4A934226D1D7F8C43043F48003EF
S3150800646C19461748FFF7EBF81DE03B681B681C4AF2
S3150800647C934205D17B681B681846FFF701F912E0B1
S3150800648C3B681B68012B0ED17B681B681846FFF707
S3150800649C0BF908E07B689B6D43F020027B689A65D4
S315080064AC012387F8D7307B68002283F8542097F8A5
S315080064BCD7301846D837BD4680BD00BF00000880C7
S315080064CC00830242000021C300800242040000201F
S315080064DC632D3E050000294300810242000052C785
S315080064EC00005A4780B485B000AF78607B6803F02B
S315080064FC0703FB600C4BDB68BB60BA684FF6FF03FF
S3150800650C1340BB60FB681A02BB68134343F0BF63B6
S3150800651C43F40033BB60044ABB68D36000BF14372E
S3150800652CBD465DF8047B704700ED00E080B400AF13
S3150800653C044BDB681B0A03F007031846BD465DF8D7
S3150800654C047B704700ED00E080B483B000AF0346CF
S3150800655CFB80B7F90630002B0BDBFB8803F01F0218
S3150800656C0749B7F906305B09012000FA02F241F82F
S3150800657C232000BF0C37BD465DF8047B704700BF6F
S3150800658C00E100E080B483B000AF03463960FB80BD
S3150800659CB7F90630002B0ADB3B68DAB20C49B7F9B7
S315080065AC06301201D2B20B4483F800230AE03B688A
S315080065BCDAB20849FB8803F00F03043B1201D2B286
S315080065CC0B441A7600BF0C37BD465DF8047B704742
S315080065DC00E100E000ED00E080B489B000AFF8609F
S315080065ECB9607A60FB6803F00703FB61FB69C3F1CA
S315080065FC0703042B28BF0423BB61FB690433062B52
S3150800660C02D9FB69033B00E000237B614FF0FF32A4
S3150800661CBB6902FA03F3DA43BB681A407B699A40F2
S3150800662C4FF0FF317B6901FA03F3D9437B680B40C2
S3150800663C134318462437BD465DF8047B704780B56E
S3150800664C82B000AF78607868FFF74CFF00BF083758
S3150800665CBD4680BD80B586B000AF0346B9607A608A
S3150800666CFB81FFF763FF78617A68B9687869FFF789
S3150800667CB3FF0246B7F90E3011461846FFF782FFEC
S3150800668C00BF1837BD4680BD80B582B000AF034643
S3150800669CFB80B7F906301846FFF756FF00BF0837D8
S315080066ACBD4680BD80B483B000AF78607B68013B83
S315080066BCB3F1807F01D301230DE00A4A7B68013BC5
S315080066CC5360084B00229A60064B1B68054A43F038
S315080066DC03031360002318460C37BD465DF8047B8C
S315080066EC704700BF10E000E080B483B000AF78605C
S315080066FC7B68042B44D801A252F823F02B670008B8
S3150800670C496700086B6700088D6700081D67000855
S3150800671C1F4B1B681E4A43F00403136031E01C4BE5
S3150800672C1B681B4A23F0040313601A4BD3F8E43096
S3150800673C184A23F00C03C2F8E43022E0144B1B6809
S3150800674C134A23F004031360124BD3F8E43023F0F6
S3150800675C0C03104A43F00403C2F8E43011E00C4B66
S3150800676C1B680B4A23F0040313600A4BD3F8E43076
S3150800677C23F00C03074A43F00803C2F8E43000E0A0
S3150800678C00BF00BF0C37BD465DF8047B704700BFE1
S3150800679C10E000E0000C024480B483B000AF174B45
S315080067AC1B6803F00403002B02D004237B601EE055
S315080067BC134BD3F8E43003F00C033B603B68082B0F
S315080067CC0FD03B68082B0FD83B68002B03D03B68CF
S315080067DC042B03D008E000237B6008E001237B60D0
S315080067EC05E002237B6002E000237B6000BF7B6828
S315080067FC18460C37BD465DF8047B704710E000E080
S3150800680C000C024480B584B000AF7860FEF7D4FE65
S3150800681CF8607B68002B01D10123F0E07B681B68CC
S3150800682C794A934200F09F807B681B68774A9342AB
S3150800683C00F099807B681B68754A934200F0938038
S3150800684C7B681B68734A934200F08D807B681B68D3
S3150800685C714A934200F087807B681B686F4A9342A3
S3150800686C00F081807B681B686D4A93427BD07B68FD
S3150800687C1B686C4A934276D07B681B686A4A9342BB
S3150800688C71D07B681B68694A93426CD07B681B681D
S3150800689C674A934267D07B681B68664A934262D004
S315080068AC7B681B68644A93425DD07B681B68634AA5
S315080068BC934258D07B681B68614A934253D07B68D5
S315080068CC1B68604A93424ED07B681B685E4A9342AB
S315080068DC49D07B681B685D4A934244D07B681B6829
S315080068EC5B4A93423FD07B681B685A4A93423AD01C
S315080068FC7B681B68584A934235D07B681B68574A95
S3150800690C934230D07B681B68554A93422BD07B68E0
S3150800691C1B68544A934226D07B681B68524A93429A
S3150800692C21D07B681B68514A93421CD07B681B6834
S3150800693C4F4A934217D07B681B684E4A934212D033
S3150800694C7B681B684C4A93420DD07B681B684B4A84
S3150800695C934208D07B681B68494A934203D07B68EC
S3150800696C1B68484A93427B68002283F84C207B6854
S3150800697C93F85430DBB2002B0ED17B6800221A66D2
S3150800698C7B6800225A667B6800229A667B6800221E
S3150800699CDA667B6800221A677B68022283F8542021
S315080069AC7B681B685A697B681B6842F006025A6149
S315080069BC0FE0FEF701FE0246FB68D31A052B08D931
S315080069CC7B6810229A657B68032283F8542001237E
S315080069DC15E07B681B685B6903F00103002BE8D1A3
S315080069EC786800F033F97B685A6B7B681A657B68A4
S315080069FC00229A657B68012283F8542000231846E6
S31508006A0C1037BD4680BD00BF5000024050000250F2
S31508006A1CD0000240D00002505001024050010250F2
S31508006A2CD0010240D00102505002024050020250DE
S31508006A3CD0020240D00202505003024050030250CA
S31508006A4CD0030240D003025050100240501002509E
S31508006A5CD0100240D0100250501102405011025072
S31508006A6CD0110240D011025050120240501202505E
S31508006A7CD0120240D012025050130240501302504A
S31508006A8CD0130240D013025080B584B000AF7860A2
S31508006A9CFEF792FDF8607B68002B01D101236BE0B1
S31508006AAC7B6893F85430DBB2022B08D07B68202223
S31508006ABC9A657B68002283F84C2001235CE07B688E
S31508006ACC1B685A697B681B6842F004025A617B682A
S31508006ADC052283F8542020E0FEF76EFD0246FB687B
S31508006AECD31A052B19D97B689B6D43F010027B686A
S31508006AFC9A657B68032283F854207B681B6D03F028
S31508006B0C8003002B03D07B685B6F01221A737B68AA
S31508006B1C002283F84C2001232EE07B681B681B6936
S31508006B2C03F40053002BD7D07B681B685A697B6823
S31508006B3C1B6842F002025A617B68042283F85420CF
S31508006B4C7B681B684FF4FE42DA607B68012283F887
S31508006B5C54207B681B6D03F08003002B07D07B68E1
S31508006B6C5B6F01221A737B681B6800229A647B6828
S31508006B7C002283F84C20002318461037BD4680BDEA
S31508006B8C80B483B000AF78607B68002B01D10123F9
S31508006B9C19E07B6893F85430DBB2022B04D07B687F
S31508006BAC20229A6501230EE07B68042283F8542080
S31508006BBC7B681B685B697A68126843F4005343F078
S31508006BCC04035361002318460C37BD465DF8047B55
S31508006BDC704780B485B000AF786039607B68002B4D
S31508006BEC01D101232BE07B681B6823F47F6323F018
S31508006BFC0F03FB607B681B68C3F30B03503BDB0975
S31508006C0C03F01F03012202FA03F3BB603B6803F08F
S31508006C1C1003002B12D03B6803F01103112B06D17D
S31508006C2CFB685A68BB681A43FB685A6006E0FB683F
S31508006C3C5A68BB68DB431A40FB685A60002318463F
S31508006C4C1437BD465DF8047B7047000080B485B0E8
S31508006C5C00AF78607B681B6AFB607B681B685B69A6
S31508006C6C23F443017B681B68FA680A435A617B68FC
S31508006C7C5A697B68DB691A437B681B691A437B680C
S31508006C8C9B691343FB607B681B68534A934200F06D
S31508006C9CA0807B681B68514A934200F09A807B68F7
S31508006CAC1B684F4A934200F094807B681B684D4AD8
S31508006CBC934200F08E807B681B684B4A934200F027
S31508006CCC88807B681B68494A934200F082807B68FF
S31508006CDC1B68474A93427CD07B681B68454A93429B
S31508006CEC77D07B681B68444A934272D07B681B68D2
S31508006CFC424A93426DD07B681B68414A934268D0DE
S31508006D0C7B681B683F4A934263D07B681B683E4A84
S31508006D1C93425ED07B681B683C4A934259D07B6889
S31508006D2C1B683B4A934254D07B681B68394A93428A
S31508006D3C4FD07B681B68384A93424AD07B681B68DD
S31508006D4C364A934245D07B681B68354A934240D0F5
S31508006D5C7B681B68334A93423BD07B681B68324A74
S31508006D6C934236D07B681B68304A934231D07B6895
S31508006D7C1B682F4A93422CD07B681B682D4A93427A
S31508006D8C27D07B681B682C4A934222D07B681B68E9
S31508006D9C2A4A93421DD07B681B68294A934218D00D
S31508006DAC7B681B68274A934213D07B681B68264A64
S31508006DBC93420ED07B681B68244A934209D07B68A1
S31508006DCC1B68234A934204D07B681B68214A93426A
S31508006DDC42D1012341E000BF50000240500002504E
S31508006DECD0000240D000025050010240500102501F
S31508006DFCD0010240D001025050020240500202500B
S31508006E0CD0020240D00202505003024050030250F6
S31508006E1CD0030240D00302505010024050100250CA
S31508006E2CD0100240D010025050110240501102509E
S31508006E3CD0110240D011025050120240501202508A
S31508006E4CD0120240D0120250501302405013025076
S31508006E5CD0130240D01302500023002B12D07B68AB
S31508006E6CDA6A7B689B6A013B1B0503F07C731A4341
S31508006E7C7B685B6A013B1B0103F47C731343FA685A
S31508006E8C1343FB607B681B681B6C03F080217B68D3
S31508006E9C1B68FA680A431A647B689A687B685B689D
S31508006EACDBB21A437B681B6B1343FB607B68DB689E
S31508006EBCB3F5806F40F0B0807B681B68844A9342B8
S31508006ECC00F0A0807B681B68824A934200F09A8087
S31508006EDC7B681B68804A934200F094807B681B6829
S31508006EEC7E4A934200F08E807B681B687C4A9342EC
S31508006EFC00F088807B681B687A4A934200F082808F
S31508006F0C7B681B68784A93427CD07B681B68774AF7
S31508006F1C934277D07B681B68754A934272D07B681C
S31508006F2C1B68744A93426DD07B681B68724A9342FD
S31508006F3C68D07B681B68714A934263D07B681B6870
S31508006F4C6F4A93425ED07B681B686E4A934259D04F
S31508006F5C7B681B686C4A934254D07B681B686B4AE7
S31508006F6C93424FD07B681B68694A93424AD07B6828
S31508006F7C1B68684A934245D07B681B68664A9342ED
S31508006F8C40D07B681B68654A93423BD07B681B687C
S31508006F9C634A934236D07B681B68624A934231D067
S31508006FAC7B681B68604A93422CD07B681B685F4AD7
S31508006FBC934227D07B681B685D4A934222D07B6834
S31508006FCC1B685C4A93421DD07B681B685A4A9342DD
S31508006FDC18D07B681B68594A934213D07B681B6888
S31508006FEC574A93420ED07B681B68564A934209D07F
S31508006FFC7B681B68544A934204D07B681B68534AC7
S3150800700C934201D1012300E00023002B0DD0FB682D
S3150800701C43F48063FB6008E07B68DB68B3F5007FAC
S3150800702C03D1FB6843F40073FB607B685B6BFA68FF
S3150800703C1343FB607B681B685A6C454B13407A6894
S3150800704C1268F9680B4353647B681B6800229A64C0
S3150800705C7B681B682A4A934222D07B681B68294A9C
S3150800706C93421DD07B681B68274A934218D07B68CD
S3150800707C1B68264A934213D07B681B68304A934296
S3150800708C0ED07B681B682F4A934209D07B681B6815
S3150800709C2D4A934204D07B681B682C4A934201D133
S315080070AC012300E00023002B07D07B681B68002215
S315080070BC5A657B681B6800229A657B681B680022E8
S315080070CCDA6700BF1437BD465DF8047B704700BF0E
S315080070DC5000024050000250D0000240D00002502E
S315080070EC5001024050010250D0010240D00102501A
S315080070FC5002024050020250D0020240D002025006
S3150800710C5003024050030250D0030240D0030250F1
S3150800711C5010024050100250D0100240D0100250AD
S3150800712C5011024050110250D0110240D011025099
S3150800713C5012024050120250D0120240D012025085
S3150800714C5013024050130250D0130240D013025071
S3150800715C0021C03C80B584B000AF78607B68002BFA
S3150800716C01D1012347E17B6893F85C30DBB2002B35
S3150800717C06D17B68002283F85D207868FDF7E2FB70
S3150800718C7B681B689A697B681B6822F010029A61F7
S3150800719CFEF712FAF86012E0FEF70EFA0246FB68E2
S315080071ACD31A0A2B0BD97B681B6E43F001027B683A
S315080071BC1A667B68032283F85C2001231BE17B6833
S315080071CC1B689B6903F00803082BE5D07B681B68D2
S315080071DC9A697B681B6842F001029A61FEF7ECF922
S315080071ECF86012E0FEF7E8F90246FB68D31A0A2B98
S315080071FC0BD97B681B6E43F001027B681A667B68A9
S3150800720C032283F85C200123F5E07B681B689B69E5
S3150800721C03F00103002BE5D07B681B689A697B6831
S3150800722C1B6842F002029A617B681B68744A934297
S3150800723C03D1744A7B685B6813607B681B7C012BE3
S3150800724C08D17B681B689A697B681B6822F0400228
S3150800725C9A6107E07B681B689A697B681B6842F031
S3150800726C40029A617B685B7C012B08D17B681B68A2
S3150800727C9A697B681B6842F480429A6107E07B68CE
S3150800728C1B689A697B681B6822F480429A617B6842
S3150800729C9B7C012B08D17B681B689A697B681B68E9
S315080072AC22F480529A6107E07B681B689A697B68AE
S315080072BC1B6842F480529A617B681B689B6923F4AD
S315080072CC40717B689A687B681B680A439A617B687D
S315080072DC1B689A697B681B6822F0A4029A617B6812
S315080072EC1B681A697B681B6822F010021A617B6896
S315080072FCDB68012B08D17B681B689A697B681B685D
S3150800730C42F004029A612CE07B68DB68002B28D0DB
S3150800731C7B68DB68022B1CD07B681B689A697B68C8
S3150800732C1B6842F080029A617B681B681A697B6845
S3150800733C1B6842F010021A617B68DB68032B10D1BC
S3150800734C7B681B689A697B681B6842F020029A6105
S3150800735C07E07B681B689A697B681B6842F0200209
S3150800736C9A617B689B69013B5A067B68DB69013B22
S3150800737C1B021A437B681B6A013B42EA03017B68C2
S3150800738C5B69013B1A047B681B680A43DA617B68F4
S3150800739C9B68B3F5407F15D17B689B6A5A1E7B6840
S315080073ACDB6A013B1B021A437B681B6B013B1B0107
S315080073BC42EA03017B685B6A013B1A047B681B681B
S315080073CC0A43DA607B681B68D3F8C0107B68DA6BF3
S315080073DC7B681B680A43C3F8C020786800F014F869
S315080073EC7B6800229A657B6800221A667B680122F4
S315080073FC83F85C20002318461037BD4680BD00BFB5
S3150800740C00A4004000A5004080B485B000AF7860A9
S3150800741C2C4BBB607B681B682B4A934203D1BB6819
S3150800742C03F55473BB607B68BA681A647B681B687F
S3150800743CD3F8803023F4F8117B685B6B1A047B68ED
S3150800744C1B680A43C3F88020BB6803F170027B688B
S3150800745C5A647B681B68D3F8803023F070617B68AC
S3150800746C9B6B1A067B681B680A43C3F88020BB68AB
S3150800747C03F1B0027B689A64BB6803F5C4727B6837
S3150800748CDA64BB6803F518727B681A65BB6803F582
S3150800749C1E727B685A65BB68FB6005E0FB680022B8
S315080074AC1A60FB680433FB60BB6803F55473FA680F
S315080074BC9A42F3D300BF00BF1437BD465DF8047B70
S315080074CC704700BF00AC004000A8004080B487B0ED
S315080074DC00AF7860396000233B6142E13B681A686B
S315080074EC01213B6901FA03F31340FB60FB68002B8F
S315080074FC00F034813B685B68022B03D03B685B6801
S3150800750C122B25D13B69DA087B68083253F82230EE
S3150800751C7B613B6903F007039B000F2202FA03F316
S3150800752CDB437A6913407B613B681B6903F00F02E6
S3150800753C3B6903F007039B0002FA03F37A691343CA
S3150800754C7B613B69DA087B680832796943F8221053
S3150800755C7B681B687B613B695B00032202FA03F3B9
S3150800756CDB437A6913407B613B685B6803F0030273
S3150800757C3B695B0002FA03F37A6913437B617B6808
S3150800758C7A691A603B685B68012B0BD03B685B68B1
S3150800759C022B07D03B685B68112B03D03B685B68F2
S315080075AC122B30D17B689B687B613B695B0003229D
S315080075BC02FA03F3DB437A6913407B613B68DA68AA
S315080075CC3B695B0002FA03F37A6913437B617B68B8
S315080075DC7A699A607B685B687B6101223B6902FA6F
S315080075EC03F3DB437A6913407B613B685B681B09D1
S315080075FC03F001023B6902FA03F37A6913437B61D0
S3150800760C7B687A695A603B685B6803F00303032B53
S3150800761C09D13B685B6803F00303032B1BD13B685A
S3150800762C9B68012B17D07B68DB687B613B695B0029
S3150800763C032202FA03F3DB437A6913407B613B6846
S3150800764C9A683B695B0002FA03F37A6913437B6118
S3150800765C7B687A69DA603B685B6803F08053002BB9
S3150800766C7CD0474A3B699B08183352F823307B6118
S3150800767C3B6903F00303DB000F2202FA03F3DB4337
S3150800768C7A6913407B617B689A0A3E4B13403A69C8
S3150800769C02F00302D20093407A6913437B6138499E
S315080076AC3B699B0818337A6941F82320344B1B68CD
S315080076BC7B61FB68DB437A6913407B613B685B68DB
S315080076CC03F48013002B03D07A69FB6813437B61A0
S315080076DC2B4A7B6913602A4B5B687B61FB68DB432F
S315080076EC7A6913407B613B685B6803F40013002BD3
S315080076FC03D07A69FB6813437B61214A7B69536023
S3150800770C1F4BD3F884307B61FB68DB437A691340E3
S3150800771C7B613B685B6803F40033002B03D07A6902
S3150800772CFB6813437B61164A7B69C2F88430144B99
S3150800773CD3F880307B61FB68DB437A6913407B6145
S3150800774C3B685B6803F48033002B03D07A69FB68CB
S3150800775C13437B610A4A7B69C2F880303B69013363
S3150800776C3B613B681A683B6922FA03F3002B7FF4EA
S3150800777CB5AE00BF00BF1C37BD465DF8047B70472D
S3150800778C002002447F7F2F0080B400AF054B1B6896
S3150800779C044A43F00103136000231846BD465DF8FE
S315080077AC047B70470004034080B586B002AF78604E
S315080077BC7B68002B01D10123F3E07B6893F89532A3
S315080077CCDBB2002B06D17B68002283F894227868FA
S315080077DCFDF7F2FC7B68032283F895227B681B680D
S315080077EC184609F0D0FC7B6818687B681A7C8DF8FB
S315080077FC002004330ECB09F0A8FC0346002B05D059
S3150800780C7B68022283F895220123CAE07B681B68F1
S3150800781C0021184609F0CCFC0346002B05D07B68E2
S3150800782C022283F895220123BBE00023FB733FE079
S3150800783CFA7B796813469B001344DB000B4415331B
S3150800784C01221A70FA7B796813469B001344DB00F5
S3150800785C0B441433FA7B1A70FA7B796813469B002F
S3150800786C1344DB000B44173300221A70FA7B796831
S3150800787C13469B001344DB000B44243300221A6086
S3150800788CFA7B796813469B001344DB000B442833B8
S3150800789C00221A60FB7B79685A1C13469B0013441A
S315080078ACDB000B44043300221A60FB7B0133FB73A9
S315080078BC7B681B79FA7B9A42BAD30023FB7344E0A4
S315080078CCFA7B796813469B001344DB000B4403F2DE
S315080078DC551300221A70FA7B796813469B001344D9
S315080078ECDB000B4403F5AA73FA7B1A70FA7B7968EA
S315080078FC13469B001344DB000B4403F25713002278
S3150800790C1A70FA7B796813469B001344DB000B4408
S3150800791C03F5B27300221A60FA7B796813469B004A
S3150800792C1344DB000B4403F5B47300221A60FA7B8C
S3150800793C796813469B001344DB000B4403F5B673B6
S3150800794C00221A60FB7B0133FB737B681B79FA7B7D
S3150800795C9A42B5D37B6818687B681A7C8DF8002028
S3150800796C04330ECB09F047FC0346002B05D07B6885
S3150800797C022283F89522012313E07B6800225A74AD
S3150800798C7B68012283F895227B681B7B012B02D12D
S3150800799C786800F00AF87B681B68184609F04EFCF4
S315080079AC002318461037BD4680BD80B485B000AF9D
S315080079BC78607B681B68FB607B680122C3F8D82259
S315080079CC7B68002283F8CC22FB685B6D43F00102CE
S315080079DCFB685A65FB685B6D43F00202FB685A65E7
S315080079EC002318461437BD465DF8047B7047000023
S315080079FC80B400AF054B9B6B044A43F0007393634A
S31508007A0C00BFBD465DF8047B704700BF0008024402
S31508007A1C80B588B000AF78607B68002B02D1012353
S31508007A2C00F028BC944BDB6903F01803FB61924BFE
S31508007A3C9B6A03F00303BB617B681B6803F01003A6
S31508007A4C002B5BD0FB69082B05D0FB69182B14D1CE
S31508007A5CBB69022B11D17B68DB69002B02D1012390
S31508007A6C00F008BC844B9B6923F47C127B681B6A68
S31508007A7C1B04814913438B6140E07B68DB69002B4F
S31508007A8C23D07D4B1B687C4A43F480731360FDF747
S31508007A9C93FD786108E0FDF78FFD02467B69D31AE2
S31508007AAC022B01D90323E5E3734B1B6803F400731C
S31508007ABC002BF0D0704B9B6923F47C127B681B6AF5
S31508007ACC1B046D4913438B6118E06B4B1B686A4AA0
S31508007ADC23F480731360FDF76FFD786108E0FDF7FA
S31508007AEC6BFD02467B69D31A022B01D90323C1E32A
S31508007AFC614B1B6803F40073002BF0D17B681B6881
S31508007B0C03F00103002B00F0A080FB69102B05D0B5
S31508007B1CFB69182B09D1BB69032B06D17B685B68FB
S31508007B2C002B40F092800123A4E37B685B68B3F5D5
S31508007B3C803F06D1504B1B684F4A43F48033136081
S31508007B4C58E07B685B68002B12D14B4B1B684A4A82
S31508007B5C23F480331360484B1B68474A23F480137D
S31508007B6C1360454B1B68444A23F48023136041E099
S31508007B7C7B685B68B3F5A02F12D13F4B1B683E4A56
S31508007B8C43F4802313603C4B1B683B4A23F4801355
S31508007B9C1360394B1B68384A43F48033136029E069
S31508007BAC7B685B68B3F5A81F12D1334B1B68324A46
S31508007BBC43F480231360304B1B682F4A43F480131D
S31508007BCC13602D4B1B682C4A43F48033136011E069
S31508007BDC294B1B68284A23F480331360264B1B68F1
S31508007BEC254A23F480231360234B1B68224A23F46B
S31508007BFC801313607B685B68002B13D0FDF7DCFCE5
S31508007C0C786108E0FDF7D8FC02467B69D31A642B29
S31508007C1C01D903232EE3184B1B6803F40033002BFE
S31508007C2CF0D012E0FDF7C8FC786108E0FDF7C4FC5B
S31508007C3C02467B69D31A642B01D903231AE30E4B2C
S31508007C4C1B6803F40033002BF0D17B681B6803F028
S31508007C5C0203002B00F09A80FB69002B05D0FB6908
S31508007C6C182B49D1BB69012B46D17B68DB68002BE5
S31508007C7C04D10123FEE200BF000C0244FB69002B71
S31508007C8C1CD19A4B1B6803F018027B681B699A4235
S31508007C9C14D0964B1B6823F018027B681B69934912
S31508007CAC13430B6000F0D0FD914B1B681846FDF78B
S31508007CBCF9FB0346002B01D00123DBE2FDF77CFC24
S31508007CCC786108E0FDF778FC02467B69D31A022B2B
S31508007CDC01D90323CEE2854B1B6803F00203002B64
S31508007CECF0D0824B1B6923F4FE027B685B691B048C
S31508007CFC7E4913430B6149E07B68DB68002B2CD06B
S31508007D0C7A4B1B6823F018027B681B697749134367
S31508007D1C0B60764B1B68754A43F001031360FDF73D
S31508007D2C4BFC786108E0FDF747FC02467B69D31AE1
S31508007D3C022B01D903239DE26C4B1B6803F002034B
S31508007D4C002BF0D0694B1B6923F4FE027B685B6938
S31508007D5C1B04664913430B6118E0644B1B68634AA2
S31508007D6C23F001031360FDF727FC786108E0FDF7A3
S31508007D7C23FC02467B69D31A022B01D9032379E229
S31508007D8C5A4B1B6803F00203002BF0D17B681B6867
S31508007D9C03F00803002B3CD07B689B69002B1CD096
S31508007DAC524BD3F8F030514A43F08063C2F8F030A6
S31508007DBCFDF702FC786108E0FDF7FEFB02467B69DD
S31508007DCCD31A022B01D9032354E2484BD3F8F030CB
S31508007DDC03F00063002BEFD01BE0444BD3F8F030D4
S31508007DEC424A23F08063C2F8F030FDF7E5FB786170
S31508007DFC08E0FDF7E1FB02467B69D31A022B01D991
S31508007E0C032337E2394BD3F8F03003F00063002B29
S31508007E1CEFD17B681B6803F00403002B00F0D280BB
S31508007E2C344B5B6A03F00103002B18D1314B5B6AA8
S31508007E3C304A43F001035362FDF7BEFB786108E054
S31508007E4CFDF7BAFB02467B69D31A022B01D9032329
S31508007E5C10E2284B5B6A03F00103002BF0D07B6819
S31508007E6C9B68012B08D1214BD3F8F0301F4A43F0FD
S31508007E7C0103C2F8F03074E07B689B68002B18D1BC
S31508007E8C1A4BD3F8F030194A23F00103C2F8F03034
S31508007E9C164BD3F8F030154A23F08003C2F8F030AD
S31508007EAC124BD3F8F030114A23F00403C2F8F03021
S31508007EBC57E07B689B68052B1ED10C4BD3F8F0302A
S31508007ECC0A4A43F00403C2F8F030084BD3F8F030F2
S31508007EDC064A23F08003C2F8F030044BD3F8F0308E
S31508007EEC024A43F00103C2F8F0303AE0000C0244AF
S31508007EFC08000020000802447B689B68852B18D173
S31508007F0CA24BD3F8F030A14A43F00403C2F8F03080
S31508007F1C9E4BD3F8F0309D4A43F08003C2F8F030FC
S31508007F2C9A4BD3F8F030994A43F00103C2F8F03073
S31508007F3C17E0964BD3F8F030944A23F00103C2F8B5
S31508007F4CF030924BD3F8F030904A23F00403C2F881
S31508007F5CF0308E4BD3F8F0308C4A23F08003C2F8FD
S31508007F6CF0307B689B68002B16D0FDF725FB7861F3
S31508007F7C0AE0FDF721FB02467B69D31A41F28832E7
S31508007F8C934201D9032375E1804BD3F8F03003F003
S31508007F9C0203002BEDD015E0FDF70EFB78610AE025
S31508007FACFDF70AFB02467B69D31A41F288329342E3
S31508007FBC01D903235EE1754BD3F8F03003F00203C5
S31508007FCC002BEDD17B681B6803F02003002B36D001
S31508007FDC7B685B6A002B19D06C4B1B686B4A43F4A5
S31508007FEC80531360FDF7E8FA786108E0FDF7E4FAC8
S31508007FFC02467B69D31A022B01D903233AE1634B58
S3150800800C1B6803F40053002BF0D018E05F4B1B6879
S3150800801C5E4A23F480531360FDF7CEFA786108E0C4
S3150800802CFDF7CAFA02467B69D31A022B01D9032338
S3150800803C20E1564B1B6803F40053002BF0D17B68E8
S3150800804C9B6A002B00F01581FB69182B00F0AF809A
S3150800805C7B689B6A022B40F086804C4B1B684B4A0C
S3150800806C23F080731360FDF7A7FA786108E0FDF733
S3150800807CA3FA02467B69D31A022B01D90323F9E02A
S3150800808C424B1B6803F00073002BF0D13F4B9B6AE5
S3150800809C23F47C5323F003037A68D16A7A68126B4B
S315080080AC12020A43394913438B627B685B6B013BAB
S315080080BCC3F308027B689B6B013B5B029BB21A43BA
S315080080CC7B68DB6B013B1B0403F4FE031A437B68DA
S315080080DC1B6C013B1B0603F0FE432C4913434B63F5
S315080080EC2A4B9B6A294A23F0100393627B68DB6C44
S315080080FC264ADB009363254B9B6A244A43F01003FC
S3150800810C9362224B9B6A23F00C027B685B6C1F49BB
S3150800811C13438B621D4B9B6A23F020027B689B6C76
S3150800812C1A4913438B62194B9B6A184A43F48033DA
S3150800813C9362164B1B68154A43F080731360FDF760
S3150800814C3BFA786108E0FDF737FA02467B69D31AE1
S3150800815C022B01D903238DE00C4B1B6803F000732B
S3150800816C002BF0D085E0094B1B68084A23F0807376
S3150800817C1360FDF721FA78610AE0FDF71DFA02464D
S3150800818C7B69D31A022B03D9032373E0000C024430
S3150800819C3A4B1B6803F00073002BEED1374B9B6AE6
S315080081AC364A23F4E02323F00303936261E0334B4E
S315080081BC9B6A3B61314B5B6BFB607B689B6A012B53
S315080081CC31D03B6903F003027B68DB6A9A422AD1F9
S315080081DC3B691B0A03F03F027B681B6B9A4222D150
S315080081ECFB68C3F308027B685B6B013B9A421AD1A6
S315080081FCFB685B0A03F07F027B689B6B013B9A4228
S3150800820C11D1FB681B0C03F07F027B68DB6B013B0F
S3150800821C9A4208D1FB681B0E03F07F027B681B6C25
S3150800822C013B9A4201D0012324E0144B9B6BDB08DB
S3150800823CC3F30C027B68DB6C9A421AD00F4B9B6A11
S3150800824C0E4A23F010039362FDF7B6F9786100BF66
S3150800825CFDF7B2F902467B699342F9D07B68DB6C71
S3150800826C064ADB009363054B9B6A044A43F01003EA
S3150800827C9362002318462037BD4680BD000C024485
S3150800828C80B584B000AF786039607B68002B01D16B
S3150800829C01239EE1834B1B6803F00F033A689A424D
S315080082AC10D9804B1B6823F00F027E493B68134399
S315080082BC0B607C4B1B6803F00F033A689A4201D09B
S315080082CC012386E17B681B6803F01003002B12D090
S315080082DC7B685A69744B1B6A1B0A03F070039A4233
S315080082EC09D9714B1B6A23F4E0427B685B691B0254
S315080082FC6D4913430B627B681B6803F00803002B5C
S3150800830C12D07B681A69684B1B6A1B0903F0700349
S3150800831C9A4209D9644B1B6A23F4E0627B681B6991
S3150800832C1B01614913430B627B681B6803F004034A
S3150800833C002B10D07B68DA685B4B1B6A03F0700362
S3150800834C9A4208D9584B1B6A23F070027B68DB6883
S3150800835C554913430B627B681B6803F00203002B19
S3150800836C10D07B689A68504B1B6A03F00F039A422D
S3150800837C08D94D4B1B6A23F00F027B689B684A4948
S3150800838C13430B627B681B6803F00103002B00F098
S3150800839C93807B685B68032B07D1434B1B6803F000
S315080083AC0073002B21D1012313E17B685B68022B38
S315080083BC07D13D4B1B6803F40033002B15D1012361
S315080083CC07E17B685B68012B07D1374B1B6803F405
S315080083DC0073002B09D10123FBE0334B1B6803F018
S315080083EC0203002B01D10123F3E02F4BDB6923F0A9
S315080083FC03027B685B682C491343CB61FDF7DCF8F9
S3150800840CF8607B685B68032B12D10AE0FDF7D4F899
S3150800841C0246FB68D31A41F28832934201D90323E8
S3150800842CD7E0214BDB6903F01803182BEED143E098
S3150800843C7B685B68022B12D10AE0FDF7BDF8024691
S3150800844CFB68D31A41F28832934201D90323C0E060
S3150800845C154BDB6903F01803102BEED12CE07B6867
S3150800846C5B68012B22D10AE0FDF7A6F80246FB68E9
S3150800847CD31A41F28832934201D90323A9E00A4B55
S3150800848CDB6903F01803082BEED115E0FDF794F819
S3150800849C0246FB68D31A41F28832934206D9032363
S315080084AC97E000BF00200240000C02444B4BDB69EE
S315080084BC03F01803002BE9D17B681B6803F0020351
S315080084CC002B10D07B689A68444B1B6A03F00F0389
S315080084DC9A4208D2414B1B6A23F00F027B689B68B1
S315080084EC3E4913430B623E4B1B6803F00F033A6875
S315080084FC9A4210D23A4B1B6823F00F0238493B6854
S3150800850C13430B60364B1B6803F00F033A689A4209
S3150800851C01D001235DE07B681B6803F00403002B84
S3150800852C10D07B68DA682D4B1B6A03F070039A42ED
S3150800853C08D22A4B1B6A23F070027B68DB68274932
S3150800854C13430B627B681B6803F00803002B12D0DD
S3150800855C7B681A69214B1B6A1B0903F070039A4244
S3150800856C09D21E4B1B6A23F4E0627B681B691B014C
S3150800857C1A4913430B627B681B6803F01003002B24
S3150800858C12D07B685A69154B1B6A1B0A03F07003D9
S3150800859C9A4209D2114B1B6A23F4E0427B685B6949
S315080085AC1B020E4913430B6200F022F802460B4BD2
S315080085BC1B6A03F00F030B49CB5C22FA03F30A4A36
S315080085CC13600A4B1B681846FCF76CFF0346FB72D4
S315080085DCFB7A18461037BD4680BD00BF000C024416
S315080085EC00200240901D010804000020080000200D
S315080085FC80B489B000AF8C4BDB6903F01803082BE9
S3150800860C02D18A4BFB6107E1874BDB6903F0180340
S3150800861C002B12D1844B1B6803F02003002B09D0C6
S3150800862C814B1B68DB0803F00303814A22FA03F328
S3150800863CFB61F1E07E4BFB61EEE07B4BDB6903F003
S3150800864C1803102B02D17B4BFB61E5E0764BDB69FB
S3150800865C03F01803182B40F0DD80734B9B6A03F06C
S3150800866C03037B61704B9B6A1B0A03F03F033B6158
S3150800867C6D4B9B6A1B0903F00103FB606A4B9B6BF2
S3150800868CDB08C3F30C03FA6802FB03F307EE903A14
S3150800869CF8EE677AC7ED027A3B69002B00F0B780D3
S315080086AC7B69012B03D07B69032B56D077E05E4B95
S315080086BC1B6803F02003002B2DD05B4B1B68DB08D3
S315080086CC03F003035A4A22FA03F37B607B6807EE2E
S315080086DC903AF8EE676A3B6907EE903AF8EE677AD5
S315080086EC86EEA77A504B5B6BC3F3080307EE903AFA
S315080086FCF8EE676A97ED026ADFED4F5AC6EE257AF1
S3150800870C76EEA77AF7EE006A77EEA67A67EE277A00
S3150800871CC7ED067A65E03B6907EE903AF8EE677A9C
S3150800872CDFED466A86EEA77A3F4B5B6BC3F308030D
S3150800873C07EE903AF8EE676A97ED026ADFED3E5A55
S3150800874CC6EE257A76EEA77AF7EE006A77EEA67A63
S3150800875C67EE277AC7ED067A43E03B6907EE903A4F
S3150800876CF8EE677ADFED366A86EEA77A2E4B5B6BE8
S3150800877CC3F3080307EE903AF8EE676A97ED026AB8
S3150800878CDFED2D5AC6EE257A76EEA77AF7EE006A55
S3150800879C77EEA67A67EE277AC7ED067A21E03B696B
S315080087AC07EE903AF8EE677ADFED266A86EEA77A38
S315080087BC1D4B5B6BC3F3080307EE903AF8EE676A3A
S315080087CC97ED026ADFED1C5AC6EE257A76EEA77A85
S315080087DCF7EE006A77EEA67A67EE277AC7ED067A81
S315080087EC00BF114B5B6B5B0A03F07F0301333B60E5
S315080087FC3B6807EE903AB8EE677AD7ED066AC6EE8E
S3150800880C877AFCEEE77A17EE903AFB6104E00023D0
S3150800881CFB6101E0064BFB61FB6918462437BD4634
S3150800882C5DF8047B704700BF000C024400093D004C
S3150800883C0090D0030024F400000000460024744C79
S3150800884C0024744B0024744A80B500AFFFF7D0FEA1
S3150800885C0246084B1B6A03F00F030749CB5C03F06F
S3150800886C1F0322FA03F3054A1360044B1B681846C8
S3150800887C80BD00BF000C0244901D010804000020B6
S3150800888C80B500AFFFF7E0FF0246064B1B6A1B09D3
S3150800889C03F007030449CB5C03F01F0322FA03F326
S315080088AC184680BD000C0244A01D010880B500AF17
S315080088BCFFF7CAFF0246064B1B6A1B0A03F007039F
S315080088CC0449CB5C03F01F0322FA03F3184680BD58
S315080088DC000C0244A01D010880B500AFFFF7B4FFD9
S315080088EC0246064B1B6A1B0B03F007030449CB5CB9
S315080088FC03F01F0322FA03F3184680BD000C02444A
S3150800890CA01D01082DE9B04FD8B000AFC7F84C012F
S3150800891C002387F85B31002387F85A31D7F84C3196
S3150800892CD3E9002302F08074002554EA05030BD022
S3150800893CCD4BD3F8E83023F04041D7F84C319B6D3A
S3150800894CC94A0B43C2F8E830D7F84C31D3E90023AF
S3150800895C02F001084FF0000958EA090342D0D7F88B
S3150800896C4C31DB6D052B23D801A252F823F000BF3E
S3150800897CC589000895890008A9890008C5890008D1
S3150800898CC5890008C5890008D7F84C31083318463C
S3150800899C04F0E8FE034687F85B310EE0D7F84C3155
S315080089AC3033184604F076FF034687F85B3104E04B
S315080089BC012387F85B3100E000BF97F85B31002B89
S315080089CC0CD1A94BD3F8D83023F00701D7F84C3182
S315080089DCDB6DA54A0B43C2F8D83003E097F85B3138
S315080089EC87F85A31D7F84C31D3E9002302F0020A3A
S315080089FC4FF0000B5AEA0B0300F08880D7F84C317D
S31508008A0C1B6E282B68D801A252F823F0ED8A0008B1
S31508008A1CE58A0008E58A0008E58A0008E58A000860
S31508008A2CE58A0008E58A0008E58A0008BD8A000878
S31508008A3CE58A0008E58A0008E58A0008E58A000840
S31508008A4CE58A0008E58A0008E58A0008D18A000844
S31508008A5CE58A0008E58A0008E58A0008E58A000820
S31508008A6CE58A0008E58A0008E58A0008ED8A000808
S31508008A7CE58A0008E58A0008E58A0008E58A000800
S31508008A8CE58A0008E58A0008E58A0008ED8A0008E8
S31508008A9CE58A0008E58A0008E58A0008E58A0008E0
S31508008AACE58A0008E58A0008E58A0008ED8A0008C8
S31508008ABCD7F84C310833184604F054FE034687F8A9
S31508008ACC5B310EE0D7F84C313033184604F0E2FE31
S31508008ADC034687F85B3104E0012387F85B3100E035
S31508008AEC00BF97F85B31002B0CD15F4BD3F8D8300D
S31508008AFC23F03801D7F84C311B6E5B4A0B43C2F88E
S31508008B0CD83003E097F85B3187F85A31D7F84C31EF
S31508008B1CD3E9002302F00403C7F840310023C7F851
S31508008B2C4431D7E950120B4613434ED0D7F84C3183
S31508008B3C5B6EB3F5A07F2CD0B3F5A07F25D8B3F523
S31508008B4C807F28D0B3F5807F1FD8C02B25D0C02BAB
S31508008B5C1BD8802B0FD0802B17D8002B1FD0402B5F
S31508008B6C13D1D7F84C310833184604F0FBFD0346ED
S31508008B7C87F85B3114E0D7F84C313033184604F0DB
S31508008B8C89FE034687F85B310AE0012387F85B31D7
S31508008B9C06E000BF04E000BF02E000BF00E000BF33
S31508008BAC97F85B31002B0CD12F4BD3F8D83023F424
S31508008BBCE071D7F84C315B6E2B4A0B43C2F8D830B0
S31508008BCC03E097F85B3187F85A31D7F84C31D3E97B
S31508008BDC002302F00803C7F838310023C7F83C31E4
S31508008BECD7E94E120B46134356D0D7F84C319B6E29
S31508008BFCB3F5206F31D0B3F5206F2AD8B3F5006FD3
S31508008C0C2DD0B3F5006F24D8B3F5C06F29D0B3F5C2
S31508008C1CC06F1ED8B3F5806F11D0B3F5806F18D816
S31508008C2C002B23D0B3F5007F13D1D7F84C3108337A
S31508008C3C184604F097FD034687F85B3117E0D7F81A
S31508008C4C4C313033184604F025FE034687F85B3161
S31508008C5C0DE0012387F85B3109E000BF07E000BF90
S31508008C6C05E000BF03E000BF000C024400BF97F804
S31508008C7C5B31002B0CD1BB4BD3F8D83023F4606195
S31508008C8CD7F84C319B6EB74A0B43C2F8D83003E081
S31508008C9C97F85B3187F85A31D7F84C31D3E900236A
S31508008CAC02F01003C7F830310023C7F83431D7E97E
S31508008CBC4C120B46134353D0D7F84C31DB6EB3F535
S31508008CCCA04F31D0B3F5A04F2AD8B3F5804F2DD08D
S31508008CDCB3F5804F24D8B3F5405F29D0B3F5405F80
S31508008CEC1ED8B3F5005F11D0B3F5005F18D8002B6A
S31508008CFC20D0B3F5805F13D1D7F84C31083318461A
S31508008D0C04F030FD034687F85B3114E0D7F84C3194
S31508008D1C3033184604F0BEFD034687F85B310AE08B
S31508008D2C012387F85B3106E000BF04E000BF02E0D0
S31508008D3C00BF00E000BF97F85B31002B0CD1894BC4
S31508008D4CD3F8D83023F4E041D7F84C31DB6E854A9A
S31508008D5C0B43C2F8D83003E097F85B3187F85A31E1
S31508008D6CD7F84C31D3E9002302F02003C7F8283191
S31508008D7C0023C7F82C31D7E94A120B46134353D0B4
S31508008D8CD7F84C311B6FB3F5203F31D0B3F5203FE4
S31508008D9C2AD8B3F5003F2DD0B3F5003F24D8B3F548
S31508008DACC03F29D0B3F5C03F1ED8B3F5803F11D0CC
S31508008DBCB3F5803F18D8002B20D0B3F5004F13D14C
S31508008DCCD7F84C310833184604F0CCFC034687F820
S31508008DDC5B3114E0D7F84C313033184604F05AFDA1
S31508008DEC034687F85B310AE0012387F85B3106E016
S31508008DFC00BF04E000BF02E000BF00E000BF97F828
S31508008E0C5B31002B0CD1574BD3F8D83023F4603197
S31508008E1CD7F84C311B6F534A0B43C2F8D83003E0D2
S31508008E2C97F85B3187F85A31D7F84C31D3E90023D8
S31508008E3C02F04003C7F820310023C7F82431D7E9DC
S31508008E4C48120B46134353D0D7F84C315B6FB3F526
S31508008E5CA01F31D0B3F5A01F2AD8B3F5801F2DD08B
S31508008E6CB3F5801F24D8B3F5402F29D0B3F5402F7E
S31508008E7C1ED8B3F5002F11D0B3F5002F18D8002B38
S31508008E8C20D0B3F5802F13D1D7F84C3108331846B8
S31508008E9C04F068FC034687F85B3114E0D7F84C31CC
S31508008EAC3033184604F0F6FC034687F85B310AE0C3
S31508008EBC012387F85B3106E000BF04E000BF02E03F
S31508008ECC00BF00E000BF97F85B31002B0CD1254B97
S31508008EDCD3F8D83023F4E011D7F84C315B6F214A1C
S31508008EEC0B43C2F8D83003E097F85B3187F85A3150
S31508008EFCD7F84C31D3E9002302F08003C7F81831B0
S31508008F0C0023C7F81C31D7E946120B46134355D034
S31508008F1CD7F84C319B6FB3F5200F33D0B3F5200F30
S31508008F2C2CD8B3F5000F2FD0B3F5000F26D8B3F510
S31508008F3CC00F2BD0B3F5C00F20D8B3F5800F13D0C4
S31508008F4CB3F5800F1AD8002B22D0B3F5001F15D114
S31508008F5CD7F84C310833184604F004FC034687F856
S31508008F6C5B3116E0000C0244D7F84C313033184606
S31508008F7C04F090FC034687F85B310AE0012387F876
S31508008F8C5B3106E000BF04E000BF02E000BF00E072
S31508008F9C00BF97F85B31002B0CD1BB4BD3F8D830FC
S31508008FAC23F46001D7F84C319B6FB74A0B43C2F8D0
S31508008FBCD83003E097F85B3187F85A31D7F84C313B
S31508008FCCD3E9002302F48073C7F810310023C7F8DD
S31508008FDC1431D7E944120B46134353D0D7F84C3106
S31508008FECDB6FB3F1A06F31D0B3F1A06F2AD8B3F110
S31508008FFC806F2DD0B3F1806F24D8B3F1407F29D080
S3150800900CB3F1407F1ED8B3F1007F11D0B3F1007FC6
S3150800901C18D8002B20D0B3F1807F13D1D7F84C3158
S3150800902C0833184604F09EFB034687F85B3114E0B8
S3150800903CD7F84C313033184604F02CFC034687F825
S3150800904C5B310AE0012387F85B3106E000BF04E0D8
S3150800905C00BF02E000BF00E000BF97F85B31002BB1
S3150800906C0CD1894BD3F8D83023F0E061D7F84C31C2
S3150800907CDB6F854A0B43C2F8D83003E097F85B31AF
S3150800908C87F85A31D7F84C31D3E9002302F4007328
S3150800909CC7F808310023C7F80C31D7E942120B463A
S315080090AC134355D0D7F84C31D3F88030B3F1205F41
S315080090BC31D0B3F1205F2AD8B3F1005F2DD0B3F1CC
S315080090CC005F24D8B3F1C05F29D0B3F1C05F1ED8B6
S315080090DCB3F1805F11D0B3F1805F18D8002B20D084
S315080090ECB3F1006F13D1D7F84C310833184604F096
S315080090FC39FB034687F85B3114E0D7F84C3130332B
S3150800910C184604F0C7FB034687F85B310AE00123CF
S3150800911C87F85B3106E000BF04E000BF02E000BF41
S3150800912C00E000BF97F85B31002B0DD1564BD3F8F6
S3150800913CD83023F06051D7F84C31D3F88030524AE6
S3150800914C0B43C2F8D83003E097F85B3187F85A31ED
S3150800915CD7F84C31D3E9002302F48063C7F8003101
S3150800916C0023C7F80431D7E940120B46134344D001
S3150800917CD7F84C31D3F88430052B23D801A252F8F2
S3150800918C23F000BFD9910008A9910008BD910008E9
S3150800919CD9910008D9910008D9910008D7F84C3113
S315080091AC0833184604F0DEFA034687F85B310EE0FE
S315080091BCD7F84C313033184604F06CFB034687F865
S315080091CC5B3104E0012387F85B3100E000BF97F8B8
S315080091DC5B31002B0DD12C4BD3F8DC3023F0070177
S315080091ECD7F84C31D3F88430274A0B43C2F8DC3015
S315080091FC03E097F85B3187F85A31D7F84C31D3E945
S3150800920C002302F40063C7F8F8300023C7F8FC30D3
S3150800921CD7E93E120B4613434FD0D7F84C31D3F847
S3150800922C8830502B29D0502B23D8402B27D0402BB5
S3150800923C1FD8302B25D0302B1BD8202B0FD0202B0A
S3150800924C17D8002B22D0102B13D1D7F84C31083352
S3150800925C184604F087FA034687F85B3117E0D7F807
S3150800926C4C313033184604F015FB034687F85B314E
S3150800927C0DE0012387F85B3109E000BF07E000BF6A
S3150800928C05E000BF03E000BF000C024400BF97F8DE
S3150800929C5B31002B0DD1AF4BD3F8DC3023F07001CA
S315080092ACD7F84C31D3F88830AA4A0B43C2F8DC30CD
S315080092BC03E097F85B3187F85A31D7F84C31D3E984
S315080092CC002302F48053C7F8F0300023C7F8F430B3
S315080092DCD7E93C120B46134355D0D7F84C31D3F883
S315080092EC8C30B3F1A06F31D0B3F1A06F2AD8B3F19B
S315080092FC806F2DD0B3F1806F24D8B3F1407F29D07D
S3150800930CB3F1407F1ED8B3F1007F11D0B3F1007FC3
S3150800931C18D8002B20D0B3F1807F13D1D7F84C3155
S3150800932C0833184604F01EFA034687F85B3114E036
S3150800933CD7F84C313033184604F0ACFA034687F8A4
S3150800934C5B310AE0012387F85B3106E000BF04E0D5
S3150800935C00BF02E000BF00E000BF97F85B31002BAE
S3150800936C0DD17C4BD3F8E03023F0E061D7F84C31C3
S3150800937CD3F88C30774A0B43C2F8E03003E097F801
S3150800938C5B3187F85A31D7F84C31D3E9002302F40C
S3150800939C0053C7F8E8300023C7F8EC30D7E93A127F
S315080093AC0B4613433DD0D7F84C31D3F89030B3F570
S315080093BC403F1BD0B3F5403F14D8B3F5003F17D048
S315080093CCB3F5003F0ED8002B14D0B3F5803F09D166
S315080093DCD7F84C313033184604F05CFA034687F854
S315080093EC5B3108E0012387F85B3104E000BF02E03B
S315080093FC00BF00E000BF97F85B31002B0DD1554B31
S3150800940CD3F8E43023F44031D7F84C31D3F8903004
S3150800941C504A0B43C2F8E43003E097F85B3187F8FF
S3150800942C5A31D7F84C31D3E9002302F48043C7F8F4
S3150800943CE0300023C7F8E430D7E938120B4613435B
S3150800944C3DD0D7F84C31D3F89430B3F5402F1BD018
S3150800945CB3F5402F14D8B3F5002F17D0B3F5002F5A
S3150800946C0ED8002B14D0B3F5802F09D1D7F84C3170
S3150800947C3033184604F00EFA034687F85B3108E0D9
S3150800948C012387F85B3104E000BF02E000BF00E06F
S3150800949C00BF97F85B31002B0DD12E4BD3F8E43077
S315080094AC23F44021D7F84C31D3F89430294A0B438E
S315080094BCC2F8E43003E097F85B3187F85A31D7F8ED
S315080094CC4C31D3E9002302F40043C7F8D830002303
S315080094DCC7F8DC30D7E936120B46134340D0D7F819
S315080094EC4C31D3F89830B3F5401F1BD0B3F5401F59
S315080094FC14D8B3F5001F17D0B3F5001F0ED8002BE0
S3150800950C14D0B3F5801F09D1D7F84C31303318462F
S3150800951C04F0C0F9034687F85B3108E0012387F8A5
S3150800952C5B3104E000BF02E000BF00E000BF97F823
S3150800953C5B31002B10D1074BD3F8E43023F44011E0
S3150800954CD7F84C31D3F89830024A0B43C2F8E430BA
S3150800955C06E000BF000C024497F85B3187F85A31D5
S3150800956CD7F84C31D3E900230021C7F8D01003F4FF
S3150800957C8063C7F8D430D7E934120B4613433DD071
S3150800958CD7F84C31D3F89C30B3F5400F1BD0B3F554
S3150800959C400F14D8B3F5000F17D0B3F5000F0ED83B
S315080095AC002B14D0B3F5800F09D1D7F84C313033D2
S315080095BC184604F06FF9034687F85B3108E0012377
S315080095CC87F85B3104E000BF02E000BF00E000BF93
S315080095DC97F85B31002B0DD1BE4BD3F8E43023F44E
S315080095EC4001D7F84C31D3F89C30BA4A0B43C2F831
S315080095FCE43003E097F85B3187F85A31D7F84C31E9
S3150800960CD3E9002302F48033C7F8C8300023C7F81F
S3150800961CCC30D7E932120B46134335D0D7F84C3138
S3150800962CD3F8A030B3F1007F15D0B3F1007F0ED874
S3150800963C002B12D0B3F1807F09D1D7F84C313033D7
S3150800964C184604F027F9034687F85B3106E0012330
S3150800965C87F85B3102E000BF00E000BF97F85B318A
S3150800966C002B0DD19B4BD3F8E43023F04071D7F87F
S3150800967C4C31D3F8A030974A0B43C2F8E43003E0D8
S3150800968C97F85B3187F85A31D7F84C31D3E9002370
S3150800969C0021C7F8C01003F40063C7F8C430D7E933
S315080096AC30120B4613430ED08A4BDB69894A23F4D6
S315080096BC0043D361874BD969D7F84C31D3F80431B9
S315080096CC844A0B43D361D7F84C31D3E9002302F40F
S315080096DC0033C7F8B8300023C7F8BC30D7E92E12C8
S315080096EC0B46134355D0D7F84C31D3F8A430B3F501
S315080096FCA06F31D0B3F5A06F2AD8B3F5806F2DD0F3
S3150800970CB3F5806F24D8B3F5407F29D0B3F5407FE5
S3150800971C1ED8B3F5007F11D0B3F5007F18D8002BEF
S3150800972C20D0B3F5807F13D1D7F84C3108331846BF
S3150800973C04F018F8034687F85B3114E0D7F84C3177
S3150800974C3033184604F0A6F8034687F85B310AE06E
S3150800975C012387F85B3106E000BF04E000BF02E096
S3150800976C00BF00E000BF97F85B31002B0DD1594BB9
S3150800977CD3F8DC3023F4E061D7F84C31D3F8A430B5
S3150800978C544A0B43C2F8DC3003E097F85B3187F890
S3150800979C5A31D7F84C31D3E9002302F48023C7F8A1
S315080097ACB0300023C7F8B430D7E92C120B46134354
S315080097BC55D0D7F84C31D3F8A830B3F5A04F31D0E3
S315080097CCB3F5A04F2AD8B3F5804F2DD0B3F5804FFB
S315080097DC24D8B3F5405F29D0B3F5405F1ED8B3F54E
S315080097EC005F11D0B3F5005F18D8002B20D0B3F565
S315080097FC805F13D1D7F84C310833184603F0B2FF03
S3150800980C034687F85B3114E0D7F84C3130331846E9
S3150800981C04F040F8034687F85B310AE0012387F821
S3150800982C5B3106E000BF04E000BF02E000BF00E0C9
S3150800983C00BF97F85B31002B0DD1264BD3F8DC30E3
S3150800984C23F4E041D7F84C31D3F8A830214A0B431E
S3150800985CC2F8DC3003E097F85B3187F85A31D7F851
S3150800986C4C31D3E900230021C7F8A81003F02003D4
S3150800987CC7F8AC30D7E92A120B46134357D0D7F89A
S3150800988C4C31D3F8AC30B3F5A02F33D0B3F5A02FA9
S3150800989C2CD8B3F5802F2FD0B3F5802F26D8B3F557
S315080098AC403F2BD0B3F5403F20D8B3F5003F13D03B
S315080098BCB3F5003F1AD8002B22D0B3F5803F15D14B
S315080098CCD7F84C310833184603F04CFF034687F893
S315080098DC5B3116E0000C0244D7F84C31303318468D
S315080098EC03F0D8FF034687F85B310AE0012387F8B3
S315080098FC5B3106E000BF04E000BF02E000BF00E0F9
S3150800990C00BF97F85B31002B0DD1BB4BD3F8DC307D
S3150800991C23F4E021D7F84C31D3F8AC30B64A0B43D4
S3150800992CC2F8DC3003E097F85B3187F85A31D7F880
S3150800993C4C31D3E900230021C7F8A01003F04003EB
S3150800994CC7F8A430D7E928120B46134355D0D7F8D5
S3150800995C4C31D3F8B030B3F5A00F31D0B3F5A00F16
S3150800996C2AD8B3F5800F2DD0B3F5800F24D8B3F5CC
S3150800997C401F29D0B3F5401F1ED8B3F5001F11D0D0
S3150800998CB3F5001F18D8002B20D0B3F5801F13D1C0
S3150800999CD7F84C310833184603F0E4FE034687F82B
S315080099AC5B3114E0D7F84C313033184603F072FFAC
S315080099BC034687F85B310AE0012387F85B3106E03A
S315080099CC00BF04E000BF02E000BF00E000BF97F84C
S315080099DC5B31002B0DD1884BD3F8DC3023F4E00136
S315080099ECD7F84C31D3F8B030834A0B43C2F8DC3085
S315080099FC03E097F85B3187F85A31D7F84C31D3E93D
S31508009A0C00230021C7F8981003F08003C7F89C3090
S31508009A1CD7E926120B46134355D0D7F84C31D3F851
S31508009A2CB430B3F1A06F31D0B3F1A06F2AD8B3F12B
S31508009A3C806F2DD0B3F1806F24D8B3F1407F29D035
S31508009A4CB3F1407F1ED8B3F1007F11D0B3F1007F7C
S31508009A5C18D8002B20D0B3F1807F13D1D7F84C310E
S31508009A6C0833184603F07EFE034687F85B3114E08C
S31508009A7CD7F84C313033184603F00CFF034687F8F9
S31508009A8C5B310AE0012387F85B3106E000BF04E08E
S31508009A9C00BF02E000BF00E000BF97F85B31002B67
S31508009AAC0DD1554BD3F8DC3023F0E061D7F84C31A7
S31508009ABCD3F8B430504A0B43C2F8DC3003E097F8BD
S31508009ACC5B3187F85A31D7F84C31D3E9002300219A
S31508009ADCC7F8901003F48073C7F89430D7E92412AA
S31508009AEC0B46134355D0D7F84C31D3F8B830B3F1ED
S31508009AFCA04F31D0B3F1A04F2AD8B3F1804F2DD057
S31508009B0CB3F1804F24D8B3F1405F29D0B3F1405F4D
S31508009B1C1ED8B3F1005F11D0B3F1005F18D8002B33
S31508009B2C20D0B3F1805F13D1D7F84C3108331846DF
S31508009B3C03F018FE034687F85B3114E0D7F84C316E
S31508009B4C3033184603F0A6FE034687F85B310AE065
S31508009B5C012387F85B3106E000BF04E000BF02E092
S31508009B6C00BF00E000BF97F85B31002B0DD1224BEC
S31508009B7CD3F8DC3023F0E041D7F84C31D3F8B830C1
S31508009B8C1D4A0B43C2F8DC3003E097F85B3187F8C3
S31508009B9C5A31D7F84C31D3E9002302F40023C7F81D
S31508009BAC88300023C7F88C30D7E922120B461343AA
S31508009BBC55D0D7F84C31D3F8C030B3F5802F35D003
S31508009BCCB3F5802F2ED8B3F5403F31D0B3F5403FCF
S31508009BDC28D8B3F5003F1BD0B3F5003F22D8002B8D
S31508009BEC03D0B3F5803F09D01CE0034B9B6A024AAD
S31508009BFC43F4003393621CE0000C0244D7F84C3152
S31508009C0C0833184603F0AEFD034687F85B3110E0BF
S31508009C1CD7F84C313033184603F03CFE034687F828
S31508009C2C5B3106E0012387F85B3102E000BF00E0F8
S31508009C3C00BF97F85B31002B0DD1C44BD3F8E83035
S31508009C4C23F4E021D7F84C31D3F8C030BF4A0B4384
S31508009C5CC2F8E83003E097F85B3187F85A31D7F841
S31508009C6C4C31D3E9002302F48013C7F88030002363
S31508009C7CC7F88430D7E920120B46134351D0D7F8CE
S31508009C8C4C31D3F8C430B3F5001F33D0B3F5001FED
S31508009C9C2CD8B3F5C01F2DD0B3F5C01F26D8B3F5F5
S31508009CAC801F19D0B3F5801F20D8002B03D0B3F52D
S31508009CBC002F07D01AE0A54B9B6AA44A43F400333D
S31508009CCC936218E0D7F84C310833184603F04AFD6E
S31508009CDC034687F85B310EE0D7F84C31303318461B
S31508009CEC03F0D8FD034687F85B3104E0012387F8B7
S31508009CFC5B3100E000BF97F85B31002B0DD1934B1D
S31508009D0CD3F8E83023F46011D7F84C31D3F8C430C3
S31508009D1C8E4A0B43C2F8E83003E097F85B3187F8B4
S31508009D2C5A31D7F84C31D3E9002302F40013BB6738
S31508009D3C0023FB67D7E91E120B46134332D0D7F81C
S31508009D4C4C31D3F8D430052B0FD8032B11D2012B59
S31508009D5C11D9022B09D1D7F84C310833184603F020
S31508009D6C01FD034687F85B3106E0012387F85B3172
S31508009D7C02E000BF00E000BF97F85B31002B0DD165
S31508009D8C724BD3F8E83023F00701D7F84C31D3F8E7
S31508009D9CD4306E4A0B43C2F8E83003E097F85B31CF
S31508009DAC87F85A31D7F84C31D3E9002300213967A3
S31508009DBC03F400737B67D7E91C120B46134324D0B4
S31508009DCCD7F84C31D3F8D830002B05D0082B05D052
S31508009DDC012387F85B3102E000BF00E000BF97F86B
S31508009DEC5B31002B0DD1594BD3F8E83023F0080121
S31508009DFCD7F84C31D3F8D830544A0B43C2F8E8306C
S31508009E0C03E097F85B3187F85A31D7F84C31D3E928
S31508009E1C002302F00073BB660023FB66D7E91A120F
S31508009E2C0B46134300F0BB80494B5B6A484A43F028
S31508009E3C01035362FBF7C0FBC7F854010BE0FBF7B1
S31508009E4CBBFB0246D7F85431D31A022B03D903238A
S31508009E5C87F85B3105E03E4B5B6A03F00103002B88
S31508009E6CEDD097F85B31002B40F09580374BD3F843
S31508009E7CF03003F44073C7F85C31D7F85C31002B2B
S31508009E8C25D0D7F84C31D3F8F83003F44072D7F80C
S31508009E9C5C3193421BD02D4BD3F8F03023F440732E
S31508009EACC7F85C31294BD3F8F030284A43F4803391
S31508009EBCC2F8F030254BD3F8F030244A23F480331B
S31508009ECCC2F8F030214AD7F85C31C2F8F030D7F82E
S31508009EDC5C3103F00103002B19D0FBF76DFBC7F8B7
S31508009EEC54010DE0FBF768FB0246D7F85431D21A39
S31508009EFC41F288339A4203D9032387F85B3106E08B
S31508009F0C124BD3F8F03003F00203002BEAD097F883
S31508009F1C5B31002B3AD1D7F84C31D3F8F83003F42F
S31508009F2C4073B3F5407F15D1084BDB6923F47C519C
S31508009F3CD7F84C31D3F8F8301B0923F07F4323F0BC
S31508009F4C3003024A0B43D3610AE000BF000C0244FB
S31508009F5C000802449F4BDB699E4A23F47C53D36169
S31508009F6C9C4BD3F8F0309B4A23F44073C2F8F0307C
S31508009F7C984BD3F8F010D7F84C31D3F8F830C3F324
S31508009F8C0B03944A0B43C2F8F03008E097F85B31A0
S31508009F9C87F85A3103E097F85B3187F85A31D7F8C6
S31508009FAC4C31D3E9002302F080633B6600237B66C1
S31508009FBCD7E918120B46134335D0D7F84C31D3F8DA
S31508009FCCC830302B14D0302B0ED8202B12D0202B87
S31508009FDC0AD8002B10D0102B06D17E4B9B6A7D4AD3
S31508009FEC43F40033936208E0012387F85B3104E0FD
S31508009FFC00BF02E000BF00E000BF97F85B31002B02
S3150800A00C0DD1744BD3F8E83023F03001D7F84C3126
S3150800A01CD3F8C8306F4A0B43C2F8E83003E097F818
S3150800A02C5B3187F85A31D7F84C31D3E9002302F45F
S3150800A03C8003BB650023FB65D7E916120B46134351
S3150800A04C33D0D7F84C31D3F8CC30002B02D0402B78
S3150800A05C07D010E05F4B9B6A5E4A43F40033936269
S3150800A06C0DE0D7F84C310833184603F07BFB034652
S3150800A07C87F85B3103E0012387F85B3100BF97F85B
S3150800A08C5B31002B0DD1534BD3F8E43023F0400150
S3150800A09CD7F84C31D3F8CC304E4A0B43C2F8E430DF
S3150800A0AC03E097F85B3187F85A31D7F84C31D3E986
S3150800A0BC002302F400033B6500237B65D7E91412E1
S3150800A0CC0B46134333D0D7F84C31D3F8D030002B8A
S3150800A0DC02D0802B07D010E03E4B9B6A3D4A43F4D6
S3150800A0EC003393620DE0D7F84C310833184603F069
S3150800A0FC39FB034687F85B3103E0012387F85B31AC
S3150800A10C00BF97F85B31002B0DD1324BD3F8E430F6
S3150800A11C23F08001D7F84C31D3F8D0302D4A0B43B5
S3150800A12CC2F8E43003E097F85B3187F85A31D7F870
S3150800A13C4C31D3E9002302F00063BB640023FB64B3
S3150800A14CD7E912120B4613434AD0D7F84C31D3F839
S3150800A15CE030042B27D801A252F823F07DA1000881
S3150800A16C8BA100089FA10008BBA10008BBA1000891
S3150800A17C184B9B6A174A43F40033936218E0D7F8D6
S3150800A18C4C310833184603F0EDFA034687F85B3171
S3150800A19C0EE0D7F84C313033184603F07BFB0346F8
S3150800A1AC87F85B3104E0012387F85B3100E000BFD8
S3150800A1BC97F85B31002B0FD1064BD3F8E03023F020
S3150800A1CC0701D7F84C31D3F8E030024A0B43C2F8F2
S3150800A1DCE03005E0000C024497F85B3187F85A31F9
S3150800A1ECD7F84C31D3E9002302F080533B640023A3
S3150800A1FC7B64D7E910120B46134300F08180D7F81D
S3150800A20C4C31D3F8E430202B5FD801A252F823F056
S3150800A21CA1A20008D7A20008D7A20008D7A2000856
S3150800A22CD7A20008D7A20008D7A20008D7A2000810
S3150800A23CAFA20008D7A20008D7A20008D7A2000828
S3150800A24CD7A20008D7A20008D7A20008D7A20008F0
S3150800A25CC3A20008D7A20008D7A20008D7A20008F4
S3150800A26CD7A20008D7A20008D7A20008D7A20008D0
S3150800A27CDFA20008D7A20008D7A20008D7A20008B8
S3150800A28CD7A20008D7A20008D7A20008D7A20008B0
S3150800A29CDFA20008AB4B9B6AAA4A43F400339362CD
S3150800A2AC18E0D7F84C310833184603F05BFA034626
S3150800A2BC87F85B310EE0D7F84C313033184603F08B
S3150800A2CCE9FA034687F85B3104E0012387F85B312A
S3150800A2DC00E000BF97F85B31002B0DD1994BD3F8F2
S3150800A2ECE03023F03801D7F84C31D3F8E430954AEE
S3150800A2FC0B43C2F8E03003E097F85B3187F85A3124
S3150800A30CD7F84C31D3E9002302F00053BB63002382
S3150800A31CFB63D7E90E120B4613434ED0D7F84C31D4
S3150800A32CD3F8E830B3F5807F2ED0B3F5807F27D8E5
S3150800A33CC02B2BD0C02B23D8802B17D0802B1FD803
S3150800A34C002B02D0402B07D01AE07E4B9B6A7D4A25
S3150800A35C43F4003393621AE0D7F84C3108331846A5
S3150800A36C03F000FA034687F85B3110E0D7F84C3156
S3150800A37C3033184603F08EFA034687F85B3106E04D
S3150800A38C012387F85B3102E000BF00E000BF97F8B5
S3150800A39C5B31002B0DD16B4BD3F8E03023F4E07115
S3150800A3ACD7F84C31D3F8E830664A0B43C2F8E0309C
S3150800A3BC03E097F85B3187F85A31D7F84C31D3E973
S3150800A3CC002302F080433B6300237B63D7E90C121E
S3150800A3DC0B46134355D0D7F84C31D3F8EC30B3F5BC
S3150800A3EC206F31D0B3F5206F2AD8B3F5006F2DD076
S3150800A3FCB3F5006F24D8B3F5C06F29D0B3F5C06F89
S3150800A40C1ED8B3F5806F11D0B3F5806F18D8002B12
S3150800A41C20D0B3F5007F13D1D7F84C310833184642
S3150800A42C03F0A0F9034687F85B3114E0D7F84C31F2
S3150800A43C3033184603F02EFA034687F85B310AE0E8
S3150800A44C012387F85B3106E000BF04E000BF02E099
S3150800A45C00BF00E000BF97F85B31002B0DD1394BDC
S3150800A46CD3F8E03023F46061D7F84C31D3F8EC30EC
S3150800A47C344A0B43C2F8E03003E097F85B3187F8AF
S3150800A48C5A31D7F84C31D3E9002302F00043BB62AA
S3150800A49C0023FB62D7E90A120B46134358D0D7F8A8
S3150800A4AC4C31D3F8F030B3F5A04F31D0B3F5A04FFB
S3150800A4BC2AD8B3F5804F2DD0B3F5804F24D8B3F5F1
S3150800A4CC405F29D0B3F5405F1ED8B3F5005F11D0B5
S3150800A4DCB3F5005F18D8002B20D0B3F5805F13D1E5
S3150800A4ECD7F84C310833184603F03CF9034687F87D
S3150800A4FC5B3114E0D7F84C313033184603F0CAF9FF
S3150800A50C034687F85B310AE0012387F85B3106E0DE
S3150800A51C00BF04E000BF02E000BF00E000BF97F8F0
S3150800A52C5B31002B10D1074BD3F8E03023F4E04213
S3150800A53CD7F84C31D3F8F03002491343C1F8E03060
S3150800A54C06E000BF000C024497F85B3187F85A31D5
S3150800A55CD7F84C31D3E900230021396203F0010303
S3150800A56C7B62D7E908120B46134355D0D7F84C3102
S3150800A57CD3F8F430B3F5203F31D0B3F5203F2AD8C1
S3150800A58CB3F5003F2DD0B3F5003F24D8B3F5C03F43
S3150800A59C29D0B3F5C03F1ED8B3F5803F11D0B3F51B
S3150800A5AC803F18D8002B20D0B3F5004F13D1D7F81D
S3150800A5BC4C310833184603F0D5F8034687F85B3157
S3150800A5CC14E0D7F84C313033184603F063F90346D8
S3150800A5DC87F85B310AE0012387F85B3106E000BF98
S3150800A5EC04E000BF02E000BF00E000BF97F85B3153
S3150800A5FC002B0DD1884BD3F8E03023F46032D7F812
S3150800A60C4C31D3F8F43084491343C1F8E03003E0F5
S3150800A61C97F85B3187F85A31D7F84C31D3E90023D0
S3150800A62C0021B96103F00203FB61D7E906120B4658
S3150800A63C13433DD0D7F84C31D3F8DC30032B1CD858
S3150800A64C01A252F823F000BF8FA6000865A60008E1
S3150800A65C73A600088FA600086F4B9B6A6E4A43F4D4
S3150800A66C003393620EE0D7F84C310833184603F0E2
S3150800A67C79F8034687F85B3104E0012387F85B31E8
S3150800A68C00E000BF97F85B31002B0DD1624BD3F875
S3150800A69CE43023F00302D7F84C31D3F8DC305E49AA
S3150800A6AC1343C1F8E43003E097F85B3187F85A3165
S3150800A6BCD7F84C31D3E900230021396103F00403A0
S3150800A6CC7B61D7E904120B4613433AD0D7F84C31C1
S3150800A6DCD3F8BC30B3F5007F0ED0B3F5007F15D890
S3150800A6EC002B17D0B3F5807F10D14B4B9B6A4A4A87
S3150800A6FC43F4003393620EE0D7F84C31083318460E
S3150800A70C03F030F8034687F85B3104E0012387F839
S3150800A71C5B3100E000BF97F85B31002B0DD13E4B47
S3150800A72CD3F8E83023F44072D7F84C31D3F8BC3060
S3150800A73C39491343C1F8E83003E097F85B3187F8D9
S3150800A74C5A31D7F84C31D3E900230021B96003F00C
S3150800A75C1003FB60D7E902120B46134338D0D7F81F
S3150800A76C4C31D3F80031302B1BD0302B15D8102B8D
S3150800A77C02D0202B07D010E0274B9B6A264A43F4BD
S3150800A78C003393620EE0D7F84C313033184603F099
S3150800A79C81F8034687F85B3104E0012387F85B31BF
S3150800A7AC00E000BF97F85B31002B0DD11A4BD3F89C
S3150800A7BCE43023F03002D7F84C31D3F8003116497F
S3150800A7CC1343C1F8E43003E097F85B3187F85A3144
S3150800A7DCD7F84C31D3E900230021396003F008037C
S3150800A7EC7B60D7E900120B4613430CD00A4BD3F8FF
S3150800A7FCE83023F0C002D7F84C31D3F8FC300649C0
S3150800A80C1343C1F8E83097F85A31184607F5B0776C
S3150800A81CBD46BDE8B08F00BF000C024480B48BB0B7
S3150800A82C00AF7860AE4B5B6BC3F308033B62AC4B73
S3150800A83C9B6A03F00303FB61A94B9B6A1B0A03F093
S3150800A84C3F03BB61A64B9B6A1B0903F001037B61A3
S3150800A85CA34B9B6BDB08C3F30C037A6902FB03F36C
S3150800A86C07EE903AF8EE677AC7ED047ABB69002BC7
S3150800A87C00F02681FB69032B53D0FB69032B6FD899
S3150800A88CFB69012B03D0FB69022B2BD068E0944B98
S3150800A89C1B68DB0803F00303924A22FA03F3FB60F6
S3150800A8ACFB6807EE903AF8EE676ABB6907EE903AD2
S3150800A8BCF8EE677A86EEA77A3B6A07EE903AF8EED8
S3150800A8CC676A97ED046ADFED885AC6EE257A76EE46
S3150800A8DCA77AF7EE006A77EEA67A67EE277AC7EDBF
S3150800A8EC097A68E0BB6907EE903AF8EE677ADFED0D
S3150800A8FC7F6A86EEA77A3B6A07EE903AF8EE676AA5
S3150800A90C97ED046ADFED785AC6EE257A76EEA77AC5
S3150800A91CF7EE006A77EEA67A67EE277AC7ED097A1C
S3150800A92C49E0BB6907EE903AF8EE677ADFED706A94
S3150800A93C86EEA77A3B6A07EE903AF8EE676A97EDC9
S3150800A94C046ADFED695AC6EE257A76EEA77AF7EE33
S3150800A95C006A77EEA67A67EE277AC7ED097A2AE0B7
S3150800A96C5F4B1B68DB0803F003035E4A22FA03F30A
S3150800A97CFB60FB6807EE903AF8EE676ABB6907EE70
S3150800A98C903AF8EE677A86EEA77A3B6A07EE903A23
S3150800A99CF8EE676A97ED046ADFED535AC6EE257A28
S3150800A9AC76EEA77AF7EE006A77EEA67A67EE277A3E
S3150800A9BCC7ED097A00BF4A4B1B6803F00073B3F165
S3150800A9CC007F21D1464B9B6A03F48033002B17D0AA
S3150800A9DC434B5B6B5B0A03F07F0307EE903AF8EE8A
S3150800A9EC677AB7EE007A37EE877AD7ED096AC6EE3C
S3150800A9FC877AFCEEE77A17EE902A7B681A6006E0EF
S3150800AA0C7B6800221A6002E07B6800221A60344BCD
S3150800AA1C1B6803F00073B3F1007F21D1304B9B6A9E
S3150800AA2C03F40033002B17D02D4B5B6B1B0C03F078
S3150800AA3C7F0307EE903AF8EE677AB7EE007A37EEB0
S3150800AA4C877AD7ED096AC6EE877AFCEEE77A17EEAF
S3150800AA5C902A7B685A6006E07B6800225A6002E0FE
S3150800AA6C7B6800225A601E4B1B6803F00073B3F117
S3150800AA7C007F21D11A4B9B6A03F48023002B17D035
S3150800AA8C174B5B6B1B0E03F07F0307EE903AF8EE41
S3150800AA9C677AB7EE007A37EE877AD7ED096AC6EE8B
S3150800AAAC877AFCEEE77A17EE902A7B689A6010E0B4
S3150800AABC7B6800229A600CE07B6800229A6008E0AA
S3150800AACC7B6800221A607B6800225A607B68002229
S3150800AADC9A6000BF2C37BD465DF8047B704700BFF3
S3150800AAEC000C02440090D003000000460024744A6F
S3150800AAFC0024744B80B48BB000AF7860AE4BDB6B24
S3150800AB0CC3F308033B62AC4BDB6A03F00303FB613C
S3150800AB1CA94BDB6A1B0A03F03F03BB61A64BDB6A36
S3150800AB2C1B0903F001037B61A34B1B6CDB08C3F306
S3150800AB3C0C037A6902FB03F307EE903AF8EE677A90
S3150800AB4CC7ED047ABB69002B00F02681FB69032B41
S3150800AB5C53D0FB69032B6FD8FB69012B03D0FB6918
S3150800AB6C022B2BD068E0944B1B68DB0803F003031D
S3150800AB7C924A22FA03F3FB60FB6807EE903AF8EE6A
S3150800AB8C676ABB6907EE903AF8EE677A86EEA77A9B
S3150800AB9C3B6A07EE903AF8EE676A97ED046ADFEDC2
S3150800ABAC885AC6EE257A76EEA77AF7EE006A77EE1D
S3150800ABBCA67A67EE277AC7ED097A68E0BB6907EECD
S3150800ABCC903AF8EE677ADFED7F6A86EEA77A3B6AEB
S3150800ABDC07EE903AF8EE676A97ED046ADFED785A55
S3150800ABECC6EE257A76EEA77AF7EE006A77EEA67A9F
S3150800ABFC67EE277AC7ED097A49E0BB6907EE903A02
S3150800AC0CF8EE677ADFED706A86EEA77A3B6A07EE8E
S3150800AC1C903AF8EE676A97ED046ADFED695AC6EE64
S3150800AC2C257A76EEA77AF7EE006A77EEA67A67EEBD
S3150800AC3C277AC7ED097A2AE05F4B1B68DB0803F015
S3150800AC4C03035E4A22FA03F3FB60FB6807EE903AAD
S3150800AC5CF8EE676ABB6907EE903AF8EE677A86EE05
S3150800AC6CA77A3B6A07EE903AF8EE676A97ED046A9C
S3150800AC7CDFED535AC6EE257A76EEA77AF7EE006A1A
S3150800AC8C77EEA67A67EE277AC7ED097A00BF4A4BA4
S3150800AC9C1B6803F00063B3F1006F21D1464BDB6AE6
S3150800ACAC03F48033002B17D0434BDB6B5B0A03F0A2
S3150800ACBC7F0307EE903AF8EE677AB7EE007A37EE2E
S3150800ACCC877AD7ED096AC6EE877AFCEEE77A17EE2D
S3150800ACDC902A7B681A6006E07B6800221A6002E0FC
S3150800ACEC7B6800221A60344B1B6803F00063B3F1CF
S3150800ACFC006F21D1304BDB6A03F40033002B17D0DD
S3150800AD0C2D4BDB6B1B0C03F07F0307EE903AF8EE2A
S3150800AD1C677AB7EE007A37EE877AD7ED096AC6EE08
S3150800AD2C877AFCEEE77A17EE902A7B685A6006E07B
S3150800AD3C7B6800225A6002E07B6800225A601E4B30
S3150800AD4C1B6803F00063B3F1006F21D11A4BDB6A61
S3150800AD5C03F48023002B17D0174BDB6B1B0E03F069
S3150800AD6C7F0307EE903AF8EE677AB7EE007A37EE7D
S3150800AD7C877AD7ED096AC6EE877AFCEEE77A17EE7C
S3150800AD8C902A7B689A6010E07B6800229A600CE037
S3150800AD9C7B6800229A6008E07B6800221A607B6850
S3150800ADAC00225A607B6800229A6000BF2C37BD4689
S3150800ADBC5DF8047B704700BF000C02440090D0037A
S3150800ADCC000000460024744A0024744B80B48BB0EF
S3150800ADDC00AF7860AE4B5B6CC3F308033B62AC4BBD
S3150800ADEC1B6B03F00303FB61A94B1B6B1B0A03F0DC
S3150800ADFC3F03BB61A64B1B6B1B0903F001037B616D
S3150800AE0CA34B9B6CDB08C3F30C037A6902FB03F3B5
S3150800AE1C07EE903AF8EE677AC7ED047ABB69002B11
S3150800AE2C00F02681FB69032B53D0FB69032B6FD8E3
S3150800AE3CFB69012B03D0FB69022B2BD068E0944BE2
S3150800AE4C1B68DB0803F00303924A22FA03F3FB6040
S3150800AE5CFB6807EE903AF8EE676ABB6907EE903A1C
S3150800AE6CF8EE677A86EEA77A3B6A07EE903AF8EE22
S3150800AE7C676A97ED046ADFED885AC6EE257A76EE90
S3150800AE8CA77AF7EE006A77EEA67A67EE277AC7ED09
S3150800AE9C097A68E0BB6907EE903AF8EE677ADFED57
S3150800AEAC7F6A86EEA77A3B6A07EE903AF8EE676AEF
S3150800AEBC97ED046ADFED785AC6EE257A76EEA77A10
S3150800AECCF7EE006A77EEA67A67EE277AC7ED097A67
S3150800AEDC49E0BB6907EE903AF8EE677ADFED706ADF
S3150800AEEC86EEA77A3B6A07EE903AF8EE676A97ED14
S3150800AEFC046ADFED695AC6EE257A76EEA77AF7EE7E
S3150800AF0C006A77EEA67A67EE277AC7ED097A2AE001
S3150800AF1C5F4B1B68DB0803F003035E4A22FA03F354
S3150800AF2CFB60FB6807EE903AF8EE676ABB6907EEBA
S3150800AF3C903AF8EE677A86EEA77A3B6A07EE903A6D
S3150800AF4CF8EE676A97ED046ADFED535AC6EE257A72
S3150800AF5C76EEA77AF7EE006A77EEA67A67EE277A88
S3150800AF6CC7ED097A00BF4A4B1B6803F00053B3F1CF
S3150800AF7C005F21D1464B1B6B03F48033002B17D093
S3150800AF8C434B5B6C5B0A03F07F0307EE903AF8EED3
S3150800AF9C677AB7EE007A37EE877AD7ED096AC6EE86
S3150800AFAC877AFCEEE77A17EE902A7B681A6006E039
S3150800AFBC7B6800221A6002E07B6800221A60344B18
S3150800AFCC1B6803F00053B3F1005F21D1304B1B6BA8
S3150800AFDC03F40033002B17D02D4B5B6C1B0C03F0C2
S3150800AFEC7F0307EE903AF8EE677AB7EE007A37EEFB
S3150800AFFC877AD7ED096AC6EE877AFCEEE77A17EEFA
S3150800B00C902A7B685A6006E07B6800225A6002E048
S3150800B01C7B6800225A601E4B1B6803F00053B3F181
S3150800B02C005F21D11A4B1B6B03F48023002B17D01E
S3150800B03C174B5B6C1B0E03F07F0307EE903AF8EE8A
S3150800B04C677AB7EE007A37EE877AD7ED096AC6EED5
S3150800B05C877AFCEEE77A17EE902A7B689A6010E0FE
S3150800B06C7B6800229A600CE07B6800229A6008E0F4
S3150800B07C7B6800221A607B6800225A607B68002273
S3150800B08C9A6000BF2C37BD465DF8047B704700BF3D
S3150800B09C000C02440090D003000000460024744AB9
S3150800B0AC0024744B90B58FB000AFC7E9000100219E
S3150800B0BC7963002139630021F962D7E9000100F1AF
S3150800B0CC7E44214350D1264BD3F8F03003F4407319
S3150800B0DCFB62234BD3F8F03003F00203022B08D1A2
S3150800B0ECFB6AB3F5807F04D14FF400437B6302F00F
S3150800B0FC2ABB1B4BD3F8F03003F00063B3F1006F97
S3150800B10C08D1FB6AB3F5007F04D14FF4FA437B638D
S3150800B11C02F019BB124B1B6803F40033B3F5003F5E
S3150800B12C19D1FB6AB3F5407F15D10D4BDB6903F4D6
S3150800B13C7C53B3F5007F0AD3094BDB691B0A03F072
S3150800B14C3F03084AB2FBF3F37B6302F0FCBA002315
S3150800B15C7B6302F0F8BA00237B6302F0F4BA00BFF3
S3150800B16C000C02440024F400D7E90001A1F5806420
S3150800B17C50EA040101F07582D7E90001012871F53E
S3150800B18C806182F0DD82D7E90001A1F5007450EAEE
S3150800B19C040101F06C81D7E90001012871F50071F1
S3150800B1AC82F0CE82D7E90001A1F5807450EA040139
S3150800B1BC01F00286D7E90001012871F5807182F049
S3150800B1CCBF82D7E90001A1F1800450EA040101F01D
S3150800B1DC4C85D7E90001012871F1800182F0B08213
S3150800B1ECD7E90001A1F1400450EA040101F09E845C
S3150800B1FCD7E90001012871F1400182F0A182D7E953
S3150800B20C0001A1F1200450EA040101F0E883D7E912
S3150800B21C0001012871F1200182F09282D7E9000120
S3150800B22CA1F1100450EA040102F05682D7E9000194
S3150800B23C012871F1100182F08382D7E90001A1F18E
S3150800B24C080450EA040102F0CC81D7E90001012870
S3150800B25C71F1080182F07482D7E900010C1F50EADB
S3150800B26C040101F04886D7E90001012871F10401AF
S3150800B27C82F06682D7E900018C1E50EA040102F0BE
S3150800B28C4381D7E90001012871F1020182F0588245
S3150800B29CD7E900014C1E50EA040102F0CE80D7E92A
S3150800B2AC0001012871F1010182F04A82D7E90001F7
S3150800B2BC00F10044214302F05980D7E90001D94C2A
S3150800B2CCA04271F1000182F03B82D7E9000100F13E
S3150800B2DC4044214301F0D987D7E90001D24CA0425A
S3150800B2EC71F1000182F02C82D7E9000100F160446B
S3150800B2FC214301F05187D7E90001CC4CA04271F1EA
S3150800B30C000182F01D82D7E9000100F17044214347
S3150800B31C01F09A86D7E90001C54CA04271F10001EB
S3150800B32C82F00E82D7E9000100F17844214301F03E
S3150800B33C1286D7E90001BF4CA04271F1000182F0D8
S3150800B34CFF81D7E9000100F17C44214302F07E819C
S3150800B35CD7E90001B84CA04271F1000182F0F081E6
S3150800B36CD7E90001A0F50004214300F09E82D7E935
S3150800B37C0001B24CA04271F1000182F0E181D7E9DB
S3150800B38C0001A0F58004214300F06D82D7E9000185
S3150800B39CAB4CA04271F1000182F0D281D7E90001D1
S3150800B3ACA0F50014214301F00D80D7E90001A54C46
S3150800B3BCA04271F1000182F0C381D7E90001A0F522
S3150800B3CC8014214300F0D081D7E900019E4CA0429D
S3150800B3DC71F1000182F0B481D7E90001A0F50024CF
S3150800B3EC214300F04281D7E90001984CA04271F143
S3150800B3FC000182F0A581D7E90001A0F5802421433C
S3150800B40C01F04E82D7E90001914CA04271F100017E
S3150800B41C82F09681D7E90001A0F50034214301F0AA
S3150800B42C9781D7E900018B4CA04271F1000182F09B
S3150800B43C8781D7E90001A0F58034214301F05481B6
S3150800B44CD7E90001B0F1011F71F1000182F0788192
S3150800B45CD7E90001A0F50044214301F0B780D7E9EC
S3150800B46C000148F20104A04271F1000182F06881E2
S3150800B47CD7E90001A0F58044214301F06480D7E99F
S3150800B48C000144F20104A04271F1000182F05881D6
S3150800B49CD7E90001A0F50054214301F01180D7E942
S3150800B4AC000142F20104A04271F1000182F04881C8
S3150800B4BCD7E90001A0F58054214300F01E87D7E98F
S3150800B4CC000141F20104A04271F1000182F03881B9
S3150800B4DCD7E90001A0F50064214300F0A886D7E956
S3150800B4EC000140F60104A04271F1000182F02881A6
S3150800B4FCD7E90001A0F58064214300F03286D7E92C
S3150800B50C000140F20144A04271F1000182F0188159
S3150800B51CD7E90001A0F50074214300F0B085D7E9FE
S3150800B52C000140F20124A04271F1000182F0088169
S3150800B53CD7E90001A0F58074214300F03585D7E9D9
S3150800B54C000140F20114A04271F1000182F0F8806A
S3150800B55CD7E90001A0F18004214300F0BA84D7E9A9
S3150800B56C0001812871F1000182F0EA80D7E9000117
S3150800B57C212871F100016FD2D7E90001014302F0CD
S3150800B58CDF80D7E90001421E41F1FF33202A73F10F
S3150800B59C000182F0D5801F2A02F2D28001A151F84F
S3150800B5AC22F000BF11B90008DDB900084DD7000814
S3150800B5BC9DBA00084DD700084DD700084DD700088E
S3150800B5CC6DBB00084DD700084DD700084DD70008AD
S3150800B5DC4DD700084DD700084DD700084DD70008A1
S3150800B5EC4FBC00084DD700084DD700084DD70008AA
S3150800B5FC4DD700084DD700084DD700084DD7000881
S3150800B60C4DD700084DD700084DD700084DD7000870
S3150800B61C4DD700084DD700084DD700084DD7000860
S3150800B62C25BD000801000080010000400100002033
S3150800B63C0100001001000008010000040100800050
S3150800B64C0100400001002000010010000100080064
S3150800B65C0100040001000200D7E90023A2F1400111
S3150800B66C0B4300F0C48302F06BB8A14BD3F8E83057
S3150800B67C03F4E023FB62FB6AB3F5802F36D0FB6A32
S3150800B68CB3F5802F6BD8FB6AB3F5403F2BD0FB6A1A
S3150800B69CB3F5403F63D8FB6AB3F5003F1BD0FB6A92
S3150800B6ACB3F5003F5BD8FB6A002B04D0FB6AB3F5F5
S3150800B6BC803F08D053E007F120031846FFF7AEF891
S3150800B6CC7B6A7B634EE007F114031846FFF712FA00
S3150800B6DC7B697B6346E007F108031846FFF776FBA0
S3150800B6ECBB687B633EE0834B7B633BE0804BD3F8C4
S3150800B6FCE83003F040433B637D4B1B6803F00203C1
S3150800B70C022B0CD13B6B002B09D1794B1B68DB0840
S3150800B71C03F00303784A22FA03F37B631EE0744BA7
S3150800B72C1B6803F40073B3F5007F06D13B6BB3F1CA
S3150800B73C804F02D1714B7B6310E06D4B1B6803F491
S3150800B74C0033B3F5003F06D13B6BB3F1004F02D182
S3150800B75C6B4B7B6302E000237B6303E002E0002370
S3150800B76C7B6300BF01F0EFBF614BD3F8E83003F4FD
S3150800B77C6013FB62FB6AB3F5001F36D0FB6AB3F5A0
S3150800B78C001F6BD8FB6AB3F5C01F2BD0FB6AB3F549
S3150800B79CC01F63D8FB6AB3F5801F1BD0FB6AB3F5D1
S3150800B7AC801F5BD8FB6A002B04D0FB6AB3F5002F0D
S3150800B7BC08D053E007F120031846FFF72FF87B6AE9
S3150800B7CC7B634EE007F114031846FFF793F97B6980
S3150800B7DC7B6346E007F108031846FFF7F7FABB68E0
S3150800B7EC7B633EE0434B7B633BE0414BD3F8E8304D
S3150800B7FC03F040433B633E4B1B6803F00203022BEA
S3150800B80C0CD13B6B002B09D1394B1B68DB0803F0B9
S3150800B81C0303394A22FA03F37B631EE0344B1B6895
S3150800B82C03F40073B3F5007F06D13B6BB3F1804F7D
S3150800B83C02D1324B7B6310E02D4B1B6803F40033AB
S3150800B84CB3F5003F06D13B6BB3F1004F02D12C4B3D
S3150800B85C7B6302E000237B6303E002E000237B6347
S3150800B86C00BF01F070BF224BD3F8E43003F040035D
S3150800B87CFB62FB6A002B08D107F120031846FEF77A
S3150800B88CCDFF7B6A7B6301F05EBFFB6A402B08D158
S3150800B89C07F114031846FFF72DF9FB697B6301F0D2
S3150800B8AC52BF00237B6301F04EBF114BD3F8E43033
S3150800B8BC03F08003FB62FB6A002B08D107F1200317
S3150800B8CC1846FEF7ABFF7B6A7B6301F03CBFFB6A4D
S3150800B8DC802B08D107F114031846FFF70BF9FB69FF
S3150800B8EC7B6301F030BF00237B6301F02CBF00BFE4
S3150800B8FC000C02440080BB000090D00300093D00F8
S3150800B90C0024F4009D4BD3F8D83003F00703FB62F0
S3150800B91CFB6A002B04D1FCF7C9FF786301F013BF4F
S3150800B92C964B1B6803F00063B3F1006F0AD1FB6AF0
S3150800B93C012B07D107F114031846FFF7DBF8BB698F
S3150800B94C7B6343E08D4B1B6803F00053B3F1005F38
S3150800B95C0AD1FB6A022B07D107F108031846FFF731
S3150800B96C35FAFB687B6331E0844B1B6803F00203F2
S3150800B97C022B0CD1FB6A032B09D1804B1B68DB0805
S3150800B98C03F003037E4A22FA03F37B631EE07B4B28
S3150800B99C1B6803F40073B3F5007F05D1FB6A042B0F
S3150800B9AC02D1784B7B6311E0744BD3F8F03003F07B
S3150800B9BC0203022B06D1FB6A052B03D14FF4004375
S3150800B9CC7B6303E000237B6301F0BDBE01F0BBBEC5
S3150800B9DC6A4BD3F8D83003F03803FB62FB6A002BAA
S3150800B9EC04D1FCF74DFF786301F0ADBE634B1B68C1
S3150800B9FC03F00063B3F1006F0AD1FB6A082B07D179
S3150800BA0C07F114031846FFF775F8BB697B633DE02D
S3150800BA1CFB6A102B08D107F108031846FFF7D6F96D
S3150800BA2CFB687B6301F08FBE544B1B6803F0020363
S3150800BA3C022B0CD1FB6A182B09D1504B1B68DB085F
S3150800BA4C03F003034E4A22FA03F37B631EE04B4BC7
S3150800BA5C1B6803F40073B3F5007F05D1FB6A202B32
S3150800BA6C02D1484B7B6311E0444BD3F8F03003F01A
S3150800BA7C0203022B06D1FB6A282B03D14FF4004391
S3150800BA8C7B6303E000237B6301F05DBE01F05BBEC4
S3150800BA9C3A4BD3F8D83003F4E073FB62FB6A002BFD
S3150800BAAC04D1FCF7EDFE786301F04DBE334B1B68F1
S3150800BABC03F00063B3F1006F0AD1FB6A402B07D180
S3150800BACC07F114031846FFF715F8BB697B6345E0C5
S3150800BADC2A4B1B6803F00053B3F1005F0AD1FB6ACB
S3150800BAEC802B07D107F108031846FFF76FF9FB6897
S3150800BAFC7B6333E0214B1B6803F00203022B0CD14A
S3150800BB0CFB6AC02B09D11D4B1B68DB0803F003032A
S3150800BB1C1B4A22FA03F37B6320E0184B1B6803F4D9
S3150800BB2C0073B3F5007F06D1FB6AB3F5807F02D1AB
S3150800BB3C144B7B6312E0114BD3F8F03003F002037D
S3150800BB4C022B07D1FB6AB3F5A07F03D14FF4004350
S3150800BB5C7B6303E000237B6301F0F5BD01F0F3BDC5
S3150800BB6C064BD3F8D83003F46063FB62FB6A002BF0
S3150800BB7C0AD1FCF785FE786301F0E5BD000C02449A
S3150800BB8C0090D00300093D00A04B1B6803F000632E
S3150800BB9CB3F1006F0BD1FB6AB3F5007F07D107F140
S3150800BBAC14031846FEF7A6FFBB697B6347E0974B61
S3150800BBBC1B6803F00053B3F1005F0BD1FB6AB3F5B6
S3150800BBCC806F07D107F108031846FFF7FFF8FB68E3
S3150800BBDC7B6334E08D4B1B6803F00203022B0DD1FB
S3150800BBECFB6AB3F5C06F09D1884B1B68DB0803F0F9
S3150800BBFC0303874A22FA03F37B6320E0834B1B6813
S3150800BC0C03F40073B3F5007F06D1FB6AB3F5006F36
S3150800BC1C02D1804B7B6312E07C4BD3F8F03003F0F7
S3150800BC2C0203022B07D1FB6AB3F5206F03D14FF43D
S3150800BC3C00437B6303E000237B6301F084BD01F0C2
S3150800BC4C82BD724BD3F8D83003F4E043FB62FB6A2F
S3150800BC5C002B04D1FCF714FE786301F074BD6B4B12
S3150800BC6C1B6803F00063B3F1006F0BD1FB6AB3F5E5
S3150800BC7C805F07D107F114031846FEF73BFFBB6933
S3150800BC8C7B6347E0614B1B6803F00053B3F1005F1D
S3150800BC9C0BD1FB6AB3F5005F07D107F10803184609
S3150800BCACFFF794F8FB687B6334E0584B1B6803F08A
S3150800BCBC0203022B0DD1FB6AB3F5405F09D1534B36
S3150800BCCC1B68DB0803F00303514A22FA03F37B6370
S3150800BCDC20E04E4B1B6803F40073B3F5007F06D1C6
S3150800BCECFB6AB3F5804F02D14A4B7B6312E0474B94
S3150800BCFCD3F8F03003F00203022B07D1FB6AB3F535
S3150800BD0CA04F03D14FF400437B6303E000237B630E
S3150800BD1C01F019BD01F017BD3C4BD3F8D83003F42C
S3150800BD2C6033FB62FB6A002B04D1FCF7A9FD786330
S3150800BD3C01F009BD354B1B6803F00063B3F1006FC6
S3150800BD4C0BD1FB6AB3F5004F07D107F1140318465C
S3150800BD5CFEF7D0FEBB697B6347E02C4B1B6803F0F0
S3150800BD6C0053B3F1005F0BD1FB6AB3F5803F07D1E3
S3150800BD7C07F108031846FFF729F8FB687B6334E0DC
S3150800BD8C224B1B6803F00203022B0DD1FB6AB3F599
S3150800BD9CC03F09D11D4B1B68DB0803F003031C4A83
S3150800BDAC22FA03F37B6320E0184B1B6803F4007339
S3150800BDBCB3F5007F06D1FB6AB3F5003F02D1154BEC
S3150800BDCC7B6312E0114BD3F8F03003F00203022B1D
S3150800BDDC07D1FB6AB3F5203F03D14FF400437B63CD
S3150800BDEC03E000237B6301F0AEBC01F0ACBC074B4F
S3150800BDFCD3F8D83003F4E013FB62FB6A002B0BD1A3
S3150800BE0CFCF73EFD786301F09EBC00BF000C0244B3
S3150800BE1C0090D00300093D00A04B1B6803F000639B
S3150800BE2CB3F1006F0BD1FB6AB3F5802F07D107F17D
S3150800BE3C14031846FEF75EFEBB697B6347E0974B17
S3150800BE4C1B6803F00053B3F1005F0BD1FB6AB3F523
S3150800BE5C002F07D107F108031846FEF7B7FFFB6852
S3150800BE6C7B6334E08D4B1B6803F00203022B0DD168
S3150800BE7CFB6AB3F5402F09D1884B1B68DB0803F026
S3150800BE8C0303874A22FA03F37B6320E0834B1B6880
S3150800BE9C03F40073B3F5007F06D1FB6AB3F5801F74
S3150800BEAC02D1804B7B6312E07C4BD3F8F03003F065
S3150800BEBC0203022B07D1FB6AB3F5A01F03D14FF47B
S3150800BECC00437B6303E000237B6301F03CBC01F079
S3150800BEDC3ABC724BD3F8D83003F46003FB62FB6AA6
S3150800BEEC002B04D1FCF7CCFC786301F02CBC6B4B13
S3150800BEFC1B6803F00063B3F1006F0BD1FB6AB3F553
S3150800BF0C001F07D107F114031846FEF7F3FDBB69AA
S3150800BF1C7B6347E0614B1B6803F00053B3F1005F8A
S3150800BF2C0BD1FB6AB3F5800F07D107F10803184646
S3150800BF3CFEF74CFFFB687B6334E0584B1B6803F039
S3150800BF4C0203022B0DD1FB6AB3F5C00F09D1534B73
S3150800BF5C1B68DB0803F00303514A22FA03F37B63DD
S3150800BF6C20E04E4B1B6803F40073B3F5007F06D133
S3150800BF7CFB6AB3F5000F02D14A4B7B6312E0474BC1
S3150800BF8CD3F8F03003F00203022B07D1FB6AB3F5A2
S3150800BF9C200F03D14FF400437B6303E000237B633C
S3150800BFAC01F0D1BB01F0CFBB3C4BD3F8D83003F032
S3150800BFBCE063FB62FB6A002B04D1FCF761FC786337
S3150800BFCC01F0C1BB354B1B6803F00063B3F1006F7E
S3150800BFDC0BD1FB6AB3F1807F07D107F1140318461E
S3150800BFECFEF788FDBB697B6347E02C4B1B6803F0A7
S3150800BFFC0053B3F1005F0BD1FB6AB3F1007F07D195
S3150800C00C07F108031846FEF7E1FEFB687B6334E08C
S3150800C01C224B1B6803F00203022B0DD1FB6AB3F10A
S3150800C02C407F09D11D4B1B68DB0803F003031C4A30
S3150800C03C22FA03F37B6320E0184B1B6803F40073A6
S3150800C04CB3F5007F06D1FB6AB3F1806F02D1154BAD
S3150800C05C7B6312E0114BD3F8F03003F00203022B8A
S3150800C06C07D1FB6AB3F1A06F03D14FF400437B638E
S3150800C07C03E000237B6301F066BB01F064BB074B4E
S3150800C08CD3F8D83003F06053FB62FB6A002B0BD154
S3150800C09CFCF7F6FB786301F056BB00BF000C0244B4
S3150800C0AC0090D00300093D00A14B1B6803F0006308
S3150800C0BCB3F1006F0BD1FB6AB3F1006F07D107F12F
S3150800C0CC14031846FEF716FDBB697B6347E0984BCD
S3150800C0DC1B6803F00053B3F1005F0BD1FB6AB3F195
S3150800C0EC805F07D107F108031846FEF76FFEFB6859
S3150800C0FC7B6334E08E4B1B6803F00203022B0DD1D5
S3150800C10CFB6AB3F1C05F09D1894B1B68DB0803F0E6
S3150800C11C0303884A22FA03F37B6320E0844B1B68EB
S3150800C12C03F40073B3F5007F06D1FB6AB3F1005F25
S3150800C13C02D1814B7B6312E07D4BD3F8F03003F0D0
S3150800C14C0203022B07D1FB6AB3F1205F03D14FF42C
S3150800C15C00437B6303E000237B6301F0F4BA01F030
S3150800C16CF2BA734BD3F8DC3003F00703FB62FB6AB5
S3150800C17C002B04D1FCF784FB786301F0E4BA6C4B12
S3150800C18C1B6803F00063B3F1006F0AD1FB6A012B3D
S3150800C19C07D107F114031846FEF7ACFCBB697B63A1
S3150800C1AC43E0634B1B6803F00053B3F1005F0AD1FD
S3150800C1BCFB6A022B07D107F108031846FEF706FEA1
S3150800C1CCFB687B6331E05A4B1B6803F00203022BB6
S3150800C1DC0CD1FB6A032B09D1554B1B68DB0803F002
S3150800C1EC0303544A22FA03F37B631EE0504B1B6885
S3150800C1FC03F40073B3F5007F05D1FB6A042B02D157
S3150800C20C4D4B7B6311E04A4BD3F8F03003F0020335
S3150800C21C022B06D1FB6A052B03D14FF400437B6333
S3150800C22C03E000237B6301F08EBA01F08CBA404B15
S3150800C23CD3F8DC3003F07003FB62FB6A002B04D1E5
S3150800C24CFCF71EFB786301F07EBA394B1B6803F0CA
S3150800C25C0063B3F1006F0AD1FB6A102B07D107F103
S3150800C26C14031846FEF746FCBB697B6343E0304B68
S3150800C27C1B6803F00053B3F1005F0AD1FB6A202B4D
S3150800C28C07D107F108031846FEF7A0FDFB687B6388
S3150800C29C31E0274B1B6803F00203022B0CD1FB6A17
S3150800C2AC302B09D1224B1B68DB0803F00303214A08
S3150800C2BC22FA03F37B631EE01D4B1B6803F4007321
S3150800C2CCB3F5007F05D1FB6A402B02D11A4B7B6371
S3150800C2DC11E0174BD3F8F03003F00203022B06D10A
S3150800C2ECFB6A502B03D14FF400437B6303E0002316
S3150800C2FC7B6301F028BA01F026BA0D4BD3F8E0306F
S3150800C30C03F0E063FB62FB6A002B04D1FCF7E4FA4A
S3150800C31C786301F018BAFB6AB3F1807F0ED107F186
S3150800C32C14031846FEF7E6FBBB697B6301F00BBAF0
S3150800C33C000C02440090D00300093D00FB6AB3F1DF
S3150800C34C007F08D107F108031846FEF73FFDFB6886
S3150800C35C7B6301F0F8B9A44B1B6803F00203022BAC
S3150800C36C0DD1FB6AB3F1407F09D19F4B1B68DB08E3
S3150800C37C03F003039D4A22FA03F37B6320E09A4BEE
S3150800C38C1B6803F40073B3F5007F06D1FB6AB3F19F
S3150800C39C806F02D1964B7B6312E0934BD3F8F03047
S3150800C3AC03F00203022B07D1FB6AB3F1A06F03D18A
S3150800C3BC4FF400437B6303E000237B6301F0C3B9AE
S3150800C3CC01F0C1B9884BD3F8E83003F00703FB62D8
S3150800C3DCFB6A002B04D1FCF737FA786301F0B3B982
S3150800C3ECFB6A012B04D1FCF703F9786301F0ABB9AE
S3150800C3FCFB6A022B08D107F114031846FEF77AFBE1
S3150800C40CFB697B6301F09FB9774B1B6803F4003318
S3150800C41CB3F5003F05D1FB6A032B02D1754B7B6341
S3150800C42C23E0714B1B6803F00203022B0CD1FB6A49
S3150800C43C042B09D16C4B1B68DB0803F003036B4A0E
S3150800C44C22FA03F37B6310E0674B1B6803F4007353
S3150800C45CB3F5007F05D1FB6A052B02D1644B7B63D0
S3150800C46C03E000237B6301F06EB901F06CB95E4BF7
S3150800C47CD3F8E83003F00803FB625B4BD3F8F030D3
S3150800C48C03F00203022B06D1FB6A002B03D14FF4EF
S3150800C49C00437B6312E0544BD3F8F03003F000638F
S3150800C4ACB3F1006F06D1FB6A082B03D14FF4FA439C
S3150800C4BC7B6303E000237B6301F045B901F043B9C4
S3150800C4CC494BD3F8E43003F44033FB62FB6A002B88
S3150800C4DC04D1FCF7D5F9786301F035B9FB6AB3F5E5
S3150800C4EC803F08D107F108031846FEF76FFC3B6935
S3150800C4FC7B6301F028B93C4B1B6803F00203022B43
S3150800C50C0DD1FB6AB3F5003F09D1374B1B68DB0825
S3150800C51C03F00303354A22FA03F37B6311E0324B2B
S3150800C52C1B6803F40073B3F5007F06D1FB6AB3F5F9
S3150800C53C403F02D12E4B7B6303E000237B6301F063
S3150800C54C02B901F000B9284BD3F8E43003F44023C0
S3150800C55CFB62FB6A002B04D1FCF792F9786301F0B5
S3150800C56CF2B8FB6AB3F5802F08D107F10803184611
S3150800C57CFEF72CFC3B697B6301F0E5B81A4B1B688C
S3150800C58C03F00203022B0DD1FB6AB3F5002F09D178
S3150800C59C154B1B68DB0803F00303144A22FA03F352
S3150800C5AC7B6311E0104B1B6803F40073B3F5007F33
S3150800C5BC06D1FB6AB3F5402F02D10D4B7B6303E022
S3150800C5CC00237B6301F0BFB801F0BDB8064BD3F866
S3150800C5DCE43003F44013FB62FB6A002B0CD1FCF726
S3150800C5EC7BF9786301F0AFB8000C02440090D003D5
S3150800C5FC00093D000024F400FB6AB3F5801F08D13E
S3150800C60C07F108031846FEF7E1FB3B697B6301F06B
S3150800C61C9AB89F4B1B6803F00203022B0DD1FB6AD9
S3150800C62CB3F5001F09D19A4B1B68DB0803F003030B
S3150800C63C984A22FA03F37B6311E0954B1B6803F4C3
S3150800C64C0073B3F5007F06D1FB6AB3F5401F02D120
S3150800C65C914B7B6303E000237B6301F074B801F014
S3150800C66C72B88B4BD3F8E43003F44003FB62FB6AD5
S3150800C67C002B04D1FCF730F9786301F064B8FB6A37
S3150800C68CB3F5800F08D107F108031846FEF79EFB91
S3150800C69C3B697B6301F057B87D4B1B6803F00203BB
S3150800C6AC022B0DD1FB6AB3F5000F09D1784B1B6829
S3150800C6BCDB0803F00303774A22FA03F37B6311E0E2
S3150800C6CC734B1B6803F40073B3F5007F06D1FB6A42
S3150800C6DCB3F5400F02D1704B7B6303E000237B63F9
S3150800C6EC01F031B801F02FB8694BD3F8E43003F0F8
S3150800C6FC4073FB62FB6A002B04D1FCF7C1F8786324
S3150800C70C01F021B8FB6AB3F1807F08D107F1080361
S3150800C71C1846FEF75BFB3B697B6301F014B85C4B70
S3150800C72C1B6803F00203022B0ED1FB6AB3F1007FE0
S3150800C73C0AD1574B1B68DB0803F00303554A22FA48
S3150800C74C03F37B6300F0FFBF00237B6300F0FBBFA2
S3150800C75C4F4BD3F8DC3003F4E063FB62FB6AB3F5AA
S3150800C76CA06F56D0FB6AB3F5A06F00F28B80FB6AFC
S3150800C77CB3F5806F3ED0FB6AB3F5806F00F282800A
S3150800C78CFB6AB3F5407F27D0FB6AB3F5407F79D8AF
S3150800C79CFB6AB3F5007F17D0FB6AB3F5007F71D837
S3150800C7ACFB6A002B04D0FB6AB3F5807F04D069E0E2
S3150800C7BCFCF792F8786368E007F114031846FEF75D
S3150800C7CC99F97B697B6360E007F108031846FEF765
S3150800C7DCFDFA3B697B6358E02D4BD3F8F03003F038
S3150800C7EC0203022B03D14FF400437B634DE0002375
S3150800C7FC7B634AE0264BD3F8F03003F00063B3F1C1
S3150800C80C006F03D14FF4FA437B633EE000237B634E
S3150800C81C3BE01F4BD3F8E83003F040433B631C4B1B
S3150800C82C1B6803F00203022B0CD13B6B002B09D1BE
S3150800C83C174B1B68DB0803F00303164A22FA03F3AB
S3150800C84C7B631EE0124B1B6803F40073B3F5007F81
S3150800C85C06D13B6BB3F1804F02D10F4B7B6310E0D3
S3150800C86C0B4B1B6803F40033B3F5003F06D13B6B47
S3150800C87CB3F1004F02D1094B7B6302E000237B63C3
S3150800C88C03E002E000237B6300BF00F05CBF00BF3F
S3150800C89C000C02440090D00300093D000024F4006B
S3150800C8AC9E4BD3F8DC3003F4E043FB62FB6AB3F52A
S3150800C8BCA04F56D0FB6AB3F5A04F00F28B80FB6AEB
S3150800C8CCB3F5804F3ED0FB6AB3F5804F00F28280F9
S3150800C8DCFB6AB3F5405F27D0FB6AB3F5405F79D89E
S3150800C8ECFB6AB3F5005F17D0FB6AB3F5005F71D826
S3150800C8FCFB6A002B04D0FB6AB3F5805F04D069E0B1
S3150800C90CFBF7BEFF786368E007F114031846FEF7D9
S3150800C91CF1F87B697B6360E007F108031846FEF7BC
S3150800C92C55FA3B697B6358E07C4BD3F8F03003F03F
S3150800C93C0203022B03D14FF400437B634DE0002323
S3150800C94C7B634AE0754BD3F8F03003F00063B3F120
S3150800C95C006F03D14FF4FA437B633EE000237B63FD
S3150800C96C3BE06E4BD3F8E83003F040433B636B4B2C
S3150800C97C1B6803F00203022B0CD13B6B002B09D16D
S3150800C98C664B1B68DB0803F00303654A22FA03F3BC
S3150800C99C7B631EE0614B1B6803F40073B3F5007FE1
S3150800C9AC06D13B6BB3F1804F02D15E4B7B6310E033
S3150800C9BC5A4B1B6803F40033B3F5003F06D13B6BA7
S3150800C9CCB3F1004F02D1584B7B6302E000237B6323
S3150800C9DC03E002E000237B6300BF00F0B4BE4F4BBC
S3150800C9ECD3F8DC3003F4E023FB62FB6AB3F5A02F23
S3150800C9FC56D0FB6AB3F5A02F00F28B80FB6AB3F511
S3150800CA0C802F3ED0FB6AB3F5802F00F28280FB6A3A
S3150800CA1CB3F5403F27D0FB6AB3F5403F79D8FB6A9C
S3150800CA2CB3F5003F17D0FB6AB3F5003F71D8FB6A24
S3150800CA3C002B04D0FB6AB3F5803F04D069E0FBF702
S3150800CA4C4BFF786368E007F114031846FEF752F8B3
S3150800CA5C7B697B6360E007F108031846FEF7B6F9B5
S3150800CA6C3B697B6358E02D4BD3F8F03003F0020397
S3150800CA7C022B03D14FF400437B634DE000237B6309
S3150800CA8C4AE0264BD3F8F03003F00063B3F1006F9D
S3150800CA9C03D14FF4FA437B633EE000237B633BE010
S3150800CAAC1E4BD3F8E83003F040433B631B4B1B6823
S3150800CABC03F00203022B0CD13B6B002B09D1174B4D
S3150800CACC1B68DB0803F00303154A22FA03F37B639E
S3150800CADC1EE0124B1B6803F40073B3F5007F06D1F6
S3150800CAEC3B6BB3F1804F02D10E4B7B6310E00B4BC3
S3150800CAFC1B6803F40033B3F5003F06D13B6BB3F167
S3150800CB0C004F02D1084B7B6302E000237B6303E0F2
S3150800CB1C02E000237B6300BF00F015BE000C024444
S3150800CB2C0090D00300093D000024F4009E4BD3F876
S3150800CB3CDC3003F4E003FB62FB6AB3F5A00F56D0B6
S3150800CB4CFB6AB3F5A00F00F28B80FB6AB3F5800F76
S3150800CB5C3ED0FB6AB3F5800F00F28280FB6AB3F510
S3150800CB6C401F27D0FB6AB3F5401F79D8FB6AB3F58B
S3150800CB7C001F17D0FB6AB3F5001F71D8FB6A002B90
S3150800CB8C04D0FB6AB3F5801F04D069E0FBF7A4FE5A
S3150800CB9C786368E007F114031846FDF7ABFF7B6969
S3150800CBAC7B6360E007F108031846FEF70FF93B694B
S3150800CBBC7B6358E07C4BD3F8F03003F00203022B6E
S3150800CBCC03D14FF400437B634DE000237B634AE0BB
S3150800CBDC754BD3F8F03003F00063B3F1006F03D153
S3150800CBEC4FF4FA437B633EE000237B633BE06E4BDA
S3150800CBFCD3F8E83003F040433B636B4B1B6803F0F8
S3150800CC0C0203022B0CD13B6B002B09D1664B1B681C
S3150800CC1CDB0803F00303654A22FA03F37B631EE081
S3150800CC2C614B1B6803F40073B3F5007F06D13B6BAD
S3150800CC3CB3F1804F02D15E4B7B6310E05A4B1B68F5
S3150800CC4C03F40033B3F5003F06D13B6BB3F1004F49
S3150800CC5C02D1584B7B6302E000237B6303E002E0BE
S3150800CC6C00237B6300BF00F06EBD4F4BD3F8DC305E
S3150800CC7C03F0E063FB62FB6AB3F1A06F56D0FB6A64
S3150800CC8CB3F1A06F00F28B80FB6AB3F1806F3ED0D4
S3150800CC9CFB6AB3F1806F00F28280FB6AB3F1407FC6
S3150800CCAC27D0FB6AB3F1407F79D8FB6AB3F1007FD2
S3150800CCBC17D0FB6AB3F1007F71D8FB6A002B04D03E
S3150800CCCCFB6AB3F1807F04D069E0FBF705FE786355
S3150800CCDC68E007F114031846FDF70CFF7B697B63C4
S3150800CCEC60E007F108031846FEF770F83B697B63AA
S3150800CCFC58E02D4BD3F8F03003F00203022B03D186
S3150800CD0C4FF400437B634DE000237B634AE0264BDC
S3150800CD1CD3F8F03003F00063B3F1006F03D14FF48E
S3150800CD2CFA437B633EE000237B633BE01E4BD3F860
S3150800CD3CE83003F040433B631B4B1B6803F00203CC
S3150800CD4C022B0CD13B6B002B09D1174B1B68DB084C
S3150800CD5C03F00303154A22FA03F37B631EE0124B16
S3150800CD6C1B6803F40073B3F5007F06D13B6BB3F174
S3150800CD7C804F02D10E4B7B6310E00B4B1B6803F400
S3150800CD8C0033B3F5003F06D13B6BB3F1004F02D12C
S3150800CD9C084B7B6302E000237B6303E002E000237D
S3150800CDAC7B6300BF00F0CFBC000C02440090D0039C
S3150800CDBC00093D000024F4009E4BD3F8DC3003F048
S3150800CDCCE043FB62FB6AB3F1A04F56D0FB6AB3F1A2
S3150800CDDCA04F00F28B80FB6AB3F1804F3ED0FB6A02
S3150800CDECB3F1804F00F28280FB6AB3F1405F27D023
S3150800CDFCFB6AB3F1405F79D8FB6AB3F1005F17D0D1
S3150800CE0CFB6AB3F1005F71D8FB6A002B04D0FB6A8E
S3150800CE1CB3F1805F04D069E0FBF75EFD786368E0E8
S3150800CE2C07F114031846FDF765FE7B697B6360E022
S3150800CE3C07F108031846FDF7C9FF3B697B6358E001
S3150800CE4C7C4BD3F8F03003F00203022B03D14FF4DA
S3150800CE5C00437B634DE000237B634AE0754BD3F8B4
S3150800CE6CF03003F00063B3F1006F03D14FF4FA43CB
S3150800CE7C7B633EE000237B633BE06E4BD3F8E830E4
S3150800CE8C03F040433B636B4B1B6803F00203022B16
S3150800CE9C0CD13B6B002B09D1664B1B68DB0803F0E6
S3150800CEAC0303654A22FA03F37B631EE0614B1B6896
S3150800CEBC03F40073B3F5007F06D13B6BB3F1804FD7
S3150800CECC02D15E4B7B6310E05A4B1B6803F40033AC
S3150800CEDCB3F5003F06D13B6BB3F1004F02D1584B6B
S3150800CEEC7B6302E000237B6303E002E000237B63A1
S3150800CEFC00BF00F028BC4F4BD3F8E83003F440735E
S3150800CF0CFB624C4B1B6803F40033B3F5003F06D1A8
S3150800CF1CFB6A002B03D14A4B7B6300F014BCFB6AFB
S3150800CF2CB3F5807F08D107F120031846FDF776FC88
S3150800CF3C7B6A7B6300F007BCFB6AB3F5007F07D1FD
S3150800CF4C07F114031846FDF7D5FDBB697B63FAE3B5
S3150800CF5C00237B63F7E3374BD3F8E03003F0070382
S3150800CF6CFB62FB6A042B61D801A252F823F000BFBE
S3150800CF7C91CF0008A1CF0008B1CF0008C1CF000897
S3150800CF8CC7CF000807F120031846FDF747FC7B6A54
S3150800CF9C7B634EE007F114031846FDF7ABFD7B697E
S3150800CFAC7B6346E007F108031846FDF70FFFBB68DD
S3150800CFBC7B633EE0234B7B633BE01E4BD3F8E830A8
S3150800CFCC03F040433B631B4B1B6803F00203022B25
S3150800CFDC0CD13B6B002B09D1164B1B68DB0803F0F5
S3150800CFEC0303154A22FA03F37B631EE0114B1B68F5
S3150800CFFC03F40073B3F5007F06D13B6BB3F1804F96
S3150800D00C02D10E4B7B6310E00A4B1B6803F400330A
S3150800D01CB3F5003F06D13B6BB3F1004F02D1084B79
S3150800D02C7B6302E000237B6303E002E000237B635F
S3150800D03C00BF88E3000C02440090D00300093D00B1
S3150800D04C0024F4000080BB00A94BD3F8E03003F0B1
S3150800D05C3803FB62FB6A202B00F29A8001A252F875
S3150800D06C23F000BFF5D000089DD100089DD100081B
S3150800D07C9DD100089DD100089DD100089DD10008BE
S3150800D08C9DD1000805D100089DD100089DD1000846
S3150800D09C9DD100089DD100089DD100089DD100089E
S3150800D0AC9DD1000815D100089DD100089DD1000816
S3150800D0BC9DD100089DD100089DD100089DD100087E
S3150800D0CC9DD1000825D100089DD100089DD10008E6
S3150800D0DC9DD100089DD100089DD100089DD100085E
S3150800D0EC9DD100082BD1000807F120031846FDF73F
S3150800D0FC95FB7B6A7B634EE007F114031846FDF734
S3150800D10CF9FC7B697B6346E007F108031846FDF7D3
S3150800D11C5DFEBB687B633EE0764B7B633BE0744B02
S3150800D12CD3F8E83003F040433B63714B1B6803F0BC
S3150800D13C0203022B0CD13B6B002B09D16C4B1B68E1
S3150800D14CDB0803F003036C4A22FA03F37B631EE045
S3150800D15C674B1B6803F40073B3F5007F06D13B6B72
S3150800D16CB3F1804F02D1654B7B6310E0604B1B68B3
S3150800D17C03F40033B3F5003F06D13B6BB3F1004F14
S3150800D18C02D15F4B7B6302E000237B6303E002E082
S3150800D19C00237B6300BFD6E2554BD3F8E03003F48B
S3150800D1ACE073FB62FB6AB3F5807F31D0FB6AB3F59B
S3150800D1BC807F66D8FB6AC02B27D0FB6AC02B60D849
S3150800D1CCFB6A802B19D0FB6A802B5AD8FB6A002B7A
S3150800D1DC03D0FB6A402B08D053E007F1200318460E
S3150800D1ECFDF71CFB7B6A7B634EE007F114031846BC
S3150800D1FCFDF780FC7B697B6346E007F1080318465C
S3150800D20CFDF7E4FDBB687B633EE03A4B7B633BE092
S3150800D21C374BD3F8E83003F040433B63344B1B6879
S3150800D22C03F00203022B0CD13B6B002B09D1304BBC
S3150800D23C1B68DB0803F003032F4A22FA03F37B630C
S3150800D24C1EE02B4B1B6803F40073B3F5007F06D165
S3150800D25C3B6BB3F1804F02D1284B7B6310E0244B18
S3150800D26C1B6803F40033B3F5003F06D13B6BB3F1EF
S3150800D27C004F02D1224B7B6302E000237B6303E061
S3150800D28C02E000237B6300BF5DE2194BD3F8E03064
S3150800D29C03F46063FB62FB6A002B03D1FBF706FB06
S3150800D2AC786350E2124B1B6803F00063B3F1006F0E
S3150800D2BC0BD1FB6AB3F5007F07D107F114031846A7
S3150800D2CCFDF718FCBB697B634FE0094B1B6803F041
S3150800D2DC0053B3F1005F15D1FB6AB3F5806F11D11A
S3150800D2EC07F108031846FDF771FDFB687B633CE004
S3150800D2FC000C02440080BB000090D00300093D00DE
S3150800D30C0024F400944B1B6803F00203022B0DD186
S3150800D31CFB6AB3F5C06F09D18F4B1B68DB0803F0AA
S3150800D32C03038E4A22FA03F37B631EE08A4B1B68BF
S3150800D33C03F40073B3F5007F06D1FB6AB3F5006FEF
S3150800D34C02D1874B7B6310E0834B1B6803F40033D5
S3150800D35CB3F5003F06D1FB6AB3F5206F02D1814BBA
S3150800D36C7B6302E000237B63EDE1ECE17A4BD3F8B7
S3150800D37CE03003F4E043FB62FB6A002B03D1FBF7B6
S3150800D38CABFA7863DFE1744B1B6803F00063B3F107
S3150800D39C006F0BD1FB6AB3F5805F07D107F1140355
S3150800D3AC1846FDF7A7FBBB697B6345E06A4B1B6810
S3150800D3BC03F00053B3F1005F0BD1FB6AB3F5005FC2
S3150800D3CC07D107F108031846FDF700FDFB687B63D8
S3150800D3DC32E0614B1B6803F00203022B0DD1FB6A8A
S3150800D3ECB3F5405F09D15C4B1B68DB0803F00303FC
S3150800D3FC5A4A22FA03F37B631EE0574B1B6803F465
S3150800D40C0073B3F5007F06D1FB6AB3F5804F02D1E2
S3150800D41C534B7B6310E0504B1B6803F40033B3F596
S3150800D42C003F06D1FB6AB3F5A04F02D14D4B7B6387
S3150800D43C02E000237B6386E185E1474BD3F8E030B5
S3150800D44C03F46033FB62FB6A002B03D1FBF72EFA5D
S3150800D45C786378E1404B1B6803F00063B3F1006F07
S3150800D46C0BD1FB6AB3F5004F07D107F11403184625
S3150800D47CFDF740FBBB697B6345E0374B1B6803F044
S3150800D48C0053B3F1005F0BD1FB6AB3F5803F07D1AC
S3150800D49C07F108031846FDF799FCFB687B6332E035
S3150800D4AC2D4B1B6803F00203022B0DD1FB6AB3F557
S3150800D4BCC03F09D1284B1B68DB0803F00303274A36
S3150800D4CC22FA03F37B631EE0234B1B6803F40073F9
S3150800D4DCB3F5007F06D1FB6AB3F5003F02D1204BAA
S3150800D4EC7B6310E01C4B1B6803F40033B3F5003F59
S3150800D4FC06D1FB6AB3F5203F02D11A4B7B6302E0D7
S3150800D50C00237B631FE11EE1134BD3F8E43003F0D1
S3150800D51C0303FB62FB6A032B5FD801A252F823F0C4
S3150800D52C3DD5000845D5000855D5000875D5000821
S3150800D53CFBF78AF9786353E007F120031846FDF7E1
S3150800D54C6DF97B6A7B634BE007F114031846FDF70C
S3150800D55CD1FAFB697B6343E0000C02440090D003CC
S3150800D56C00093D000024F400794BD3F8E83003F0A9
S3150800D57C40433B63764B1B6803F00203022B0CD12A
S3150800D58C3B6B002B09D1724B1B68DB0803F00303BA
S3150800D59C704A22FA03F37B631EE06D4B1B6803F497
S3150800D5AC0073B3F5007F06D13B6BB3F1804F02D104
S3150800D5BC694B7B6310E0664B1B6803F40033B3F5C9
S3150800D5CC003F06D13B6BB3F1004F02D1634B7B6333
S3150800D5DC02E000237B6303E002E000237B6300BFC9
S3150800D5ECB1E05B4BD3F8E83003F0C003FB62584B51
S3150800D5FCD3F8F03003F00203022B06D1FB6A002B9A
S3150800D60C03D14FF400437B631FE0514BD3F8F03042
S3150800D61C03F00063B3F1006F06D1FB6A402B03D10C
S3150800D62C4FF4FA437B6310E0494B1B6803F4007311
S3150800D63CB3F5007F06D1FB6A802B03D148F212039F
S3150800D64C7B6302E000237B637DE07CE0404BD3F8F0
S3150800D65CE83003F03003FB623D4B1B6803F40053C0
S3150800D66CB3F5005F05D1FB6A002B02D13C4B7B63FB
S3150800D67C31E0374B1B6803F00073B3F1007F0AD116
S3150800D68CFB6A102B07D107F120031846FDF7C6F8DD
S3150800D69C7B6A7B631FE02E4BD3F8F03003F0020352
S3150800D6AC022B06D1FB6A202B03D14FF400437B6374
S3150800D6BC11E0274BD3F8F03003F00063B3F1006F99
S3150800D6CC06D1FB6A302B03D14FF4FA437B6302E095
S3150800D6DC00237B6337E036E01D4BD3F8E43003F0C8
S3150800D6EC3003FB62FB6A102B07D107F1200318469F
S3150800D6FCFDF794F87B6A7B6325E0154B1B6803F0F2
S3150800D70C0053B3F1005F0AD1FB6A202B07D107F14E
S3150800D71C08031846FDF75AFBFB687B630FE00C4BB6
S3150800D72C1B6803F40053B3F5005F05D1FB6A302B75
S3150800D73C02D10B4B7B6302E000237B6303E002E020
S3150800D74C00237B6300BF7B6B18463C37BD4690BDF8
S3150800D75C000C02440090D00300093D000024F4009C
S3150800D76C006CDC0280B584B000AF7860484B1B684F
S3150800D77C474A23F080631360F7F71EFFF86008E04A
S3150800D78CF7F71AFF0246FB68D31A022B01D90323B3
S3150800D79C7AE03F4B1B6803F00063002BF0D13C4B3F
S3150800D7ACDB6A23F47C5323F003037A6811687A68DE
S3150800D7BC526812020A4336491343CB627B689B684C
S3150800D7CC013BC3F308027B68DB68013B5B029BB237
S3150800D7DC1A437B681B69013B1B0403F4FE031A43BB
S3150800D7EC7B685B69013B1B0603F0FE432849134320
S3150800D7FCCB63274BDB6A23F00C027B689B692449B5
S3150800D80C1343CB62224BDB6A23F020027B68DB696D
S3150800D81C1F491343CB621E4BDA6A7B685B6A1C4949
S3150800D82C1343CB621A4BDB6A194A23F01003D362F3
S3150800D83C174B1B6C23F47F4323F0F8037A68126AA0
S3150800D84CD200134913430B64114BDB6A104A43F09D
S3150800D85C1003D3620E4B1B680D4A43F080631360AA
S3150800D86CF7F7AAFEF86008E0F7F7A6FE0246FB688B
S3150800D87CD31A022B01D9032306E0054B1B6803F0C8
S3150800D88C0063002BF0D0002318461037BD4680BD28
S3150800D89C000C024480B584B000AF7860484B1B6816
S3150800D8AC474A23F080531360F7F786FEF86008E0C2
S3150800D8BCF7F782FE0246FB68D31A022B01D903231B
S3150800D8CC7AE03F4B1B6803F00053002BF0D13C4B1E
S3150800D8DC1B6B23F47C5323F003037A6811687A686C
S3150800D8EC526812020A43364913430B637B689B68DA
S3150800D8FC013BC3F308027B68DB68013B5B029BB206
S3150800D90C1A437B681B69013B1B0403F4FE031A4389
S3150800D91C7B685B69013B1B0603F0FE4328491343EE
S3150800D92C4B64274B1B6B23F00C027B689B692449C1
S3150800D93C13430B63224B1B6B23F020027B68DB69BA
S3150800D94C1F4913430B631E4B1A6B7B685B6A1C4996
S3150800D95C13430B631A4B1B6B194A23F010031363FF
S3150800D96C174B9B6C23F47F4323F0F8037A68126AEF
S3150800D97CD200134913438B64114B1B6B104A43F0AB
S3150800D98C100313630E4B1B680D4A43F08053136048
S3150800D99CF7F712FEF86008E0F7F70EFE0246FB688A
S3150800D9ACD31A022B01D9032306E0054B1B6803F097
S3150800D9BC0053002BF0D0002318461037BD4680BD07
S3150800D9CC000C024480B582B000AF78607B68002BEF
S3150800D9DC01D1012349E07B6893F83D30DBB2002B7B
S3150800D9EC06D17B68002283F83C207868F7F738F86C
S3150800D9FC7B68022283F83D207B681A687B680433AF
S3150800DA0C1946104600F0C8FA7B68012283F84820AC
S3150800DA1C7B68012283F83E207B68012283F83F202D
S3150800DA2C7B68012283F840207B68012283F8412019
S3150800DA3C7B68012283F842207B68012283F8432005
S3150800DA4C7B68012283F844207B68012283F84520F1
S3150800DA5C7B68012283F846207B68012283F84720DD
S3150800DA6C7B68012283F83D20002318460837BD46FB
S3150800DA7C80BD80B582B000AF78607B68002B01D181
S3150800DA8C012349E07B6893F83D30DBB2002B06D1C5
S3150800DA9C7B68002283F83C20786800F041F87B68A4
S3150800DAAC022283F83D207B681A687B680433194682
S3150800DABC104600F071FA7B68012283F848207B68CF
S3150800DACC012283F83E207B68012283F83F207B687D
S3150800DADC012283F840207B68012283F841207B6869
S3150800DAEC012283F842207B68012283F843207B6855
S3150800DAFC012283F844207B68012283F845207B6841
S3150800DB0C012283F846207B68012283F847207B682C
S3150800DB1C012283F83D20002318460837BD4680BDF0
S3150800DB2C80B483B000AF786000BF0C37BD465DF893
S3150800DB3C047B704780B586B000AFF860B9607A6030
S3150800DB4C0023FB75FB6893F83C30012B01D10223AB
S3150800DB5CFFE0FB68012283F83C207B68142B00F25B
S3150800DB6CF08001A252F823F0C9DB00084FDD00084B
S3150800DB7C4FDD00084FDD000809DC00084FDD000802
S3150800DB8C4FDD00084FDD00084BDC00084FDD0008B0
S3150800DB9C4FDD00084FDD00088BDC00084FDD000860
S3150800DBAC4FDD00084FDD0008CDDC00084FDD00080E
S3150800DBBC4FDD00084FDD00080DDD0008FB681B680B
S3150800DBCCB968184600F00EFBFB681B689A69FB6877
S3150800DBDC1B6842F008029A61FB681B689A69FB6825
S3150800DBEC1B6822F004029A61FB681B689969BB687A
S3150800DBFC1A69FB681B680A439A61A5E0FB681B68EF
S3150800DC0CB968184600F0B0FBFB681B689A69FB6894
S3150800DC1C1B6842F400629A61FB681B689A69FB6888
S3150800DC2C1B6822F480629A61FB681B689969BB6859
S3150800DC3C1B691A02FB681B680A439A6184E0FB6835
S3150800DC4C1B68B968184600F03FFCFB681B68DA6964
S3150800DC5CFB681B6842F00802DA61FB681B68DA6924
S3150800DC6CFB681B6822F00402DA61FB681B68D96939
S3150800DC7CBB681A69FB681B680A43DA6164E0FB68CF
S3150800DC8C1B68B968184600F0CDFCFB681B68DA6996
S3150800DC9CFB681B6842F40062DA61FB681B68DA6988
S3150800DCACFB681B6822F48062DA61FB681B68D96919
S3150800DCBCBB681B691A02FB681B680A43DA6143E0F6
S3150800DCCCFB681B68B968184600F05CFDFB681B68A6
S3150800DCDC1A6DFB681B6842F008021A65FB681B681C
S3150800DCEC1A6DFB681B6822F004021A65FB681B6830
S3150800DCFC196DBB681A69FB681B680A431A6523E029
S3150800DD0CFB681B68B968184600F0BEFDFB681B6803
S3150800DD1C1A6DFB681B6842F400621A65FB681B687F
S3150800DD2C1A6DFB681B6822F480621A65FB681B680F
S3150800DD3C196DBB681B691A02FB681B680A431A65CE
S3150800DD4C02E00123FB7500BFFB68002283F83C2028
S3150800DD5CFB7D18461837BD4680BD00BF80B584B01C
S3150800DD6C00AF786039600023FB737B6893F83C300E
S3150800DD7C012B01D10223FEE07B68012283F83C20AB
S3150800DD8C7B68022283F83D207B681B689B68BB6016
S3150800DD9CBB6823F4441323F07703BB60BB6823F4F6
S3150800DDAC7F43BB607B681B68BA689A603B681B68D4
S3150800DDBCB3F5001F00F0C980B3F5001F00F2CE8042
S3150800DDCC6F4A934200F0C1806D4A934200F2C680B6
S3150800DDDC6C4A934200F0B9806A4A934200F2BE80BC
S3150800DDEC694A934200F0B180674A934200F2B680C2
S3150800DDFC664A934200F0A980644A934200F2AE80C8
S3150800DE0C634A934200F0A180614A934200F2A680CD
S3150800DE1C604A934200F099805E4A934200F29E80D3
S3150800DE2CB3F1101F00F09180B3F1101F00F2968029
S3150800DE3CB3F5801F00F08980B3F5801F00F28E8041
S3150800DE4CB3F5005F3ED0B3F5005F00F28780B3F5FB
S3150800DE5C805F00F08680B3F5805F7FD8702B1AD070
S3150800DE6C702B7BD8602B50D0602B77D8502B3CD09E
S3150800DE7C502B73D8402B58D0402B6FD8302B64D0EE
S3150800DE8C302B6BD8202B60D0202B67D8002B5CD07E
S3150800DE9C102B5AD062E07B6818683B6899683B6817
S3150800DEAC5A683B68DB6800F0EFFD7B681B689B686B
S3150800DEBCBB60BB6843F07703BB607B681B68BA68BA
S3150800DECC9A604FE07B6818683B6899683B685A68A3
S3150800DEDC3B68DB6800F0D8FD7B681B689A687B6832
S3150800DEEC1B6842F480429A603CE07B6818683B6881
S3150800DEFC59683B68DB681A4600F04AFD7B681B6864
S3150800DF0C5021184600F0A3FD2CE07B6818683B6886
S3150800DF1C59683B68DB681A4600F069FD7B681B6824
S3150800DF2C6021184600F093FD1CE07B6818683B6876
S3150800DF3C59683B68DB681A4600F02AFD7B681B6843
S3150800DF4C4021184600F083FD0CE07B681A683B6894
S3150800DF5C1B681946104600F07AFD03E00123FB7393
S3150800DF6C00E000BF7B68012283F83D207B68002215
S3150800DF7C83F83C20FB7B18461037BD4680BD00BF96
S3150800DF8C70001000600010005000100040001000D7
S3150800DF9C300010002000100080B485B000AF786007
S3150800DFAC39607B681B68FB607B68784A93422BD088
S3150800DFBC7B68774A934227D07B68B3F1804F23D08E
S3150800DFCC7B68B3F1A04F1FD07B68724A93421BD073
S3150800DFDC7B68714A934217D07B68704A934213D078
S3150800DFEC7B686F4A93420FD07B686E4A93420BD07C
S3150800DFFC7B686D4A934207D07B686C4A934203D080
S3150800E00C7B686B4A934208D1FB6823F07003FB606C
S3150800E01C3B685B68FA681343FB607B685B4A934210
S3150800E02C5BD07B685A4A934257D07B68B3F1804FD2
S3150800E03C53D07B68B3F1A04F4FD07B68554A9342B7
S3150800E04C4BD07B68544A934247D07B68534A9342D9
S3150800E05C43D07B68524A93423FD07B68514A9342DD
S3150800E06C3BD07B68504A934237D07B684F4A9342E1
S3150800E07C33D07B684E4A93422FD07B684D4A9342E5
S3150800E08C2BD07B684C4A934227D07B684B4A9342E9
S3150800E09C23D07B684A4A93421FD07B68494A9342ED
S3150800E0AC1BD07B68484A934217D07B68474A9342F1
S3150800E0BC13D07B68464A93420FD07B68454A9342F5
S3150800E0CC0BD07B68444A934207D07B68434A9342F9
S3150800E0DC03D07B68424A934208D1FB6823F4407309
S3150800E0ECFB603B68DB68FA681343FB60FB6823F04C
S3150800E0FC80023B685B691343FB603B689A687B68E4
S3150800E10CDA623B681A687B689A627B681F4A934294
S3150800E11C23D07B681E4A93421FD07B68234A9342BE
S3150800E12C1BD07B68224A934217D07B68274A9342B6
S3150800E13C13D07B68264A93420FD07B68254A9342B4
S3150800E14C0BD07B68244A934207D07B68234A9342B8
S3150800E15C03D07B68224A934203D13B681A697B68D1
S3150800E16C1A637B681B6843F004027B681A607B6839
S3150800E17C01225A61BFF34F8F00BF7B68FA681A6099
S3150800E18C00BF1437BD465DF8047B7047002C014070
S3150800E19C002C015000040040000400500008004008
S3150800E1AC00080050000C0040000C005000340140E0
S3150800E1BC003401500018004000180050001C0040A4
S3150800E1CC001C005000200040002000500040014078
S3150800E1DC00400150004401400044015000480140F1
S3150800E1EC0048015080B487B000AF786039607B680E
S3150800E1FC1B6A7B617B681B6A23F001027B681A62C7
S3150800E20C7B685B683B617B689B69FB60FB6823F4F6
S3150800E21C803323F07003FB60FB6823F00303FB6079
S3150800E22C3B681B68FA681343FB607B6923F002039F
S3150800E23C7B613B689B687A6913437B617B68404AC0
S3150800E24C934223D07B683F4A93421FD07B683E4A51
S3150800E25C93421BD07B683D4A934217D07B683C4A55
S3150800E26C934213D07B683B4A93420FD07B683A4A59
S3150800E27C93420BD07B68394A934207D07B68384A5D
S3150800E28C934203D07B68374A93420CD17B6923F0BF
S3150800E29C08037B613B68DB687A6913437B617B699E
S3150800E2AC23F004037B617B68254A934223D07B6861
S3150800E2BC244A93421FD07B68234A93421BD07B681F
S3150800E2CC224A934217D07B68214A934213D07B6823
S3150800E2DC204A93420FD07B681F4A93420BD07B6827
S3150800E2EC1E4A934207D07B681D4A934203D07B682B
S3150800E2FC1C4A934211D13B6923F480733B613B69F9
S3150800E30C23F400733B613B685B693A6913433B61D1
S3150800E31C3B689B693A6913433B617B683A695A6067
S3150800E32C7B68FA689A613B685A687B685A637B68AB
S3150800E33C7A691A6200BF1C37BD465DF8047B7047C4
S3150800E34C002C0140002C01500034014000340150CF
S3150800E35C0040014000400150004401400044015077
S3150800E36C004801400048015080B487B000AF78607F
S3150800E37C39607B681B6A7B617B681B6A23F0100219
S3150800E38C7B681A627B685B683B617B689B69FB6090
S3150800E39CFB6823F0807323F4E043FB60FB6823F4EB
S3150800E3AC4073FB603B681B681B02FA681343FB60EF
S3150800E3BC7B6923F020037B613B689B681B017A69A8
S3150800E3CC13437B617B68364A93420BD07B68354A8C
S3150800E3DC934207D07B68344A934203D07B68334A0E
S3150800E3EC93420DD17B6923F080037B613B68DB6824
S3150800E3FC1B017A6913437B617B6923F040037B61BC
S3150800E40C7B68274A934223D07B68264A93421FD0BF
S3150800E41C7B68254A93421BD07B68244A934217D0C3
S3150800E42C7B68234A934213D07B68224A93420FD0C7
S3150800E43C7B68214A93420BD07B68204A934207D0CB
S3150800E44C7B681F4A934203D07B681E4A934213D1BA
S3150800E45C3B6923F480633B613B6923F400633B61AE
S3150800E46C3B685B699B003A6913433B613B689B6954
S3150800E47C9B003A6913433B617B683A695A607B682F
S3150800E48CFA689A613B685A687B689A637B687A690A
S3150800E49C1A6200BF1C37BD465DF8047B704700BF87
S3150800E4AC002C0140002C015000340140003401506E
S3150800E4BC0040014000400150004401400044015016
S3150800E4CC004801400048015080B487B000AF78601E
S3150800E4DC39607B681B6A7B617B681B6A23F48072D4
S3150800E4EC7B681A627B685B683B617B68DB69FB60EF
S3150800E4FCFB6823F4803323F07003FB60FB6823F07E
S3150800E50C0303FB603B681B68FA681343FB607B6973
S3150800E51C23F400737B613B689B681B027A6913437F
S3150800E52C7B617B68354A93420BD07B68344A9342AD
S3150800E53C07D07B68334A934203D07B68324A9342AE
S3150800E54C0DD17B6923F400637B613B68DB681B0296
S3150800E55C7A6913437B617B6923F480637B617B68EF
S3150800E56C264A934223D07B68254A93421FD07B6860
S3150800E57C244A93421BD07B68234A934217D07B6864
S3150800E58C224A934213D07B68214A93420FD07B6868
S3150800E59C204A93420BD07B681F4A934207D07B686C
S3150800E5AC1E4A934203D07B681D4A934213D13B699A
S3150800E5BC23F480533B613B6923F400533B613B686E
S3150800E5CC5B691B013A6913433B613B689B691B01F9
S3150800E5DC3A6913433B617B683A695A607B68FA6807
S3150800E5ECDA613B685A687B68DA637B687A691A620F
S3150800E5FC00BF1C37BD465DF8047B7047002C0140F4
S3150800E60C002C0150003401400034015000400140F8
S3150800E61C00400150004401400044015000480140AC
S3150800E62C0048015080B487B000AF786039607B68C9
S3150800E63C1B6A7B617B681B6A23F480527B681A62AF
S3150800E64C7B685B683B617B68DB69FB60FB6823F076
S3150800E65C807323F4E043FB60FB6823F44073FB6090
S3150800E66C3B681B681B02FA681343FB607B6923F43F
S3150800E67C00537B613B689B681B037A6913437B6178
S3150800E68C7B68364A93420BD07B68354A934207D04F
S3150800E69C7B68344A934203D07B68334A93420DD144
S3150800E6AC7B6923F400437B613B68DB681B037A694F
S3150800E6BC13437B617B6923F480437B617B68274A20
S3150800E6CC934223D07B68264A93421FD07B68254AFF
S3150800E6DC93421BD07B68244A934217D07B68234A03
S3150800E6EC934213D07B68224A93420FD07B68214A07
S3150800E6FC93420BD07B68204A934207D07B681F4A0B
S3150800E70C934203D07B681E4A934213D13B6923F488
S3150800E71C80433B613B6923F400433B613B685B697F
S3150800E72C9B013A6913433B613B689B699B013A69B8
S3150800E73C13433B617B683A695A607B68FA68DA610D
S3150800E74C3B685A687B681A647B687A691A6200BFE8
S3150800E75C1C37BD465DF8047B704700BF002C014092
S3150800E76C002C015000340140003401500040014097
S3150800E77C004001500044014000440150004801404B
S3150800E78C0048015080B487B000AF786039607B6868
S3150800E79C1B6A3B617B681B6A23F480327B681A62AE
S3150800E7AC7B685B687B617B681B6DFB60FB6823F48D
S3150800E7BC803323F07003FB603B681B68FA681343CD
S3150800E7CCFB603B6923F400333B613B689B681B0485
S3150800E7DC3A6913433B617B68214A934223D07B6891
S3150800E7EC204A93421FD07B681F4A93421BD07B68F2
S3150800E7FC1E4A934217D07B681D4A934213D07B68F6
S3150800E80C1C4A93420FD07B681B4A93420BD07B68F9
S3150800E81C1A4A934207D07B68194A934203D07B68FD
S3150800E82C184A934209D17B6923F480337B613B6890
S3150800E83C5B691B027A6913437B617B687A695A6048
S3150800E84C7B68FA681A653B685A687B689A647B68C1
S3150800E85C3A691A6200BF1C37BD465DF8047B7047DF
S3150800E86C002C0140002C01500034014000340150AA
S3150800E87C0040014000400150004401400044015052
S3150800E88C004801400048015080B487B000AF78605A
S3150800E89C39607B681B6A3B617B681B6A23F48012B0
S3150800E8AC7B681A627B685B687B617B681B6DFB60A7
S3150800E8BCFB6823F0807323F4E043FB603B681B681A
S3150800E8CC1B02FA681343FB603B6923F400133B6194
S3150800E8DC3B689B681B053A6913433B617B68224A74
S3150800E8EC934223D07B68214A93421FD07B68204AE7
S3150800E8FC93421BD07B681F4A934217D07B681E4AEB
S3150800E90C934213D07B681D4A93420FD07B681C4AEE
S3150800E91C93420BD07B681B4A934207D07B681A4AF2
S3150800E92C934203D07B68194A934209D17B6923F435
S3150800E93C80237B613B685B699B027A6913437B6125
S3150800E94C7B687A695A607B68FA681A653B685A6804
S3150800E95C7B68DA647B683A691A6200BF1C37BD4665
S3150800E96C5DF8047B704700BF002C0140002C015059
S3150800E97C0034014000340150004001400040015071
S3150800E98C0044014000440150004801400048015031
S3150800E99C80B487B000AFF860B9607A60FB681B6A10
S3150800E9AC7B61FB681B6A23F00102FB681A62FB6831
S3150800E9BC9B693B613B6923F0F0033B617B681B0158
S3150800E9CC3A6913433B617B6923F00A037B617A69D5
S3150800E9DCBB6813437B61FB683A699A61FB687A6981
S3150800E9EC1A6200BF1C37BD465DF8047B704780B4BD
S3150800E9FC87B000AFF860B9607A60FB681B6A7B6108
S3150800EA0CFB681B6A23F01002FB681A62FB689B6999
S3150800EA1C3B613B6923F470433B617B681B033A6992
S3150800EA2C13433B617B6923F0A0037B61BB681B0125
S3150800EA3C7A6913437B61FB683A699A61FB687A6960
S3150800EA4C1A6200BF1C37BD465DF8047B704780B45C
S3150800EA5C85B000AF786039607B689B68FB60FB68A3
S3150800EA6C23F4401323F07003FB603A68FB681343E6
S3150800EA7C43F00703FB607B68FA689A6000BF14379B
S3150800EA8CBD465DF8047B704780B487B000AFF8606C
S3150800EA9CB9607A603B60FB689B687B617B6923F491
S3150800EAAC7F437B613B681A027B681A43BB68134336
S3150800EABC7A6913437B61FB687A699A6000BF1C37D5
S3150800EACCBD465DF8047B704780B485B000AF7860AE
S3150800EADC39607B6893F83C30012B01D10223A1E005
S3150800EAEC7B68012283F83C207B68022283F83D2050
S3150800EAFC7B681B685B68FB607B681B689B68BB60F4
S3150800EB0C7B681B684A4A93420ED07B681B68494A45
S3150800EB1C934209D07B681B68474A934204D07B68AA
S3150800EB2C1B68464A934208D1FB6823F47003FB60C2
S3150800EB3C3B685B68FA681343FB60FB6823F0007359
S3150800EB4C23F07003FB603B681B68FA681343FB6091
S3150800EB5C7B681B68FA685A607B681B68344A934260
S3150800EB6C4AD07B681B68334A934245D07B681B683E
S3150800EB7CB3F1804F40D07B681B68B3F1A04F3BD0F4
S3150800EB8C7B681B682E4A934236D07B681B682D4AD5
S3150800EB9C934231D07B681B682B4A93422CD07B68F6
S3150800EBAC1B682A4A934227D07B681B68284A9342DB
S3150800EBBC22D07B681B68274A93421DD07B681B684A
S3150800EBCC1D4A934218D07B681B681C4A934213D083
S3150800EBDC7B681B68204A93420ED07B681B681F4AC9
S3150800EBEC934209D07B681B681D4A934204D07B6804
S3150800EBFC1B681C4A93420CD1BB6823F08003BB608C
S3150800EC0C3B689B68BA681343BB607B681B68BA6829
S3150800EC1C9A607B68012283F83D207B68002283F882
S3150800EC2C3C20002318461437BD465DF8047B704714
S3150800EC3C002C0140002C01500034014000340150D6
S3150800EC4C0004004000040050000800400008005072
S3150800EC5C000C0040000C0050001800400018005032
S3150800EC6C004001400040015080B485B000AF786088
S3150800EC7C39600023FB607B6893F83C30012B01D18B
S3150800EC8C02237DE07B68012283F83C20FB6823F095
S3150800EC9CFF023B68DB681343FB60FB6823F4407296
S3150800ECAC3B689B681343FB60FB6823F480623B68F4
S3150800ECBC5B681343FB60FB6823F400623B681B68C4
S3150800ECCC1343FB60FB6823F480523B681B691343B0
S3150800ECDCFB60FB6823F400523B685B691343FB60DB
S3150800ECECFB6823F480423B681B6B1343FB60FB6891
S3150800ECFC23F470223B689B691B041343FB60FB6877
S3150800ED0C23F080523B68DB691343FB607B681B6806
S3150800ED1C1E4A93420ED07B681B681D4A934209D043
S3150800ED2C7B681B681B4A934204D07B681B681A4A8B
S3150800ED3C93421CD1FB6823F470023B689B6A1B0543
S3150800ED4C1343FB60FB6823F080723B681B6A134312
S3150800ED5CFB60FB6823F000723B685B6A1343FB603D
S3150800ED6CFB6823F000523B68DB6A1343FB607B6845
S3150800ED7C1B68FA685A647B68002283F83C200023D7
S3150800ED8C18461437BD465DF8047B7047002C0140C5
S3150800ED9C002C0150003401400034015080B582B07B
S3150800EDAC00AF78607B68002B01D1012342E07B68B9
S3150800EDBCD3F88830002B06D17B68002283F8842090
S3150800EDCC7868F5F7ABFE7B682422C3F888207B6845
S3150800EDDC1B681A687B681B6822F001021A607B683C
S3150800EDEC9B6A002B02D0786800F07CFD786800F0EE
S3150800EDFC8BFB0346012B01D101231BE07B681B68A7
S3150800EE0C5A687B681B6822F490425A607B681B68B8
S3150800EE1C9A687B681B6822F02A029A607B681B68D2
S3150800EE2C1A687B681B6842F001021A60786800F061
S3150800EE3CFBFD034618460837BD4680BD80B582B033
S3150800EE4C00AF78607B68002B01D101234AE07B6810
S3150800EE5CD3F88830002B06D17B68002283F88420EF
S3150800EE6C7868F5F75BFE7B682422C3F888207B68F4
S3150800EE7C1B681A687B681B6822F001021A607B689B
S3150800EE8C9B6A002B02D0786800F02CFD786800F09D
S3150800EE9C3BFB0346012B01D1012323E07B681B684E
S3150800EEAC5A687B681B6822F490425A607B681B6818
S3150800EEBC9A687B681B6822F022029A607B681B683A
S3150800EECC9A687B681B6842F008029A607B681B6824
S3150800EEDC1A687B681B6842F001021A60786800F0B1
S3150800EEECA3FD034618460837BD4680BD80B5AEB0AF
S3150800EEFC00AF78607B681B68DB69C7F8B4307B6841
S3150800EF0C1B681B68C7F8B0307B681B689B68C7F81A
S3150800EF1CAC30D7F8B42040F60F031340C7F8A83026
S3150800EF2CD7F8A830002B1BD1D7F8B43003F0200340
S3150800EF3C002B15D0D7F8B03003F02003002B05D1E1
S3150800EF4CD7F8AC3003F08053002B09D07B685B6F85
S3150800EF5C002B00F0AC827B685B6F78689847A6E25A
S3150800EF6CD7F8A830002B00F0FD80D7F8AC207A4BE8
S3150800EF7C1340002B06D1D7F8B020784B1340002B42
S3150800EF8C00F0F080D7F8B43003F00103002B11D051
S3150800EF9CD7F8B03003F48073002B0BD07B681B6852
S3150800EFAC01221A627B68D3F8903043F001027B6821
S3150800EFBCC3F89020D7F8B43003F00203002B11D015
S3150800EFCCD7F8AC3003F00103002B0BD07B681B6819
S3150800EFDC02221A627B68D3F8903043F004027B68ED
S3150800EFECC3F89020D7F8B43003F00403002B11D0E3
S3150800EFFCD7F8AC3003F00103002B0BD07B681B68E9
S3150800F00C04221A627B68D3F8903043F002027B68BC
S3150800F01CC3F89020D7F8B43003F00803002B17D0A8
S3150800F02CD7F8B03003F02003002B05D1D7F8AC2065
S3150800F03C494B1340002B0BD07B681B6808221A62BD
S3150800F04C7B68D3F8903043F008027B68C3F89020AD
S3150800F05CD7F8B43003F40063002B12D0D7F8B030CD
S3150800F06C03F08063002B0CD07B681B684FF400629E
S3150800F07C1A627B68D3F8903043F020027B68C3F899
S3150800F08C90207B68D3F89030002B00F01282D7F8CA
S3150800F09CB43003F02003002B13D0D7F8B03003F0AC
S3150800F0AC2003002B05D1D7F8AC3003F08053002B86
S3150800F0BC07D07B685B6F002B03D07B685B6F786827
S3150800F0CC98477B68D3F89030C7F8A4307B681B68E0
S3150800F0DC9B6803F04003402B05D0D7F8A43003F007
S3150800F0EC2803002B2ED0786800F0B5FD7B681B68CA
S3150800F0FC9B6803F04003402B20D17B68D3F8803003
S3150800F10C002B17D07B68D3F88030154ADA667B68F3
S3150800F11CD3F880301846F7F733FD0346002B19D081
S3150800F12C7B68D3F88030DB6E7A68D2F8802010467C
S3150800F13C98470FE0786800F0D1F90BE0786800F092
S3150800F14CCDF907E0786800F0C9F97B680022C3F8A6
S3150800F15C9020AEE100BFACE10100001020010004D4
S3150800F16C2FFD00087B68DB6E012B40F04281D7F837
S3150800F17CB43003F01003002B00F03B81D7F8B03005
S3150800F18C03F01003002B00F034817B681B681022F7
S3150800F19C1A627B681B689B6803F04003402B40F09F
S3150800F1ACAA807B68D3F880301B689B6CA7F89230D2
S3150800F1BCB7F89230002B00F084807B68B3F85C308B
S3150800F1CCB7F892209A427CD27B68B7F89220A3F8BB
S3150800F1DC5E207B68D3F880301B6D812B60D07B68F2
S3150800F1EC1B687B677B6F53E8003F3B673B6F23F4D9
S3150800F1FC8073C7F88C307B681B681A46D7F88C3036
S3150800F20CC7F88030FA67F96FD7F8802041E80023F1
S3150800F21CBB67BB6F002BE2D17B681B6808333B6668
S3150800F22C3B6E53E8003FFB65FB6D23F00103C7F803
S3150800F23C88307B681B680833D7F88820FA66BB6663
S3150800F24CB96EFA6E41E800237B667B6E002BE3D120
S3150800F25C7B682022C3F88C207B680022DA667B68E0
S3150800F26C1B68FB64FB6C53E8003FBB64BB6C23F068
S3150800F27C1003C7F884307B681B681A46D7F88430A5
S3150800F28CBB657A65796DBA6D41E800233B653B6DC4
S3150800F29C002BE4D17B68D3F880301846F7F7F4FBDB
S3150800F2AC7B6802221A677B68B3F85C207B68B3F824
S3150800F2BC5E309BB2D31A9BB21946786800F018F9DF
S3150800F2CCF9E07B68B3F85C30B7F892209A4240F0C4
S3150800F2DCF2807B68D3F880301B6D812B40F0EB8075
S3150800F2EC7B6802221A677B68B3F85C301946786823
S3150800F2FC00F0FEF8DFE07B68B3F85C207B68B3F8B7
S3150800F30C5E309BB2D31AA7F8A2307B68B3F85E308E
S3150800F31C9BB2002B00F0D180B7F8A230002B00F07E
S3150800F32CCC807B681B68BB63BB6B53E8003F7B6375
S3150800F33C7B6B23F49073C7F89C307B681B681A4662
S3150800F34CD7F89C307B643A64396C7A6C41E80023B4
S3150800F35CFB63FB6B002BE4D17B681B6808337B6271
S3150800F36C7B6A53E8003F3B623B6A23F0805323F0E9
S3150800F37C0103C7F898307B681B680833D7F89820C0
S3150800F38C3A63FB62F96A3A6B41E80023BB62BB6AD3
S3150800F39C002BE1D17B682022C3F88C207B680022E5
S3150800F3ACDA667B6800225A677B681B683B613B6997
S3150800F3BC53E8003FFB60FB6823F01003C7F8943052
S3150800F3CC7B681B681A46D7F89430FB61BA61B96931
S3150800F3DCFA6941E800237B617B69002BE4D17B68E1
S3150800F3EC02221A67B7F8A2301946786800F080F836
S3150800F3FC63E0D7F8B43003F48013002B0ED0D7F89B
S3150800F40CAC3003F48003002B08D07B681B684FF4E0
S3150800F41C80121A62786800F0BDFC51E0D7F8B43057
S3150800F42C03F08003002B14D0D7F8B03003F0800318
S3150800F43C002B05D1D7F8AC3003F40003002B08D009
S3150800F44C7B689B6F002B3AD07B689B6F78689847D4
S3150800F45C35E0D7F8B43003F04003002B09D0D7F8C1
S3150800F46CB03003F04003002B03D0786800F067FC3B
S3150800F47C26E0D7F8B43003F40003002B09D0D7F8EC
S3150800F48CB03003F08043002B03D0786800F096FC6C
S3150800F49C16E0D7F8B43003F08073002B10D0D7F8E9
S3150800F4ACB030002B0CDA786800F07EFC08E000BF60
S3150800F4BC06E000BF04E000BF02E000BF00E000BFAA
S3150800F4CCB837BD4680BD00BF80B483B000AF786046
S3150800F4DC00BF0C37BD465DF8047B704780B483B01B
S3150800F4EC00AF786000BF0C37BD465DF8047B7047EB
S3150800F4FC80B483B000AF78600B467B8000BF0C37B6
S3150800F50CBD465DF8047B70472DE9B04F94B000AF4B
S3150800F51CF862002387F84730FB6A1A68784B9A42D8
S3150800F52CFB6A9A68FB6A1B691A43FB6A5B691A438E
S3150800F53CFB6ADB691343FB64FB6A1B681B6871492E
S3150800F54C1940FB6A1A68FB6C0B431360FB6A1B6851
S3150800F55C5B6823F44050FB6AD968FB6A1A6840EA70
S3150800F56C01035360FB6A9B69FB64FB6A1A68644B6C
S3150800F57C9A4209D0FB6A1A68634B9A4204D0FB6A12
S3150800F58C1A6AFB6C1343FB64FB6A1B689B6823F0C3
S3150800F59C6E4121F43061FB6A1A68FB6C0B4393606D
S3150800F5ACFB6A1B68DB6A23F00F00FB6A596AFB6A65
S3150800F5BC1A6840EA0103D362FB6A1A68534B9A42EB
S3150800F5CC02D10123BB6466E0FB6A1A68504B9A4267
S3150800F5DC02D10223BB645EE0FB6A1A684D4B9A4261
S3150800F5EC02D10423BB6456E0FB6A1A684A4B9A425A
S3150800F5FC02D10823BB644EE0FB6A1A68474B9A4251
S3150800F60C02D11023BB6446E0FB6A1A68444B9A4243
S3150800F61C02D12023BB643EE0FB6A1A68414B9A422E
S3150800F62C02D14023BB6436E0FB6A1A683E4B9A4209
S3150800F63C02D18023BB642EE0FB6A1A683B4B9A42C4
S3150800F64C03D14FF48073BB6425E0FB6A1A68384B08
S3150800F65C9A4203D14FF40073BB641CE0FB6A1A6828
S3150800F66C344B9A4203D14FF48063BB6413E0FB6AB4
S3150800F67C1A68314B9A4203D14FF40063BB640AE013
S3150800F68CFB6A1A681E4B9A4203D14FF48053BB642B
S3150800F69C01E00023BB64FB6A1A68194B9A4205D031
S3150800F6ACFB6A1A68184B9A4240F09480BB6C00228D
S3150800F6BC3B627A62D7E90801FBF7F4FC38643B6CC9
S3150800F6CC002B00F0F780FB6A5B6A1C4A32F8133091
S3150800F6DC1A463B6CB3FBF2F37B63FB6A5A68134618
S3150800F6EC5B0013447A6B9A4205D3FB6A5B681B036F
S3150800F6FC7A6B9A4224D9012387F8473069E000BF10
S3150800F70C00240044F369FFCF00240054003801405C
S3150800F71C0044004000480040004C004000500040A7
S3150800F72C0064004000780040007C004000800040E7
S3150800F73C00680040006C004000840040A81D0108C9
S3150800F74C3B6C0022BB61FA61FB6A5B6A644A32F85D
S3150800F75C13309BB200223B617A61D7E90423D7E9BF
S3150800F76C0601F1F7ABF902460B46104619464FF05F
S3150800F77C00024FF000030B0243EA10630202F96A17
S3150800F78C4968490800200C46054612EB040843EB69
S3150800F79C0509FB6A5B680022BB60FA60D7E902239D
S3150800F7AC40464946F1F78AF902460B461346FB636F
S3150800F7BCFB6BB3F5407F08D3FB6BB3F5801F04D204
S3150800F7CCFB6A1B68FA6BDA6003E0012387F847309B
S3150800F7DC70E06FE0FB6ADB69B3F5004F3CD1BB6C9C
S3150800F7EC00223B607A60D7E90001FBF75BFC3864C2
S3150800F7FC3B6C002B5ED0FB6A5B6A394A32F81330D5
S3150800F80C1A463B6CB3FBF2F35A00FB6A5B685B085F
S3150800F81C1A44FB6A5B68B2FBF3F3FB63FB6B0F2BB7
S3150800F82C16D9FB6BB3F5803F12D2FB6B9BB223F058
S3150800F83C0F037B87FB6B5B089BB203F007039AB23B
S3150800F84C7B8F13437B87FB6A1B687A8FDA6031E000
S3150800F85C012387F847302DE0BB6C00229A46934665
S3150800F86C50465946FBF71EFC38643B6C002B21D0DE
S3150800F87CFB6A5B6A1A4A32F813301A463B6CB3FBBE
S3150800F88CF2F2FB6A5B685B081A44FB6A5B68B2FBBC
S3150800F89CF3F3FB63FB6B0F2B09D9FB6BB3F5803FBB
S3150800F8AC05D2FB6B9AB2FB6A1B68DA6002E001238D
S3150800F8BC87F84730FB6A0122A3F86A20FB6A012203
S3150800F8CCA3F86820FB6A00225A67FB6A00229A672B
S3150800F8DC97F8473018465037BD46BDE8B08F00BF7D
S3150800F8ECA81D010880B483B000AF78607B689B6A5A
S3150800F8FC03F00803002B0AD07B681B685B6823F4AB
S3150800F90C00417B689A6B7B681B680A435A607B6864
S3150800F91C9B6A03F00103002B0AD07B681B685B68A3
S3150800F92C23F400317B68DA6A7B681B680A435A60E1
S3150800F93C7B689B6A03F00203002B0AD07B681B6862
S3150800F94C5B6823F480317B681A6B7B681B680A43F7
S3150800F95C5A607B689B6A03F00403002B0AD07B6809
S3150800F96C1B685B6823F480217B685A6B7B681B6871
S3150800F97C0A435A607B689B6A03F01003002B0AD073
S3150800F98C7B681B689B6823F480517B68DA6B7B6801
S3150800F99C1B680A439A607B689B6A03F02003002B5A
S3150800F9AC0AD07B681B689B6823F400517B681A6C29
S3150800F9BC7B681B680A439A607B689B6A03F0400362
S3150800F9CC002B1AD07B681B685B6823F480117B6854
S3150800F9DC5A6C7B681B680A435A607B685B6CB3F588
S3150800F9EC801F0AD17B681B685B6823F4C0017B689F
S3150800F9FC9A6C7B681B680A435A607B689B6A03F09F
S3150800FA0C8003002B0AD07B681B685B6823F40021F3
S3150800FA1C7B68DA6C7B681B680A435A6000BF0C3734
S3150800FA2CBD465DF8047B704780B598B002AF786028
S3150800FA3C7B680022C3F89020F5F7BEFD78657B68D5
S3150800FA4C1B681B6803F00803082B2FD16FF07E4345
S3150800FA5C00937B6D00224FF40011786800F08EF845
S3150800FA6C0346002B22D07B681B68BB63BB6B53E831
S3150800FA7C003F7B637B6B23F080033B657B681B68CD
S3150800FA8C1A463B6D7B643A64396C7A6C41E8002300
S3150800FA9CFB63FB6B002BE6D17B682022C3F888201E
S3150800FAAC7B68002283F88420032363E07B681B6849
S3150800FABC1B6803F00403042B49D16FF07E430093B3
S3150800FACC7B6D00224FF48001786800F057F80346E6
S3150800FADC002B3CD07B681B687B627B6A53E8003F33
S3150800FAEC3B623B6A23F49073FB647B681B681A467B
S3150800FAFCFB6C3B63FA62F96A3A6B41E80023BB621A
S3150800FB0CBB6A002BE6D17B681B6808333B613B69F3
S3150800FB1C53E8003FFB60FB6823F00103BB647B687A
S3150800FB2C1B680833BA6CFA61BB61B969FA6941E8B2
S3150800FB3C00237B617B69002BE5D17B682022C3F807
S3150800FB4C8C207B68002283F88420032312E07B68D0
S3150800FB5C2022C3F888207B682022C3F88C207B6877
S3150800FB6C0022DA667B6800221A677B68002283F813
S3150800FB7C8420002318465837BD4680BD80B584B00E
S3150800FB8C00AFF860B9603B601346FB714FE0BB6988
S3150800FB9CB3F1FF3F4BD0F5F70FFD02463B68D31A7E
S3150800FBACBA699A4202D3BB69002B01D103234EE0F2
S3150800FBBCFB681B681B6803F00403002B37D0BB6873
S3150800FBCC802B34D0BB68402B31D0FB681B68DB69B3
S3150800FBDC03F00803082B10D1FB681B6808221A626D
S3150800FBECF86800F038F8FB680822C3F89020FB6820
S3150800FBFC002283F88420012329E0FB681B68DB6953
S3150800FC0C03F40063B3F5006F11D1FB681B684FF45E
S3150800FC1C00621A62F86800F01EF8FB682022C3F826
S3150800FC2C9020FB68002283F8842003230FE0FB68EE
S3150800FC3C1B68DA69BB681340BA689A420CBF012381
S3150800FC4C0023DBB21A46FB799A42A0D00023184649
S3150800FC5C1037BD4680BD80B495B000AF78607B6820
S3150800FC6C1B687B637B6B53E8003F3B633B6B23F45E
S3150800FC7C9073FB647B681B681A46FB6C3B64FA63DF
S3150800FC8CF96B3A6C41E80023BB63BB6B002BE6D1DE
S3150800FC9C7B681B6808333B623B6A53E8003FFB6191
S3150800FCACFB6923F0805323F00103BB647B681B6854
S3150800FCBC0833BA6CFA62BB62B96AFA6A41E800237D
S3150800FCCC7B627B6A002BE3D17B68DB6E012B18D138
S3150800FCDC7B681B68FB60FB6853E8003FBB60BB682E
S3150800FCEC23F010037B647B681B681A467B6CBB612C
S3150800FCFC7A617969BA6941E800233B613B69002B53
S3150800FD0CE6D17B682022C3F88C207B680022DA6651
S3150800FD1C7B6800225A6700BF5437BD465DF8047BE2
S3150800FD2C704780B584B000AF78607B68DB6DFB608C
S3150800FD3CF868FFF7D3FB00BF1037BD4680BD80B50A
S3150800FD4C88B000AF78607B681B68FB60FB6853E87B
S3150800FD5C003FBB60BB6823F04003FB617B681B68F4
S3150800FD6C1A46FB69BB617A617969BA6941E800236D
S3150800FD7C3B613B69002BE6D17B682022C3F88820BF
S3150800FD8C7B6800229A677868FFF79EFB00BF2037CE
S3150800FD9CBD4680BD80B483B000AF786000BF0C3719
S3150800FDACBD465DF8047B704780B483B000AF7860BD
S3150800FDBC00BF0C37BD465DF8047B704780B483B032
S3150800FDCC00AF786000BF0C37BD465DF8047B704702
S3150800FDDC80B485B000AF78607B6893F88430012BCB
S3150800FDEC01D1022327E07B68012283F884207B68F3
S3150800FDFC2422C3F888207B681B681B68FB607B6819
S3150800FE0C1B681A687B681B6822F001021A60FB687B
S3150800FE1C23F00053FB607B6800225A667B681B68DC
S3150800FE2CFA681A607B682022C3F888207B6800224F
S3150800FE3C83F88420002318461437BD465DF8047BE6
S3150800FE4C704780B584B000AF786039607B6893F8EA
S3150800FE5C8430012B01D102232DE07B68012283F823
S3150800FE6C84207B682422C3F888207B681B681B685F
S3150800FE7CFB607B681B681A687B681B6822F00102AA
S3150800FE8C1A607B681B689B6823F060417B681B685B
S3150800FE9C3A680A439A60786800F050F87B681B68E1
S3150800FEACFA681A607B682022C3F888207B680022CF
S3150800FEBC83F88420002318461037BD4680BD80B5CC
S3150800FECC84B000AF786039607B6893F88430012B76
S3150800FEDC01D102232DE07B68012283F884207B68FC
S3150800FEEC2422C3F888207B681B681B68FB607B6828
S3150800FEFC1B681A687B681B6822F001021A607B680B
S3150800FF0C1B689B6823F060617B681B683A680A4328
S3150800FF1C9A60786800F012F87B681B68FA681A60B1
S3150800FF2C7B682022C3F888207B68002283F884200B
S3150800FF3C002318461037BD4680BD000080B485B036
S3150800FF4C00AF78607B685B6E002B08D17B6801225A
S3150800FF5CA3F86A207B680122A3F8682031E00823FD
S3150800FF6CFB730823BB737B681B689B685B0EDBB251
S3150800FF7C03F007037B737B681B689B685B0FDBB21C
S3150800FF8C03F007033B73BB7B3A7B11498A5C02FB84
S3150800FF9C03F33A7B0F498A5C93FBF2F39AB27B68BC
S3150800FFACA3F86A20FB7B7A7B09498A5C02FB03F37C
S3150800FFBC7A7B08498A5C93FBF2F39AB27B68A3F8BE
S3150800FFCC682000BF1437BD465DF8047B704700BF38
S3150800FFDCC01D0108C81D010880B48BB000AFF860BD
S3150800FFECB9607A60FB681A68BB687B617B6993FAAF
S3150800FFFCA3F33B613B69BB61BB69002B01D1202391
S3150801000C03E0BB69B3FA83F3DBB25B00032101FAA4
S3150801001C03F3DB431A40BB683B623B6A93FAA3F3CF
S3150801002CFB61FB697B627B6A002B01D1202303E010
S3150801003C7B6AB3FA83F3DBB25B00796801FA03F3E3
S3150801004C1A43FB681A6000BF2C37BD465DF8047B62
S3150801005C704780B485B000AFF860B9607A60FB6808
S3150801006C5A68BB68DB431A40BB68796801FB03F322
S3150801007C1A43FB685A6000BF1437BD465DF8047B0A
S3150801008C704780B48BB000AFF860B9607A60FB68D2
S3150801009C9A68BB687B617B6993FAA3F33B613B69FD
S315080100ACBB61BB69002B01D1202303E0BB69B3FA01
S315080100BC83F3DBB25B00032101FA03F3DB431A403A
S315080100CCBB683B623B6A93FAA3F3FB61FB697B62F0
S315080100DC7B6A002B01D1202303E07B6AB3FA83F3F5
S315080100ECDBB25B00796801FA03F31A43FB689A6081
S315080100FC00BF2C37BD465DF8047B704780B48BB0C6
S3150801010C00AFF860B9607A60FB68DA68BB687B6136
S3150801011C7B6993FAA3F33B613B69BB61BB69002B12
S3150801012C01D1202303E0BB69B3FA83F3DBB25B008D
S3150801013C032101FA03F3DB431A40BB683B623B6AB2
S3150801014C93FAA3F3FB61FB697B627B6A002B01D1F2
S3150801015C202303E07B6AB3FA83F3DBB25B0079688D
S3150801016C01FA03F31A43FB68DA6000BF2C37BD4664
S3150801017C5DF8047B704780B48BB000AFF860B9604A
S3150801018C7A60FB681A6ABB687B617B6993FAA3F38D
S3150801019C3B613B69BB61BB69002B01D1202303E0A1
S315080101ACBB69B3FA83F3DBB29B000F2101FA03F3A4
S315080101BCDB431A40BB683B623B6A93FAA3F3FB61C8
S315080101CCFB697B627B6A002B01D1202303E07B6AE6
S315080101DCB3FA83F3DBB29B00796801FA03F31A438A
S315080101ECFB681A6200BF2C37BD465DF8047B704765
S315080101FC80B48BB000AFF860B9607A60FB685A6A54
S3150801020CBB681B0A7B617B6993FAA3F33B613B6968
S3150801021CBB61BB69002B01D1202303E0BB69B3FA8F
S3150801022C83F3DBB29B000F2101FA03F3DB431A407C
S3150801023CBB681B0A3B623B6A93FAA3F3FB61FB6936
S3150801024C7B627B6A002B01D1202303E07B6AB3FA1C
S3150801025C83F3DBB29B00796801FA03F31A43FB6853
S3150801026C5A6200BF2C37BD465DF8047B704780B5D2
S3150801027C8AB000AF786039603B681B68BB61BB69A3
S3150801028C93FAA3F37B617B69FB61FB69002B01D1B3
S3150801029C202303E0FB69B3FA83F3DBB27B6258E0F4
S315080102AC3B681A6801217B6A01FA03F313403B6226
S315080102BC3B6A002B4AD03B685B68012B03D03B6831
S315080102CC5B68022B0ED13B689B681A46396A7868BB
S315080102DCFFF7D7FE3B6819683B68DB681A467868EE
S315080102ECFFF7B7FE3B681B691A46396A7868FFF748
S315080102FC05FF3B685B68022B21D13B6AFB60FB68F7
S3150801030C93FAA3F3BB60BB683B613B69002B01D134
S3150801031C202303E03B69B3FA83F3DBB2072B07D837
S3150801032C3B685B691A46396A7868FFF724FF06E069
S3150801033C3B685B691A46396A7868FFF759FF3B6867
S3150801034C5B681A46396A7868FFF746FE7B6A013399
S3150801035C7B623B681A687B6A22FA03F3002B9FD1EE
S3150801036C002318462837BD4680BD80B483B000AF3C
S3150801037C78607B681B6803F00103012B01D101230B
S3150801038C00E0002318460C37BD465DF8047B704720
S3150801039C80B483B000AF786039607B681B6823F43E
S315080103AC80523B681A437B681A6000BF0C37BD46FE
S315080103BC5DF8047B704780B483B000AF78607B68C6
S315080103CCDB6803F0805318460C37BD465DF8047B91
S315080103DC704780B483B000AF786039607B683A683F
S315080103EC1A6400BF0C37BD465DF8047B70470000E4
S315080103FC80B586B000AF786039600123FB757868E3
S3150801040CFFF7B3FF0346002B69D17B689A68364B15
S3150801041C13403A6891693A68126A11433A689268C4
S3150801042C0A431A437B689A603B685B693B613B6884
S3150801043C5B68FB607868FFF7BEFFB8603B69B3F190
S3150801044C806F12D1BB68002B03D1FB68B3F5800F03
S3150801045C06D0BB68B3F1805F07D1FB68002B04D1CA
S3150801046C4FF480517868FFF793FF7B68DB6823F0BC
S3150801047C1F5323F4C0233A6851693A68D268114369
S3150801048C3A68126911433A68D26911433A68526853
S3150801049C11433A68126802F4C0220A431A437B686C
S315080104ACDA607B681B6823F400623B681B6803F4FB
S315080104BC00631A437B681A603B681B6AB3F5800FA5
S315080104CC05D13B685B6A19467868FFF782FF7B683A
S315080104DC1B6D23F001027B681A650023FB75FB7DF6
S315080104EC18461837BD4680BDE0FFBF0F80B483B0F0
S315080104FC00AF786039607B683A689A6200BF0C373E
S3150801050CBD465DF8047B704780B483B000AF786054
S3150801051C39607B683A68DA6200BF0C37BD465DF80C
S3150801052C047B704780B483B000AF786039607B6810
S3150801053C3A681A6300BF0C37BD465DF8047B7047F1
S3150801054C80B483B000AF786039607B683A685A63C7
S3150801055C00BF0C37BD465DF8047B704780B483B089
S3150801056C00AF786039607B683A689A6300BF0C37CC
S3150801057CBD465DF8047B704780B483B000AF7860E4
S3150801058C39607B683A68DA6300BF0C37BD465DF89B
S3150801059C047B704780B483B000AF786039607B68A0
S315080105AC3A681A6400BF0C37BD465DF8047B704780
S315080105BC80B483B000AF786039607B689B6C1B0D87
S315080105CC1B053A681A437B689A6400BF0C37BD460B
S315080105DC5DF8047B704780B483B000AF78603960EE
S315080105EC7B683A68DA6400BF0C37BD465DF8047B54
S315080105FC704780B483B000AF78607B685B6943F061
S3150801060C01027B685A6100BF0C37BD465DF8047B55
S3150801061C7047000080B584B000AF786039607B689C
S3150801062C1B68FB607B68714A93422BD07B68704AC6
S3150801063C934227D07B68B3F1804F23D07B68B3F103
S3150801064CA04F1FD07B686B4A93421BD07B686A4AC2
S3150801065C934217D07B68694A934213D07B68684AE0
S3150801066C93420FD07B68674A93420BD07B68664AE4
S3150801067C934207D07B68654A934203D07B68644AE8
S3150801068C934206D1FB6823F070023B685B681343FF
S3150801069CFB607B68554A93425BD07B68544A93420C
S315080106AC57D07B68B3F1804F53D07B68B3F1A04F19
S315080106BC4FD07B684F4A93424BD07B684E4A934244
S315080106CC47D07B684D4A934243D07B684C4A934248
S315080106DC3FD07B684B4A93423BD07B684A4A93424C
S315080106EC37D07B68494A934233D07B68484A934250
S315080106FC2FD07B68474A93422BD07B68464A934254
S3150801070C27D07B68454A934223D07B68444A934257
S3150801071C1FD07B68434A93421BD07B68424A93425B
S3150801072C17D07B68414A934213D07B68404A93425F
S3150801073C0FD07B683F4A93420BD07B683E4A934263
S3150801074C07D07B683D4A934203D07B683C4A934267
S3150801075C06D1FB6823F440723B68DB681343FB60E4
S3150801076C7B68FA681A603B689B6819467868FFF7D4
S3150801077CCBFE3B681B8819467868FFF7B7FE7B6882
S3150801078C1A4A934223D07B68194A93421FD07B6835
S3150801079C1E4A93421BD07B681D4A934217D07B682D
S315080107AC224A934213D07B68214A93420FD07B6825
S315080107BC204A93420BD07B681F4A934207D07B6829
S315080107CC1E4A934203D07B681D4A934205D13B6866
S315080107DC1B6919467868FFF7A5FE7868FFF709FFC4
S315080107EC002318461037BD4680BD00BF002C0140BA
S315080107FC002C015000040040000400500008004081
S3150801080C00080050000C0040000C00500034014058
S3150801081C003401500018004000180050001C00401C
S3150801082C001C0050002000400020005000400140F0
S3150801083C0040015000440140004401500048014069
S3150801084C0048015080B586B000AFF860B9607A608F
S3150801085C0123FB75BB68B3F5801F45D0BB68B3F59F
S3150801086C801F48D8BB68B3F5803F36D0BB68B3F553
S3150801087C803F40D8BB68B3F5805F27D0BB68B3F51A
S3150801088C805F38D8BB68B3F5807F18D0BB68B3F5E1
S3150801089C807F30D8BB68012B03D0BB68102B07D0DF
S315080108AC29E07968F86800F0B1F80346FB7523E08E
S315080108BC7968F86800F048F90346FB751CE0796815
S315080108CCF86800F0E3F90346FB7515E07968F868F2
S315080108DC00F07EFA0346FB750EE07968F86800F0BD
S315080108EC19FB0346FB7507E07968F86800F094FB79
S315080108FC0346FB7500E000BFFB7D18461837BD465D
S3150801090C80BD000080B485B000AF786039600023E3
S3150801091CFB60FB6823F0FF033A68127B1343FB6009
S3150801092CFB6823F440723B689B681343FB60FB68C6
S3150801093C23F480623B685B681343FB60FB6823F412
S3150801094C00623B681B681343FB60FB6823F4805306
S3150801095C3A68D2891343FB60FB6823F400523B685F
S3150801096C1B691343FB60FB6823F480423B68DB6A13
S3150801097C1343FB60FB6823F470223B685B691343E2
S3150801098CFB60FB6823F080523B689B691343FB6051
S3150801099C7B681A4A93420BD07B68194A934207D053
S315080109AC7B68184A934203D07B68174A93421BD13A
S315080109BCFB6823F470023B685B6A1343FB60FB68B4
S315080109CC23F080723B68DB691343FB60FB6823F0F9
S315080109DC00723B681B6A1343FB60FB6823F00052E9
S315080109EC3B689B6A1343FB607B68FA685A6400236D
S315080109FC18461437BD465DF8047B7047002C014038
S31508010A0C002C0150003401400034015080B586B0E9
S31508010A1C00AF786039607B681B6A23F001027B683A
S31508010A2C1A627B681B6A7B617B685B683B617B68C6
S31508010A3C9B69FB60FB6823F00303FB60FB6823F4EB
S31508010A4C803323F070033A6812681343FB607B69A1
S31508010A5C23F002023B681B6913437B617B6923F014
S31508010A6C01023B685B6813437B617B682C4A9342A2
S31508010A7C23D07B682B4A93421FD07B682A4A934220
S31508010A8C1BD07B68294A934217D07B68284A934224
S31508010A9C13D07B68274A93420FD07B68264A934228
S31508010AAC0BD07B68254A934207D07B68244A93422C
S31508010ABC03D07B68234A93421ED17B6923F0080233
S31508010ACC3B685B699B0013437B617B6923F00402DA
S31508010ADC3B689B689B0013437B613B6923F48072DB
S31508010AEC3B689B6913433B613B6923F400723B6882
S31508010AFCDB695B0013433B617B683A695A607B6827
S31508010B0CFA689A613B68DB6819467868FFF718FD3D
S31508010B1C7B687A691A62002318461837BD4680BD68
S31508010B2C002C0140002C01500034014000340150C6
S31508010B3C004001400040015000440140004401506E
S31508010B4C004801400048015080B586B000AF786076
S31508010B5C39607B681B6A23F010027B681A627B6812
S31508010B6C1B6A7B617B685B683B617B689B69FB6085
S31508010B7CFB6823F44073FB60FB6823F0807323F452
S31508010B8CE0433A68126812021343FB607B6923F04F
S31508010B9C20023B681B691B0113437B617B6923F0AC
S31508010BAC10023B685B681B0113437B617B682D4A0A
S31508010BBC934223D07B682C4A93421FD07B682B4ADD
S31508010BCC93421BD07B682A4A934217D07B68294AE1
S31508010BDC934213D07B68284A93420FD07B68274AE5
S31508010BEC93420BD07B68264A934207D07B68254AE9
S31508010BFC934203D07B68244A93421FD17B6923F025
S31508010C0C80023B685B699B0113437B617B6923F01B
S31508010C1C40023B689B689B0113437B613B6923F448
S31508010C2C80623B689B699B0013433B613B6923F4D8
S31508010C3C00623B68DB69DB0013433B617B683A69FD
S31508010C4C5A607B68FA689A613B68DB68194678686A
S31508010C5CFFF784FC7B687A691A62002318461837F1
S31508010C6CBD4680BD002C0140002C015000340140CA
S31508010C7C003401500040014000400150004401403D
S31508010C8C00440150004801400048015080B586B027
S31508010C9C00AF786039607B681B6A23F480727B68C5
S31508010CAC1A627B681B6A7B617B685B683B617B6844
S31508010CBCDB69FB60FB6823F00303FB60FB6823F429
S31508010CCC803323F070033A6812681343FB607B691F
S31508010CDC23F400723B681B691B0213437B617B6916
S31508010CEC23F480723B685B681B0213437B617B6848
S31508010CFC2D4A934223D07B682C4A93421FD07B689A
S31508010D0C2B4A93421BD07B682A4A934217D07B689D
S31508010D1C294A934213D07B68284A93420FD07B68A1
S31508010D2C274A93420BD07B68264A934207D07B68A5
S31508010D3C254A934203D07B68244A93421FD17B6987
S31508010D4C23F400623B685B699B0213437B617B69F5
S31508010D5C23F480623B689B689B0213437B613B6966
S31508010D6C23F480523B689B691B0113433B613B6926
S31508010D7C23F400523B68DB695B0113433B617B68D7
S31508010D8C3A695A607B68FA68DA613B68DB68194626
S31508010D9C7868FFF7F1FB7B687A691A6200231846B3
S31508010DAC1837BD4680BD00BF002C0140002C0150F0
S31508010DBC003401400034015000400140004001500C
S31508010DCC00440140004401500048014000480150CC
S31508010DDC80B586B000AF786039607B681B6A23F4EE
S31508010DEC80527B681A627B681B6A7B617B685B68CD
S31508010DFC3B617B68DB69FB60FB6823F44073FB6032
S31508010E0CFB6823F0807323F4E0433A6812681202F4
S31508010E1C1343FB607B6923F400523B681B691B0374
S31508010E2C13437B617B6923F480523B685B681B0324
S31508010E3C13437B617B682D4A934223D07B682C4AEA
S31508010E4C93421FD07B682B4A93421BD07B682A4A54
S31508010E5C934217D07B68294A934213D07B68284A58
S31508010E6C93420FD07B68274A93420BD07B68264A5C
S31508010E7C934207D07B68254A934203D07B68244A60
S31508010E8C93421FD17B6923F400423B685B699B0340
S31508010E9C13437B617B6923F480423B689B689B0304
S31508010EAC13437B613B6923F480423B689B699B0135
S31508010EBC13433B613B6923F400423B68DB69DB0165
S31508010ECC13433B617B683A695A607B68FA68DA6155
S31508010EDC3B68DB6819467868FFF75CFB7B687A69BF
S31508010EEC1A62002318461837BD4680BD002C0140EE
S31508010EFC002C0150003401400034015000400140DF
S31508010F0C0040015000440140004401500048014092
S31508010F1C0048015080B584B000AF786039607B68B1
S31508010F2C1B6A23F480327B681A627B681B6AFB6036
S31508010F3C7B681B6DBB60BB6823F4803323F070039D
S31508010F4C3A6812681343BB60FB6823F400323B68AA
S31508010F5C1B691B041343FB60FB6823F480323B6853
S31508010F6C5B681B041343FB607B68214A934223D0BD
S31508010F7C7B68204A93421FD07B681F4A93421BD039
S31508010F8C7B681E4A934217D07B681D4A934213D03D
S31508010F9C7B681C4A93420FD07B681B4A93420BD041
S31508010FAC7B681A4A934207D07B68194A934203D045
S31508010FBC7B68184A934209D17B685B6823F48032B3
S31508010FCC3B689B691B021A437B685A607B68BA6843
S31508010FDC1A653B68DB6819467868FFF7E9FA7B6896
S31508010FECFA681A62002318461037BD4680BD00BF41
S31508010FFC002C0140002C01500034014000340150F2
S3150801100C0040014000400150004401400044015099
S3150801101C004801400048015080B584B000AF7860A3
S3150801102C39607B681B6A23F480127B681A627B68B9
S3150801103C1B6AFB607B681B6DBB60BB6823F0807306
S3150801104C23F4E0433A68126812021343BB60FB6847
S3150801105C23F400123B681B691B051343FB60FB68F1
S3150801106C23F480123B685B681B051343FB607B68A2
S3150801107C204A934223D07B681F4A93421FD07B6830
S3150801108C1E4A93421BD07B681D4A934217D07B6834
S3150801109C1C4A934213D07B681B4A93420FD07B6838
S315080110AC1A4A93420BD07B68194A934207D07B683C
S315080110BC184A934203D07B68174A934209D17B6835
S315080110CC5B6823F480223B689B699B021A437B6805
S315080110DC5A607B68BA681A653B68DB681946786892
S315080110ECFFF779FA7B68FA681A62002318461037F3
S315080110FCBD4680BD002C0140002C01500034014036
S3150801110C00340150004001400040015000440140A8
S3150801111C00440150004801400048015080B483B096
S3150801112C00AF78607B681B6C23F000427B681A64FD
S3150801113C7B681B6C43F001027B681A640023184612
S3150801114C0C37BD465DF8047B704784B080B584B016
S3150801115C00AF786007F11C0080E80E007B68002B55
S3150801116C01D1012308E07868FFF7D8FF0346FB7322
S3150801117C7B6800225A64FB7B18461037BD46BDE8CE
S3150801118C804004B0704780B485B000AF78604BF6E8
S3150801119C8073FB607B681A6CFB68DB431A407B68BF
S315080111AC1A64002318461437BD465DF8047B70474C
S315080111BC80B483B000AF78600B46FB70FB78002BCC
S315080111CC06D17B681B6C23F000427B681A640BE022
S315080111DCFB78012B06D17B681B6C43F000427B68BC
S315080111EC1A6401E0012300E0002318460C37BD46BA
S315080111FC5DF8047B704784B080B584B000AF786025
S3150801120C07F11C0080E80E007B6801221A647B68D2
S3150801121C1B6C23F001027B681A6400217868FFF7BE
S3150801122CC7FF0346FB737B6800225A64FB7B18468F
S3150801123C1037BD46BDE8804004B0704780B483B012
S3150801124C00AF78607B689B6D23F400427B689A65D6
S3150801125C002318460C37BD465DF8047B70470244DB
S3150801126C0346934200D1704703F8011BF9E70000C6
S3150801127C014B1868704700BF1000002070B50D4D62
S3150801128C00260D4C641BA410A64209D10B4D002651
S3150801129C0B4C00F053FD641BA410A64205D170BD7E
S315080112AC55F8043B01369847EEE755F8043B0136E9
S315080112BC9847F2E7281E0108281E0108281E01086E
S315080112CC2C1E010800F062B808B52DED048BB0EEA2
S315080112DC608AB0EE409A00F0F7F8F0EE408AB4EE68
S315080112EC488AF1EE10FA3ED6B5EE409AF1EE10FAAE
S315080112FC12D1B5EE408AF1EE10FA39D0B0EE480AA1
S3150801130C00F039F878B3B5EEC08AF1EE10FA2AD5A1
S3150801131CFFF7AEFF222314E000F02DF898B9B0EED2
S3150801132C490A00F028F870B1B0EE480A00F023F823
S3150801133C48B1F4EE688AF1EE10FAE9D7FFF798FF8F
S3150801134C212303600FE0F5EE408AF1EE10FA0AD17B
S3150801135CB0EE490A00F00FF828B1B0EE480A00F0D1
S3150801136C0AF80028D4D1B0EE680ABDEC048B08BD86
S3150801137CF7EE008AF7E710EE103A23F00040B0F1C9
S3150801138CFF4FACBF002001207047000010EE902AD9
S3150801139CF0EE407A22F00041B1F1FF4F10B506D8B4
S315080113AC10EE100A20F00043B3F1FF4F04D977EE83
S315080113BCA07AB0EE670A10BDB2F17E5F03D1BDE823
S315080113CC104000F051BB941704F0020444EAD0749F
S315080113DC3BB9022C5CD0032C9FED327A47FE007A7E
S315080113ECE7E739B90028DFED307A9FED307A67FEE9
S315080113FC277ADEE7B1F1FF4F10D1B3F1FF4F04F1B4
S3150801140CFF3407D1022C46D8294B03EB8403D3EDC1
S3150801141C007ACEE7022C41D8264BF6E7B3F1FF4FFB
S3150801142CE0D05B1AB3F1F45F4FEAE3511ADA002AFA
S3150801143C01DA3C3119DB87EEA00A00F0E9FB00F072
S3150801144C13FBF0EE407A012C12D0022C17D0002C8B
S3150801145CAFD09FED197A77EE877A9FED187A77EEEA
S3150801146CC77AA6E7DFED117AEDE7DFED157AEAE73C
S3150801147C17EE903A03F1004307EE903A99E79FED80
S3150801148C0E7A77EE877A9FED0D7A77EE677A90E783
S3150801149CDFED0A7A8DE7DFED0B7A8AE7DFED087A5D
S315080114AC87E700BFDB0F49C0DB0FC9BFDB0FC93F9D
S315080114BCDC1D0108D01D01082EBDBB33DB0F4940CD
S315080114CC00000000DB0F493F2DE9F84310EE904A66
S315080114DC10EE106A34F000492DED028BB0EE408AFD
S315080114ECF0EE608A0CD186F48006760016F5000FAC
S315080114FC40F2758238EE280ABDEC028BBDE8F883FA
S3150801150C26F00048B8F1FF4F02D8B9F1FF4F08D9B8
S3150801151CB6F17E5FEED184F48004640014F5000FF5
S3150801152CE6E7002E1FDAB9F1974F80F06182B9F11F
S3150801153C7E5F2ED34FEAE953C3F1960349FA03F5B5
S3150801154C05FA03F34B4522D105F00105C5F1020550
S3150801155CB9F17E5F1ED1002C80F24782F7EE007A34
S3150801156C87EE880AC8E7B9F1FF4F10D1B8F17E5F4B
S3150801157C00F0358205D9002C9FEDC20A28FE800A97
S3150801158CBAE7002C80F22E82B1EE680AB4E7002580
S3150801159CDEE70025B4F1804F02D128EE080AABE745
S315080115ACB4F17C5F40F02982002EC0F22682B0EE9F
S315080115BC480ABDEC028BBDE8F84300F0BBBB012D14
S315080115CC9AD1B1EE400A97E7F00F013855EA0003B4
S315080115DC04D138EE488A88EE080A8DE7B9F19A4F94
S315080115EC6CD9A94B984508D8002C0BDA0020BDEC10
S315080115FC028BBDE8F84300F097BBA44B984508D974
S3150801160C002CF3DC0020BDEC028BBDE8F84300F09E
S3150801161C85BBF7EE007ADFED9E6A30EE670AF5EECA
S3150801162C007A20EE007AE0EE676AF6EE007AE6EECC
S3150801163CC07ADFED986A27EE277ADFED977A67EE9F
S3150801164CC77A9FED967AE0EE077AB0EE677AA0EE46
S3150801165C267A17EE103A6FF30B0307EE103AB0EE33
S3150801166C476AA0EE666A77EEC67A013DF7EE006A1E
S3150801167CBFEE008A6FF30B04054367EEA80A08FE52
S3150801168C268A06EE904A38EEE66A67EE267AE6EE82
S3150801169C070A30EEA77A17EE101A002921F0004333
S315080116AC40F3DC80B3F1864F40F2C980B5EEC08AAF
S315080116BCF1EE10FA4CBF0120002098E716F0FF4F07
S315080116CC05BFDFED777A6FF01703002360EE277AF3
S315080116DC08BF17EE907AFA15C7F316077F3A47F043
S315080116EC7E511A446F4B9F4206DD6F4B9F4240F366
S315080116FCA4800132A1F5000100266C4B07EE101AE5
S3150801170CF7EE006A491003EB860341F00051D3ED5D
S3150801171C005A01F58021664B75EE877A37EE656AB4
S3150801172C01EB4651C6EEA74A07EE901A77EEE55A33
S3150801173C37EE657ADFED5F5A26EE245A15EE107AE6
S3150801174C1F4006EE907AA6EEE76A65EE057AA6EED6
S3150801175CC76A9FED597AE7EE875A9FED587A26EEB6
S3150801176C246A67EEA74AA5EEA77ADFED495AE7EE92
S3150801177C275A9FED537AA5EEA77ADFED525AE7EE73
S3150801178C275A35EE267AF0EE087A27EE067AA4EE73
S3150801179CA57AF0EE675AE6EEA65A75EE875A15EE55
S315080117AC901A194005EE901A75EEE77AE6EEE67A86
S315080117BC77EE677A67EE857AE6EE257AB0EE676A92
S315080117CCA6EEA56A16EE101A194006EE101A3E492F
S315080117DCB0EE467A01EB8601A6EEE57ADFED3B5AC9
S315080117EC77EEC77A9FED3A7A67EE877A9FED397A63
S315080117FCE6EE077A91ED007A77EE877A07EE102AEC
S3150801180C354AF8EEC76AB0EE677A02EB860292EDB4
S3150801181C005AA6EE257A37EE057A37EE267A17EEB2
S3150801182C102A1A4007EE102A77EE666A76EEC56A12
S3150801183CE6EE656A77EEE67A17E701265DE751D19A
S3150801184CDFED266A37EE677A70EEA66AF4EEC76A9A
S3150801185CF1EE10FA3FF72AAF862347E0204A934266
S3150801186C07D9B5EEC08AF1EE10FA4CBF012000205B
S3150801187CC9E637D137EE677AB4EEE07AF1EE10FAAB
S3150801188CEADBEEE700000000F3FF7F3F0700803F2D
S3150801189CABAAAA3E00AAB83F3BAAB83F70A5EC363C
S315080118AC0000804B71C41C00D6B35D00F81D0108FD
S315080118BC00F0FFFF55326C3E42F1533E05A38B3EB9
S315080118CCB76DDB3E9A99193FE81D01080038763F3A
S315080118DC4F38763FA0C39D36F01D01083CAA383314
S315080118EC00001643B3F17C5F74D9DB157E3B4FF4CC
S315080118FC0000534A002940FA03F00844C0F3C753C1
S3150801190CA3F17F0342FA03F2C3F1170302EA0002B9
S3150801191CC0F3160040F4000007EE102A40FA03F053
S3150801192C77EEC77AB8BF404277EEA06A9FED457A43
S3150801193C9FED456AB7EE000A16EE903A6FF30B0364
S3150801194C06EE903A76EEE77A70EEE70ADFED3F7A25
S3150801195C66EEA77AE0EE877AB0EE677AA6EE867A15
S3150801196CF0EE475AE6EEC65A9FED396A67EE076AF4
S3150801197C77EEE57ADFED375AA6EEA56ADFED365A2C
S3150801198CE7EE277AE6EE265A9FED346AA5EEA66AA5
S3150801199CDFED335AE6EE265AB0EE476AA5EEE66A4D
S315080119ACF0EE006A67EE065A36EE666AC5EE866A88
S315080119BC76EEE77A77EEC77A30EE670A10EE103ACA
S315080119CC03EBC053B3F5000F06DA00F029F920EE44
S315080119DC080A91E50020A7E700EE103AF7E7B7EEFB
S315080119EC000A89E59FED1F0A86E5B0EE480A83E5EC
S315080119FCB9F1FF4F3FF4BAAD0225B0EE480A474696
S31508011A0C00F006F926F04043B3F17E5F03D0B8F136
S31508011A1C000F7FF4D9AD002CBCBFF7EE007A87EE28
S31508011A2C800A002EBFF668ADA8F17E5858EA05085B
S31508011A3C7FF4C5AD70EE407A87EEA70A5CE500BF68
S31508011A4C000080FF1872313F0072313F8CBEBF35E2
S31508011A5C0EEADDB54CBB313355B38A38610B36BB4F
S31508011A6CABAA2A3E0000000038B510EE105AF0EE6B
S31508011A7C407A25F00044B4F1A14F0FD3B4F1FF4FCE
S31508011A8C04D970EE007AB0EE670A38BD002DDFED89
S31508011A9C4D7A9FED4D7A77FE277AF4E74B4B9C42AC
S31508011AAC10D8B4F1445F0AD29FED497AF7EE006A71
S31508011ABC30EE077AB4EEE67AF1EE10FAE3DC4FF083
S31508011ACCFF3313E000F0A4F8424B9C424FD8A3F520
S31508011ADCD0039C4241D8F0EE007A0023BFEE007A7F
S31508011AECA0EE277A30EE270AC7EE007A9FED3A7AEE
S31508011AFC5A1CDFED3A5A9FED3A5A27EEA76A66EE5B
S31508011B0C066AE6EE875A9FED377AA5EEA67ADFEDD9
S31508011B1C365AE7EE265A9FED357AA5EEA67ADFED0B
S31508011B2C345AE7EE265A9FED337AA6EE875A9FED7D
S31508011B3C327AA5EE267A9FED315AA7EE265A9FEDF3
S31508011B4C307AA5EE267A27EE267AA5EE867A27EE40
S31508011B5C877A21D177EEC77A95E7F7EE007A0123D2
S31508011B6C30EE677A30EE270AC7EE007ABEE7254BC8
S31508011B7C9C420BD8F7EE087A0223B7EE007A70EE80
S31508011B8C676AA0EE277AC6EE877AAFE7BFEE007AC8
S31508011B9C0323C7EE007AA9E71B4A002D1B4902EB62
S31508011BAC830201EB8303D3ED006A37EE667A37EECF
S31508011BBC677AD2ED007A77EEC77AB8BFF1EE677A13
S31508011BCC61E700BFDB0FC9BFDB0FC93FFFFFDF3E74
S31508011BDCCAF24971FFFF973FD769853C59DA4B3DE4
S31508011BEC6BF16EBD356B883D6E2EBA3D2549123E9D
S31508011BFCABAAAA3E21A215BD95879DBD388EE3BD1C
S31508011C0CCDCC4CBEFFFF1B40101E0108001E01085F
S31508011C1C10EE103A23F0004300EE103A704700001C
S31508011C2C10EE103A33F000422AD0B2F1FF4F02D32C
S31508011C3C30EE000A704713F0FF4F22D1234BDFED2C
S31508011C4C247A984220EE270A16DB10EE103AC3F3D3
S31508011C5CC752193A4CF25031884214DDDFED1D7A20
S31508011C6C10EE103ADFED1C6AB0EE677A002B67FEB0
S31508011C7CA67A27EE870A7047DFED187A27EE800ACF
S31508011C8C7047D20DE6E71044FE28E7DC002806DD8E
S31508011C9C23F0FF4343EAC05300EE103A704710F1A4
S31508011CAC160F09DADFED0D7A10EE103ADFED0C6A34
S31508011CBCB0EE677A002BDAE7193023F0FF439FED74
S31508011CCC090A43EAC05307EE903AD7E7B03CFFFF3F
S31508011CDC0000004CCAF24971CAF249F16042A20DE0
S31508011CEC6042A28D0000003310B52DED028BB0EECB
S31508011CFC408A0446FFF7BCFA0460B0EE480ABDEC0C
S31508011D0C028B10BD30B1F1EE407A27EE800A222003
S31508011D1CFFF7EABFF0EE407AF7E700009FED010AFC
S31508011D2CFFF7F0BF000000109FED010AFFF7EABFAD
S31508011D3C00000070B1EEC00A70470000F8B500BF8C
S31508011D4CF8BC08BC9E467047F8B500BFF8BC08BC81
S30908011D5C9E467047D9
S31508011D6000000000040404043838000000000800DC
S31508011D700000080000080000000008000000080034
S31508011D800000000000020406080A0C0E10140000E8
S31508011D90000000000000000001020304060708090C
S31508011DA0000000000102030401000200040006000D
S31508011DB008000A000C001000200040008000000105
S31508011DC001010103070100000804020408010101D9
S31508011DD000000080DB0F4940DB0F49C0DB0F49BF1C
S31508011DE0E4CB1640E4CB16C000000000DCCFD135A9
S31508011DF00000000000C0153F0000803F0000C03F02
S31508011E006937AC3168212233B40F14336821A23300
S31508011E103863ED3EDA0F493F5E987B3FDA0FC93FDB
S30D08011E20D8ECFE7F0100000069
S30908011E28710200082C
S30908011E2C4D0200084C
S31508011E3080E6C5470090D0031000000001000000AD
S31508011E40140000200000000068090020D0090020C5
S31508011E50380A002000000000000000000000000011
S31508011E600000000000000000000000000000000063
S31508011E700000000000000000000000000000000053
S31508011E800000000000000000000000000000000043
S705080054019D
